v -0.48006391525268555 0.18336978554725647 0.0005159970023669302
v 0.10060512274503708 0.23192252218723297 0.0008981243008747697
v -0.1047058179974556 0.0016594487242400646 0.00015704924589954317
v -0.33054643869400024 0.06143403798341751 -6.967500667087734e-05
v -0.45372605323791504 0.12513145804405212 0.00042115425458177924
v 0.23340651392936707 0.1456242799758911 -0.00018315351917408407
v 0.14121368527412415 0.06765004247426987 1.192819036077708e-05
v -0.23240962624549866 0.030334312468767166 -6.67076965328306e-05
v 0.11883579939603806 0.02320338413119316 -2.0336097804829478e-05
v -0.5838058590888977 0.18089990317821503 0.0005926534649915993
v -0.611653208732605 0.17191819846630096 0.0007241921266540885
v 0.2695508897304535 0.16309992969036102 -1.2999772479815874e-05
v 0.2597774267196655 0.21566396951675415 -7.261081191245466e-05
v 0.1809675395488739 0.1489047259092331 0.0001288372732233256
v 0.27455538511276245 0.16475287079811096 6.911293894518167e-05
v 0.24281536042690277 0.23642833530902863 2.6666937628760934e-05
v 0.13204272091388702 0.048726096749305725 -9.882774611469358e-05
v -0.29245996475219727 0.04490172490477562 -7.238704711198807e-05
v -0.0565253384411335 0.1968107968568802 1.9443205019342713e-05
v -0.09364596754312515 0.20358538627624512 -3.6112287489231676e-05
v 0.01634058728814125 0.19749166071414948 -2.8940121410414577e-05
v 0.05217414349317551 -0.018991028890013695 9.449562639929354e-05
v 0.17188264429569244 0.13813994824886322 0.00036484948941506445
v -0.17681927978992462 0.20555326342582703 3.042431126232259e-05
v -0.613396406173706 0.1478355973958969 0.0008394680917263031
v -0.6299538016319275 0.1721739023923874 0.0008599457796663046
v 0.25925758481025696 0.14867715537548065 -6.838514673290774e-05
v 0.267836332321167 0.20947039127349854 2.0286588551243767e-05
v -0.6366249918937683 0.16538071632385254 0.0009205823298543692
v 0.27021628618240356 0.16187556087970734 9.202860383084044e-06
v 0.2028273642063141 0.2715560495853424 -0.00015896340482868254
v 0.20648594200611115 0.15125899016857147 -0.00011377518967492506
v 0.25545623898506165 0.21950413286685944 8.00519046606496e-05
v -0.15635205805301666 0.014327825047075748 -0.019437750801444054
v -0.1331186294555664 0.006851150654256344 -0.026124555617570877
v -0.1412050426006317 0.2052387297153473 -0.02545887418091297
v -0.11524021625518799 0.20204298198223114 -0.028492748737335205
v -0.11223827302455902 0.20660088956356049 -0.00013777957065030932
v -0.1052652895450592 0.013021261431276798 -0.064250148832798
v -0.10243289917707443 0.02915509045124054 -0.07473024725914001
v -0.12751145660877228 0.0316641703248024 -0.0740714743733406
v -0.1290438175201416 0.013644053600728512 -0.0622539259493351
v -0.15641416609287262 0.0188889279961586 -0.060016412287950516
v -0.15739326179027557 0.015200762078166008 -0.03905531018972397
v -0.13534018397331238 0.007272839080542326 -0.04745199531316757
v -0.13697996735572815 0.1684027761220932 -0.06659218668937683
v -0.11416226625442505 0.16633301973342896 -0.06991556286811829
v -0.11067195981740952 0.18826089799404144 -0.051722873002290726
v -0.1384236216545105 0.19172167778015137 -0.04892224818468094
v -0.34533751010894775 0.12852494418621063 -0.06278197467327118
v -0.33119478821754456 0.1448947638273239 -0.06371785700321198
v -0.34071800112724304 0.15328356623649597 -0.044724710285663605
v -0.35232532024383545 0.13722623884677887 -0.037640247493982315
v 0.0322454571723938 -0.01972656510770321 -0.024097129702568054
v 0.016103507950901985 -0.016910579055547714 -0.02969173528254032
v -0.270496129989624 0.20563876628875732 6.264616240514442e-05
v -0.2715625762939453 0.19924797117710114 -0.027009762823581696
v -0.23785240948200226 0.20474909245967865 -0.024430543184280396
v 0.01743146777153015 0.14330840110778809 -0.07666508108377457
v 0.03495343402028084 0.1393566131591797 -0.07881301641464233
v 0.0369318425655365 0.17482687532901764 -0.06424530595541
v 0.024463234469294548 0.1723591387271881 -0.06083235144615173
v -0.2352852076292038 0.1948859691619873 -0.0452863872051239
v -0.26418018341064453 0.1887008398771286 -0.050112370401620865
v -0.2553449273109436 0.17591872811317444 -0.0656939297914505
v -0.23066487908363342 0.1798412799835205 -0.060807257890701294
v 0.023687947541475296 0.19545778632164001 -0.023360131308436394
v 0.023593533784151077 0.18831250071525574 -0.04499175399541855
v 0.03749195858836174 0.1932276487350464 -0.04101982340216637
v 0.03793478012084961 0.19861134886741638 -0.018386585637927055
v 0.07108882814645767 -0.02047562412917614 -0.07600842416286469
v 0.06337970495223999 -0.04222976416349411 -0.07407902926206589
v 0.06758379936218262 -0.04102649539709091 -0.06037342548370361
v 0.07621482759714127 -0.01896241120994091 -0.06247013434767723
v 0.04584279656410217 -0.023954233154654503 -0.02912653051316738
v 0.04520425572991371 -0.047685280442237854 -0.0376979224383831
v 0.033763255923986435 -0.04097393900156021 -0.033005475997924805
v 0.0006031927186995745 -0.0045604947954416275 -0.04058973863720894
v 0.012413982301950455 -0.02709299698472023 -0.03995263949036598
v 0.002332893433049321 -0.021127289161086082 -0.052546434104442596
v -0.013387748971581459 0.00045265303924679756 -0.0520978607237339
v 0.02623089961707592 -0.032695069909095764 -0.08777858316898346
v 0.040330640971660614 -0.043957456946372986 -0.08639408648014069
v 0.039331018924713135 -0.011821769177913666 -0.0920581966638565
v 0.02013884112238884 -0.004744194447994232 -0.09128852933645248
v -0.22957748174667358 0.016694718971848488 -0.07881332188844681
v -0.24709858000278473 -0.0056552039459347725 -0.08102937787771225
v -0.23838026821613312 -0.003347585443407297 -0.06087746471166611
v -0.2221086621284485 0.016675665974617004 -0.0492982380092144
v -0.24661923944950104 0.03482252359390259 -0.01772243343293667
v -0.24961167573928833 0.0021521435119211674 -0.03465195372700691
v -0.2777794897556305 0.005397058092057705 -0.025770066305994987
v -0.2824621796607971 0.03592824935913086 -0.01213240996003151
v -0.3254574239253998 -0.1395377814769745 -0.07775533944368362
v -0.33925923705101013 -0.1386396437883377 -0.0727248340845108
v -0.33684810996055603 -0.15526345372200012 -0.0734049528837204
v -0.32402312755584717 -0.15656113624572754 -0.07918158173561096
v -0.30329734086990356 -0.09757145494222641 -0.06311141699552536
v -0.313821405172348 -0.09792882204055786 -0.0752628743648529
v -0.3122101426124573 -0.10335375368595123 -0.07375853508710861
v -0.304470032453537 -0.10519105195999146 -0.06121174246072769
v -0.3093780279159546 -0.09473171830177307 -0.0463271364569664
v -0.3100228011608124 -0.10459236055612564 -0.0472911074757576
v -0.32406070828437805 -0.10041876137256622 -0.03872311860322952
v -0.3249175548553467 -0.09174199402332306 -0.038667649030685425
v -0.35236966609954834 -0.0909651666879654 -0.046601057052612305
v -0.35259944200515747 -0.0967552438378334 -0.048516932874917984
v -0.3555109202861786 -0.09544247388839722 -0.05500778183341026
v -0.35700950026512146 -0.08713755756616592 -0.05257122591137886
v 0.09120258688926697 -0.008290790021419525 -0.0288525577634573
v 0.10346545279026031 0.004748361185193062 -0.02877133898437023
v 0.10041491687297821 0.0056315138936042786 -0.04906215891242027
v 0.08757859468460083 -0.009648351930081844 -0.05487120524048805
v 0.06782783567905426 0.20078280568122864 -0.048339370638132095
v 0.06596066057682037 0.17474742233753204 -0.0643831118941307
v 0.0791386142373085 0.18909911811351776 -0.06567732989788055
v 0.08091995120048523 0.21209628880023956 -0.0486321784555912
v 0.0670449361205101 0.21024684607982635 -0.02194415219128132
v 0.08275198936462402 0.21717961132526398 -0.027172230184078217
v 0.08105853199958801 0.21606232225894928 0.0005302515346556902
v 0.06535600870847702 0.2111680954694748 0.000151699292473495
v 0.12568792700767517 0.04242639243602753 -0.026247719302773476
v 0.1392228603363037 0.06412261724472046 -0.01931874267756939
v 0.12716147303581238 0.064618319272995 -0.04356631264090538
v 0.11814592778682709 0.040309082716703415 -0.0445609875023365
v 0.10407218337059021 0.10025098919868469 -0.06347426027059555
v 0.11279354244470596 0.08551636338233948 -0.05807435140013695
v 0.13054178655147552 0.12313611805438995 -0.053699642419815063
v 0.1248803362250328 0.13880082964897156 -0.05379126965999603
v 0.10139286518096924 0.2285950928926468 -0.04598738253116608
v 0.10091237723827362 0.2125711888074875 -0.06128446012735367
v 0.12500977516174316 0.23289190232753754 -0.06526061147451401
v 0.11917514353990555 0.25212177634239197 -0.04670342430472374
v 0.11839375644922256 0.25954869389533997 -0.025080064311623573
v 0.10091950744390488 0.23642688989639282 -0.024620087817311287
v -0.06154988706111908 0.1572876125574112 -0.06763985753059387
v -0.057702552527189255 0.13089703023433685 -0.07781379669904709
v -0.03632655739784241 0.13263864815235138 -0.07622245699167252
v -0.029918696731328964 0.15826497972011566 -0.06464522331953049
v -0.20644015073776245 0.03467885032296181 -0.028214724734425545
v -0.20652379095554352 0.03317166119813919 -0.04612252116203308
v -0.21757574379444122 0.02979201078414917 -0.0489097498357296
v -0.22583849728107452 0.03505876287817955 -0.025044433772563934
v -0.05684394761919975 0.19219298660755157 -0.02686638943850994
v -0.06191597506403923 0.1814485490322113 -0.047422856092453
v -0.02235155738890171 0.1813487410545349 -0.04453082010149956
v -0.025930991396307945 0.19119885563850403 -0.021633077412843704
v 0.22143201529979706 0.20987915992736816 -0.0777139738202095
v 0.21261148154735565 0.20108258724212646 -0.08251014351844788
v 0.23292945325374603 0.20158839225769043 -0.07505007088184357
v 0.23487646877765656 0.2093023955821991 -0.07375454902648926
v 0.19206146895885468 0.2730996906757355 -0.024136783555150032
v 0.1879255771636963 0.27528277039527893 -0.013152128085494041
v 0.17493204772472382 0.27893659472465515 -0.016579849645495415
v 0.17865701019763947 0.27729475498199463 -0.028518270701169968
v 0.20239852368831635 0.1541808694601059 -0.010134071111679077
v 0.20575568079948425 0.15739186108112335 -0.01855616644024849
v 0.1919914036989212 0.16253069043159485 -0.022010333836078644
v 0.19271311163902283 0.15661489963531494 -0.011681041680276394
v 0.19254973530769348 0.17092853784561157 -0.035862069576978683
v 0.19068117439746857 0.16706852614879608 -0.029866619035601616
v 0.20080780982971191 0.1635756492614746 -0.026582438498735428
v 0.20380181074142456 0.16674049198627472 -0.03017394244670868
v 0.23834741115570068 0.24501270055770874 -0.00010088052658829838
v 0.2396344095468521 0.24893242120742798 -0.008936826139688492
v 0.24210649728775024 0.23851986229419708 -0.006989731453359127
v -0.16141687333583832 0.14074258506298065 -0.0758332759141922
v -0.1335986703634262 0.14179092645645142 -0.08002428710460663
v -0.16585567593574524 0.16514013707637787 -0.06423494964838028
v 0.2576817572116852 0.15337508916854858 -0.0206779632717371
v 0.2548693120479584 0.15295398235321045 -0.019604569301009178
v 0.2627725899219513 0.1546323299407959 -0.016335515305399895
v 0.2658257782459259 0.15546025335788727 -0.01713801547884941
v -0.34351667761802673 0.056644365191459656 -0.0641486868262291
v -0.3444552421569824 0.05854303762316704 -0.029805688187479973
v -0.33748120069503784 0.0547650083899498 -0.030490318313241005
v -0.33618396520614624 0.03466913104057312 -0.06215408444404602
v -0.3510644733905792 0.10367737710475922 -0.06606456637382507
v -0.3505958318710327 0.08157247304916382 -0.06679893285036087
v -0.3257448971271515 0.09272413700819016 -0.09382963925600052
v -0.326020747423172 0.11905288696289062 -0.08891496807336807
v 0.05956637114286423 -0.01676640287041664 -0.08618327975273132
v 0.07722990214824677 -0.0036617405712604523 -0.07771632075309753
v 0.05929555371403694 0.0031212326139211655 -0.09027758985757828
v 0.08005817234516144 0.1231963112950325 -0.07223353534936905
v 0.07830808311700821 0.15568411350250244 -0.06703095883131027
v 0.06687381863594055 0.14042823016643524 -0.0720314309000969
v 0.07383100688457489 0.10933367162942886 -0.07849865406751633
v 0.09873469173908234 0.1818363070487976 -0.0656791403889656
v 0.09604192525148392 0.14979064464569092 -0.06442272663116455
v 0.12633061408996582 0.17607741057872772 -0.06426036357879639
v 0.12672869861125946 0.20455411076545715 -0.06825431436300278
v -0.2161378711462021 0.13906294107437134 -0.08081033825874329
v -0.19907580316066742 0.12850651144981384 -0.07906839996576309
v -0.20514999330043793 0.15350653231143951 -0.0716828778386116
v -0.21718986332416534 0.15748058259487152 -0.07248557358980179
v -0.0107767004519701 0.025171607732772827 -0.08022276312112808
v -0.01360445749014616 0.047284215688705444 -0.08371537923812866
v -0.024119174107909203 0.04861181601881981 -0.07932168990373611
v -0.025747619569301605 0.02833796665072441 -0.07368423044681549
v 0.1880408525466919 0.19735659658908844 -0.0932803526520729
v 0.20855797827243805 0.18782368302345276 -0.08652538061141968
v 0.19870571792125702 0.20159301161766052 -0.08789943158626556
v 0.1847885102033615 0.216353639960289 -0.08815686404705048
v 0.18561021983623505 0.18939976394176483 -0.052268870174884796
v 0.18609805405139923 0.20228688418865204 -0.05511431768536568
v 0.17600685358047485 0.20425492525100708 -0.05849725008010864
v 0.17629989981651306 0.19219708442687988 -0.05548201501369476
v -0.31675490736961365 0.04842482879757881 -0.011203872971236706
v -0.31637927889823914 0.058839935809373856 -0.00014703757187817246
v 0.049479879438877106 0.20503564178943634 4.8634730774210766e-05
v 0.0349520742893219 0.2001727670431137 -5.378135392675176e-05
v 0.05244031548500061 0.2044462114572525 -0.020172961056232452
v -0.02123549021780491 0.19293968379497528 -3.628191916504875e-05
v -0.00795854814350605 0.19291236996650696 -0.019952116534113884
v -0.303114652633667 0.1953505277633667 -0.021510031074285507
v -0.30183759331703186 0.19969749450683594 4.458348121261224e-05
v -0.32508620619773865 0.17998594045639038 -0.029207531362771988
v -0.3073842525482178 0.008190370164811611 -0.02863198332488537
v -0.32817113399505615 0.017897894605994225 -0.03749402239918709
v -0.32881638407707214 -0.10529086738824844 -0.0787901058793068
v -0.3299105763435364 -0.09434688091278076 -0.07967887073755264
v -0.34065017104148865 -0.09625119715929031 -0.04197927191853523
v -0.34019389748573303 -0.09028367698192596 -0.04151448979973793
v -0.24509720504283905 0.15789751708507538 -0.07869373261928558
v -0.2813374996185303 0.16811269521713257 -0.0689292922616005
v -0.28157326579093933 0.14667947590351105 -0.08624003827571869
v -0.2611607313156128 0.040416475385427475 -0.00017231726087629795
v -0.15476779639720917 0.09012545645236969 -0.08469291776418686
v -0.12957994639873505 0.0860501080751419 -0.08894966542720795
v -0.13131874799728394 0.11291281878948212 -0.08698154985904694
v -0.1577407568693161 0.11471860110759735 -0.08308076113462448
v 0.07124979794025421 0.02923867478966713 -0.08846696466207504
v 0.05904900282621384 0.0711982399225235 -0.09134112298488617
v 0.03952763229608536 0.06803970783948898 -0.09701570123434067
v 0.0404030978679657 0.03731062635779381 -0.0992203950881958
v 0.09707456082105637 0.12021361291408539 -0.06542836129665375
v 0.0902174711227417 0.09483285248279572 -0.07299428433179855
v 0.09506058692932129 0.07133691012859344 -0.0686088502407074
v 0.12367059290409088 0.15289665758609772 -0.0595511868596077
v -0.02459721826016903 0.1053551509976387 -0.08362127840518951
v -0.033737897872924805 0.1085483506321907 -0.08131659030914307
v -0.0269739031791687 0.07685907930135727 -0.0830448642373085
v -0.017765257507562637 0.07082539051771164 -0.08513864129781723
v -0.211758553981781 0.07187600433826447 -0.09236110746860504
v -0.21008460223674774 0.10826028883457184 -0.0899096131324768
v -0.2462606281042099 0.0978221446275711 -0.10053007304668427
v -0.2447606474161148 0.0684700533747673 -0.10075167566537857
v 0.20240357518196106 0.17223386466503143 -0.036241866648197174
v 0.1935003250837326 0.1760062724351883 -0.04132622852921486
v 0.2318914383649826 0.15143340826034546 -0.016014812514185905
v 0.24548986554145813 0.1509431004524231 -0.014528051018714905
v 0.24380038678646088 0.15338784456253052 -0.017732474952936172
v 0.23051564395427704 0.1540817767381668 -0.019332528114318848
v 0.22014668583869934 0.19210126996040344 -0.038761068135499954
v 0.22884565591812134 0.18662866950035095 -0.03483275696635246
v 0.22893939912319183 0.19534912705421448 -0.03595663979649544
v 0.218740314245224 0.2007797360420227 -0.041846826672554016
v 0.2117762416601181 0.1622234582901001 -0.022520124912261963
v 0.2165413349866867 0.15857930481433868 -0.01830010674893856
v 0.19671878218650818 0.1627645492553711 -0.02083306759595871
v 0.20088501274585724 0.16441473364830017 -0.02484811842441559
v 0.24213635921478271 0.1565147340297699 -0.0110965296626091
v 0.250640869140625 0.15732966363430023 -0.010304483585059643
v -0.3096902668476105 -0.11929424852132797 -0.0490834005177021
v -0.3051392436027527 -0.11900566518306732 -0.06202520802617073
v -0.30423638224601746 -0.1372622549533844 -0.06235933676362038
v -0.3075047433376312 -0.13589352369308472 -0.05091750994324684
v -0.31619101762771606 -0.1356499046087265 -0.04238474369049072
v -0.3017202913761139 -0.15070639550685883 -0.051811907440423965
v -0.3128606975078583 -0.15218663215637207 -0.04118334501981735
v -0.31277889013290405 -0.13926775753498077 -0.0739942118525505
v -0.31444084644317627 -0.11847667396068573 -0.07445304840803146
v -0.32945162057876587 -0.12021533399820328 -0.07810230553150177
v -0.337849497795105 -0.15227338671684265 -0.04309556633234024
v -0.34406837821006775 -0.1319175362586975 -0.04667956754565239
v -0.33051833510398865 -0.13457436859607697 -0.04023868963122368
v -0.3251672089099884 -0.14994558691978455 -0.03865376487374306
v -0.2630777657032013 -0.02823508158326149 -0.04977766051888466
v -0.2575874328613281 -0.030212532728910446 -0.06248670071363449
v -0.2754119038581848 -0.04753221198916435 -0.06508330255746841
v -0.2823299765586853 -0.05507775396108627 -0.053704291582107544
v -0.2990442216396332 -0.05585029348731041 -0.044517964124679565
v -0.2966967225074768 -0.07240015268325806 -0.050746358931064606
v -0.31131359934806824 -0.07392184436321259 -0.04277574643492699
v -0.28352704644203186 -0.02747124433517456 -0.09066206216812134
v -0.30036696791648865 -0.05781553313136101 -0.0823061615228653
v -0.2845099866390228 -0.054229963570833206 -0.07528523355722427
v -0.2667655050754547 -0.029806355014443398 -0.07948555052280426
v -0.3397771120071411 -0.05088957026600838 -0.04745609313249588
v -0.3188970983028412 -0.05606983229517937 -0.04088540002703667
v -0.3292653560638428 -0.07376065850257874 -0.03998538851737976
v -0.34666603803634644 -0.06983383744955063 -0.0455750972032547
v 0.036268796771764755 -0.16553345322608948 -0.06876490265130997
v 0.03329361230134964 -0.16475394368171692 -0.06022185832262039
v 0.038568831980228424 -0.17213943600654602 -0.061273958534002304
v 0.04052251577377319 -0.17228615283966064 -0.06952157616615295
v 0.029622137546539307 -0.1439746618270874 -0.045105911791324615
v 0.03475052863359451 -0.15340176224708557 -0.04388967156410217
v 0.029471468180418015 -0.15364550054073334 -0.05110406130552292
v 0.024144360795617104 -0.14393886923789978 -0.051830265671014786
v 0.06432100385427475 -0.1738768219947815 -0.08678150177001953
v 0.0667625367641449 -0.1656222939491272 -0.0883398950099945
v 0.055196329951286316 -0.16455329954624176 -0.08350258320569992
v 0.05626407638192177 -0.17452861368656158 -0.0826750323176384
v 0.032670583575963974 -0.13640619814395905 -0.07503918558359146
v 0.03921398147940636 -0.1376795917749405 -0.07667716592550278
v 0.0387553870677948 -0.12779501080513 -0.07694556564092636
v 0.03227332606911659 -0.12565793097019196 -0.07547225803136826
v 0.06255382299423218 -0.0698099136352539 -0.060340516269207
v 0.0616244375705719 -0.09510382264852524 -0.057679515331983566
v 0.05815630406141281 -0.09129957109689713 -0.048553477972745895
v 0.05914575606584549 -0.0737665668129921 -0.049937862902879715
v 0.03511181101202965 -0.1251882016658783 -0.03629748895764351
v 0.030961520969867706 -0.11038102954626083 -0.03854771703481674
v 0.040407001972198486 -0.11383549869060516 -0.03650395944714546
v 0.04757870361208916 -0.12990932166576385 -0.03602307289838791
v 0.01405383087694645 -0.08319402486085892 -0.06632876396179199
v 0.009054752066731453 -0.05565974861383438 -0.07142268866300583
v 0.007362252101302147 -0.060583751648664474 -0.0647130236029625
v 0.011688285507261753 -0.08464626967906952 -0.06269420683383942
v 0.0475282296538353 -0.12947766482830048 -0.07632915675640106
v 0.05747328698635101 -0.12990088760852814 -0.07171617448329926
v 0.054340653121471405 -0.11120309680700302 -0.07066486775875092
v 0.044669680297374725 -0.11178528517484665 -0.07534303516149521
v -0.08763371407985687 0.002052745083346963 -0.021691149100661278
v -0.052384596318006516 -0.0011304847430437803 -6.451622903114185e-05
v -0.04012120142579079 0.0025830448139458895 -0.035532157868146896
v -0.09414743632078171 0.1998460441827774 -0.02638988383114338
v -0.07337399572134018 0.053898993879556656 -0.08280124515295029
v -0.0810241550207138 0.032322704792022705 -0.07416747510433197
v -0.04821005091071129 0.03367080166935921 -0.07445748150348663
v -0.04077095538377762 0.053957369178533554 -0.08024035394191742
v -0.08250632882118225 0.006476826965808868 -0.047955725342035294
v -0.045551598072052 0.008668210357427597 -0.055833276361227036
v -0.05376400798559189 0.01935470849275589 -0.06702910363674164
v -0.08619865030050278 0.01561813522130251 -0.06565843522548676
v -0.0945293977856636 0.18582001328468323 -0.05109235644340515
v -0.08894336223602295 0.1323714554309845 -0.08298473805189133
v -0.09432173520326614 0.1642635464668274 -0.0685950517654419
v -0.08415704220533371 0.0801369845867157 -0.08713111281394958
v -0.05432284623384476 0.08107449114322662 -0.0849405974149704
v -0.06105973944067955 0.10840125381946564 -0.08467042446136475
v -0.09041770547628403 0.10399260371923447 -0.08745533227920532
v -0.10874203592538834 0.0022982247173786163 -0.019837770611047745
v -0.10895608365535736 0.004017865285277367 -0.04328393191099167
v -0.1718987077474594 0.2017582505941391 -0.023835238069295883
v -0.1696150153875351 0.18863914906978607 -0.04690992832183838
v -0.29716336727142334 0.1849118024110794 -0.045661892741918564
v 0.05485766381025314 0.17489837110042572 -0.06478305906057358
v 0.05352059379220009 0.19634155929088593 -0.040004633367061615
v 0.05924031883478165 -0.04985611140727997 -0.04745667800307274
v 0.06763851642608643 -0.022595126181840897 -0.040373340249061584
v -0.004827907774597406 -0.01974043808877468 -0.06663322448730469
v 0.0003415800165385008 -0.02150917425751686 -0.07667650282382965
v -0.010720251128077507 0.006406604778021574 -0.07655984163284302
v -0.023739144206047058 0.006866862997412682 -0.06325136870145798
v 0.09787056595087051 -0.15633100271224976 -0.07148831337690353
v 0.09366980940103531 -0.1556704193353653 -0.07678409665822983
v 0.10024997591972351 -0.16397441923618317 -0.07889682799577713
v 0.10439013689756393 -0.16482439637184143 -0.07297984510660172
v 0.09129173308610916 0.010373495519161224 -0.06875837594270706
v 0.14166375994682312 0.11072631925344467 -0.04411692172288895
v -0.20146095752716064 0.03718278184533119 -0.06112037971615791
v -0.2109321504831314 0.028970520943403244 -0.06538089364767075
v -0.007543131243437529 0.16348494589328766 -0.061122771352529526
v -0.0009723003022372723 0.18376481533050537 -0.04390157386660576
v 0.227024108171463 0.2171214520931244 -0.07492588460445404
v 0.23511406779289246 0.21734359860420227 -0.07348596304655075
v -0.31375378370285034 0.15600430965423584 -0.06853566318750381
v -0.31916552782058716 0.1655348539352417 -0.05449283495545387
v 0.234272763133049 0.1484970599412918 -0.010613160207867622
v 0.24652031064033508 0.14750179648399353 -0.008401169441640377
v 0.19469472765922546 0.1596452295780182 -0.014981781132519245
v 0.1867436170578003 0.1683889925479889 -0.018021520227193832
v 0.19153040647506714 0.16940473020076752 -0.026153884828090668
v 0.2468326985836029 0.15886779129505157 -0.01698986627161503
v 0.2351226508617401 0.15784941613674164 -0.017658190801739693
v -0.3231923282146454 -0.18725022673606873 -0.044600073248147964
v -0.3277401924133301 -0.1878298968076706 -0.04946165531873703
v -0.30761924386024475 -0.08931702375411987 -0.07314205169677734
v -0.29850253462791443 -0.08482378721237183 -0.060211438685655594
v -0.35731109976768494 -0.07796014845371246 -0.05402132123708725
v -0.3505880832672119 -0.08246205747127533 -0.044948335736989975
v 0.07280295342206955 -0.13764585554599762 -0.06160222738981247
v 0.06857512891292572 -0.13891898095607758 -0.04814232513308525
v 0.0646919384598732 -0.13032066822052002 -0.04939354211091995
v 0.06702394783496857 -0.13247379660606384 -0.06338676810264587
v 0.01756640151143074 -0.12494172155857086 -0.051451943814754486
v 0.02011064812541008 -0.13392844796180725 -0.05080338567495346
v 0.017300471663475037 -0.13387686014175415 -0.05937245488166809
v 0.016045618802309036 -0.12253406643867493 -0.060481805354356766
v 0.06174151971936226 -0.1128770038485527 -0.06116083636879921
v 0.014768259599804878 -0.1080397367477417 -0.05556076020002365
v 0.013588942587375641 -0.10358812659978867 -0.06277655065059662
v -0.011948073282837868 -0.0024850121699273586 -5.35489380126819e-05
v 0.050825610756874084 0.13864855468273163 -0.07616937905550003
v 0.015205253846943378 0.1075301244854927 -0.08983516693115234
v -0.0029534264467656612 0.13870057463645935 -0.0785350650548935
v -0.0069742887280881405 0.10762063413858414 -0.08674656599760056
v 0.009294379502534866 0.1696372777223587 -0.05997272953391075
v 0.010859960690140724 0.18562999367713928 -0.043410610407590866
v 0.020648276433348656 -0.03434015065431595 -0.0336025208234787
v 0.05034167319536209 -0.07553154230117798 -0.04222068935632706
v 0.05283923074603081 -0.04347369074821472 -0.08249581605195999
v 0.026036981493234634 -0.06483566015958786 -0.07816015928983688
v 0.011486271396279335 -0.03111819177865982 -0.08273690938949585
v 0.015619217418134212 -0.06498672068119049 -0.07339686900377274
v 0.09506866335868835 -0.1632663905620575 -0.04079729691147804
v 0.09006056189537048 -0.15767109394073486 -0.041817907243967056
v 0.09432680159807205 -0.15741832554340363 -0.04610172659158707
v 0.10017573833465576 -0.16416926681995392 -0.04579321667551994
v 0.06901346892118454 -0.15176120400428772 -0.0806504413485527
v 0.0636313408613205 -0.15415403246879578 -0.08237287402153015
v 0.07251930981874466 -0.15382209420204163 -0.08347339183092117
v 0.07781868427991867 -0.15269847214221954 -0.0809740275144577
v 0.0207588579505682 0.014208256267011166 -0.09516016393899918
v 0.00481104850769043 0.021579314023256302 -0.09100764244794846
v 0.005875338334590197 0.0037190401926636696 -0.08623192459344864
v 0.008884528651833534 0.19353632628917694 -0.024089625105261803
v 0.0187339186668396 0.042001910507678986 -0.0970863401889801
v 0.014775197952985764 0.07103866338729858 -0.09591328352689743
v -0.007403785362839699 0.07448585331439972 -0.09005167335271835
v -0.0011322502978146076 0.04641484096646309 -0.09120035916566849
v 0.058300141245126724 0.10418785363435745 -0.08643245697021484
v 0.07679162919521332 0.07797081768512726 -0.08224447816610336
v 0.03575429692864418 -0.13580983877182007 -0.03766728192567825
v 0.027008796110749245 -0.13633669912815094 -0.043882980942726135
v 0.02698654495179653 -0.12585490942001343 -0.04146381840109825
v 0.04740117862820625 -0.16523636877536774 -0.07897548377513885
v 0.04977083206176758 -0.17273348569869995 -0.07957792282104492
v 0.049376361072063446 -0.13900122046470642 -0.07683636248111725
v 0.06174125522375107 -0.13910973072052002 -0.07324131578207016
v 0.03714738041162491 -0.14625820517539978 -0.07596153765916824
v 0.03088427521288395 -0.14494626224040985 -0.07251033186912537
v 0.03588563948869705 -0.1569008082151413 -0.07221495360136032
v 0.04375272989273071 -0.15847410261631012 -0.0770009458065033
v 0.05178241431713104 -0.11337491124868393 -0.04083770513534546
v 0.0590272955596447 -0.10826277732849121 -0.048373475670814514
v 0.057836197316646576 -0.1317380666732788 -0.041092731058597565
v 0.028321169316768646 -0.07265183329582214 -0.03651138022542
v 0.029784901067614555 -0.09396769851446152 -0.03930944576859474
v 0.021086236461997032 -0.08867194503545761 -0.04571565240621567
v 0.015789005905389786 -0.06605362892150879 -0.046409931033849716
v 0.029616184532642365 -0.1056860014796257 -0.07426116615533829
v 0.02209293283522129 -0.10422414541244507 -0.07037204504013062
v 0.025411780923604965 -0.1237279623746872 -0.0716068297624588
v 0.05704287067055702 -0.0904473066329956 -0.06816569715738297
v 0.05934710055589676 -0.06567823141813278 -0.07139497250318527
v 0.04995306581258774 -0.07115461677312851 -0.07744884490966797
v 0.04767487198114395 -0.09519479423761368 -0.07452568411827087
v -0.3434889614582062 0.16798071563243866 -0.022746216505765915
v -0.3461626172065735 0.1758086234331131 9.436365508008748e-05
v -0.351238876581192 0.15962043404579163 -0.02285953424870968
v -0.3634009063243866 0.13123491406440735 -0.02191273123025894
v -0.3578642010688782 0.11028483510017395 -0.035728853195905685
v -0.3775803744792938 0.16071633994579315 -0.016500236466526985
v -0.37864354252815247 0.14794062077999115 -0.023879539221525192
v -0.3624635636806488 0.14551755785942078 -0.024958359077572823
v -0.36048901081085205 0.15626661479473114 -0.01836578920483589
v -0.4494330883026123 0.1737549602985382 -0.018282681703567505
v -0.4599449038505554 0.15470458567142487 -0.027846641838550568
v -0.42534491419792175 0.15306705236434937 -0.027320880442857742
v -0.4191596806049347 0.17032763361930847 -0.01885039731860161
v -0.4941592812538147 0.1764180064201355 -0.019168272614479065
v -0.5040463209152222 0.15742087364196777 -0.028446249663829803
v -0.5428071618080139 0.17533861100673676 -0.020555146038532257
v -0.5543267130851746 0.15718607604503632 -0.026141876354813576
v -0.5732306241989136 0.17622476816177368 -0.016283098608255386
v -0.5842902660369873 0.15785379707813263 -0.022747959941625595
v -0.5966039896011353 0.17201440036296844 -0.01360187865793705
v -0.6029306054115295 0.15834160149097443 -0.018183955922722816
v -0.6100362539291382 0.168598935008049 -0.01028327364474535
v -0.6118143796920776 0.15970291197299957 -0.015464138239622116
v -0.6275911927223206 0.16806824505329132 -0.008780286647379398
v -0.6290987730026245 0.15865254402160645 -0.012158947065472603
v 0.020678501576185226 -0.12084944546222687 -0.06780008226633072
v 0.018262717872858047 -0.10200824588537216 -0.06679949164390564
v 0.03763357549905777 -0.10845723748207092 -0.07602845877408981
v 0.022094765678048134 -0.10739387571811676 -0.046669501811265945
v 0.03991842269897461 -0.09542359411716461 -0.038245733827352524
v 0.04988584667444229 -0.09417302906513214 -0.0411720909178257
v 0.037617869675159454 -0.0901523157954216 -0.07686370611190796
v 0.02793610468506813 -0.08759665489196777 -0.0746624544262886
v 0.012853649444878101 -0.08967754989862442 -0.055482830852270126
v 0.019303254783153534 -0.0859835147857666 -0.07008707523345947
v 0.159662663936615 0.2798522412776947 -0.03561368212103844
v 0.1417330503463745 0.2682685852050781 -0.0504731722176075
v 0.1552777886390686 0.2742549777030945 -0.050996359437704086
v 0.17021524906158447 0.2792660593986511 -0.04130972549319267
v 0.18101391196250916 0.27324220538139343 -0.037483226507902145
v 0.19760577380657196 0.26803407073020935 -0.036294352263212204
v 0.1776784062385559 0.2670153081417084 -0.06958997249603271
v 0.1531287133693695 0.2507786750793457 -0.06443323194980621
v 0.17744717001914978 0.24457724392414093 -0.08166084438562393
v 0.18315941095352173 0.27857422828674316 -0.0540669783949852
v 0.19124272465705872 0.27619171142578125 -0.043463028967380524
v 0.20614665746688843 0.2725110948085785 -0.04520881175994873
v 0.19669471681118011 0.2531260550022125 -0.050838541239500046
v 0.21200460195541382 0.24833142757415771 -0.05495047569274902
v 0.2052627056837082 0.23381826281547546 -0.05569411441683769
v 0.1853857934474945 0.25240230560302734 -0.05290001258254051
v 0.17721515893936157 0.24697497487068176 -0.06398919224739075
v 0.1894662082195282 0.22962656617164612 -0.060848988592624664
v 0.17701631784439087 0.22260242700576782 -0.07386323809623718
v 0.17437197268009186 0.24183377623558044 -0.06768294423818588
v 0.1624102145433426 0.23380807042121887 -0.06490493565797806
v 0.1685648113489151 0.2395893931388855 -0.06680379062891006
v 0.16952162981033325 0.24273289740085602 -0.07152798026800156
v 0.19187681376934052 0.2405080795288086 -0.08193205296993256
v 0.19050373136997223 0.2214691936969757 -0.08668425679206848
v 0.2027425467967987 0.25748175382614136 -0.07149916142225266
v 0.20559214055538177 0.2739197313785553 -0.057444602251052856
v 0.22119154036045074 0.26201939582824707 -0.0616561695933342
v 0.22096115350723267 0.23222175240516663 -0.060581568628549576
v 0.22242921590805054 0.2161799669265747 -0.06356477737426758
v 0.2094757854938507 0.20862996578216553 -0.06446519494056702
v 0.1997164785861969 0.20075643062591553 -0.0716700553894043
v 0.17195291817188263 0.24208500981330872 -0.0769505575299263
v 0.20008188486099243 0.21458572149276733 -0.08553413301706314
v 0.20500195026397705 0.222394660115242 -0.08124063909053802
v 0.21549011766910553 0.22970575094223022 -0.07710608839988708
v 0.22091352939605713 0.2506848871707916 -0.06944706290960312
v 0.2280980348587036 0.248945415019989 -0.06878279894590378
v 0.231099933385849 0.22415295243263245 -0.06668824702501297
v 0.23955249786376953 0.21998301148414612 -0.06934885680675507
v 0.24253901839256287 0.2137051820755005 -0.07012183219194412
v 0.23559090495109558 0.2116052508354187 -0.06781277805566788
v 0.19543620944023132 0.24890169501304626 -0.058945734053850174
v 0.18976987898349762 0.2502201795578003 -0.06137092411518097
v 0.18442273139953613 0.24629613757133484 -0.0669899731874466
v 0.1864594668149948 0.2433507740497589 -0.06631705909967422
v 0.16986088454723358 0.22043801844120026 -0.06073286011815071
v 0.17774131894111633 0.23304980993270874 -0.06390438973903656
v 0.17313235998153687 0.23719064891338348 -0.06472424417734146
v 0.16723161935806274 0.2278866320848465 -0.06388147175312042
v 0.16974209249019623 0.23764649033546448 -0.06607534736394882
v 0.1684344857931137 0.23599697649478912 -0.0654037818312645
v 0.17175887525081635 0.24009062349796295 -0.06867382675409317
v 0.17415916919708252 0.2370154857635498 -0.07860483229160309
v 0.1925758719444275 0.19138652086257935 -0.09139291197061539
v 0.21245180070400238 0.18366879224777222 -0.0840720683336258
v 0.23835739493370056 0.19717155396938324 -0.07389567792415619
v 0.24093811213970184 0.2065373659133911 -0.07270054519176483
v 0.2409578114748001 0.2162332534790039 -0.0725267305970192
v 0.23950932919979095 0.22372236847877502 -0.07197681069374084
v 0.23035463690757751 0.23836512863636017 -0.0687752440571785
v 0.2324940264225006 0.23251135647296906 -0.07278174161911011
v 0.21626953780651093 0.259954035282135 -0.05389022454619408
v 0.20539529621601105 0.25811105966567993 -0.04502870887517929
v 0.17399677634239197 0.23931488394737244 -0.06991993635892868
v 0.1751842051744461 0.23125509917736053 -0.07618267834186554
v 0.19170896708965302 0.19034942984580994 -0.08386663347482681
v 0.20546069741249084 0.18455442786216736 -0.08022861927747726
v 0.2329370528459549 0.1941467523574829 -0.07077831774950027
v 0.24047443270683289 0.204240083694458 -0.06898055970668793
v -0.32031020522117615 -0.1709386110305786 -0.08159872144460678
v -0.3353292644023895 -0.1692330688238144 -0.07382765412330627
v -0.3291778266429901 -0.177310511469841 -0.07744051516056061
v -0.3087075352668762 -0.1806473284959793 -0.0900934487581253
v -0.31431877613067627 -0.180391326546669 -0.08694212883710861
v -0.30972781777381897 -0.19237910211086273 -0.08913058787584305
v -0.30403241515159607 -0.19266420602798462 -0.09206732362508774
v -0.30081942677497864 -0.16400839388370514 -0.07698919624090195
v -0.285066694021225 -0.16737481951713562 -0.08322063833475113
v -0.2792166471481323 -0.1661553978919983 -0.07556067407131195
v -0.2936681807041168 -0.16253893077373505 -0.07070712745189667
v -0.2756478190422058 -0.16499143838882446 -0.05864851176738739
v -0.2891901433467865 -0.16189107298851013 -0.052379414439201355
v -0.28988924622535706 -0.16073225438594818 -0.06352245807647705
v -0.27374181151390076 -0.16549532115459442 -0.06818846613168716
v -0.29947054386138916 -0.16866429150104523 -0.040099918842315674
v -0.2820982336997986 -0.16994576156139374 -0.04409930855035782
v -0.2886144816875458 -0.17668727040290833 -0.03891891613602638
v -0.2963893711566925 -0.1769700050354004 -0.03761819750070572
v -0.31112751364707947 -0.1559753268957138 -0.0765184685587883
v -0.29944759607315063 -0.1523246467113495 -0.0648951455950737
v -0.19040480256080627 0.024672981351614 -0.022052761167287827
v -0.18756631016731262 0.02387871779501438 0.00021634811128024012
v -0.18777680397033691 0.03232680261135101 -0.06362324953079224
v -0.15657281875610352 0.03921942785382271 -0.07387761026620865
v -0.17899183928966522 0.04859033599495888 -0.07456420361995697
v -0.10121303796768188 0.051819007843732834 -0.08304105699062347
v -0.189628005027771 0.024364270269870758 -0.04323698580265045
v -0.10932908207178116 0.13979339599609375 -0.08191263675689697
v -0.18117062747478485 0.11758524179458618 -0.07945530861616135
v -0.18575340509414673 0.142588272690773 -0.07284525781869888
v -0.10725124180316925 0.08206859976053238 -0.08886941522359848
v -0.1080019623041153 0.10906106978654861 -0.08765522390604019
v -0.17800739407539368 0.06953570246696472 -0.07800300419330597
v -0.15396982431411743 0.06133545935153961 -0.0809246078133583
v -0.17998813092708588 0.09549067169427872 -0.07938724756240845
v -0.19062292575836182 0.16933465003967285 -0.061305612325668335
v -0.1931474655866623 0.19105000793933868 -0.044558051973581314
v 0.21751707792282104 0.18147042393684387 -0.03739079460501671
v 0.22798298299312592 0.17585489153862 -0.03428644314408302
v 0.19503943622112274 0.18292932212352753 -0.0448606014251709
v 0.2044595181941986 0.1763405054807663 -0.03884253650903702
v 0.20615075528621674 0.18402864038944244 -0.04186287894845009
v 0.19759301841259003 0.19630135595798492 -0.04867679625749588
v 0.20955507457256317 0.20887254178524017 -0.049895741045475006
v 0.20951902866363525 0.19614993035793304 -0.04488823935389519
v 0.1867433339357376 0.21392522752285004 -0.05687325447797775
v 0.19073593616485596 0.22689521312713623 -0.062025588005781174
v 0.1823740452528 0.23078005015850067 -0.06266702711582184
v 0.1766199767589569 0.2174682766199112 -0.05874485522508621
v 0.07265367358922958 -0.17460298538208008 -0.08880411088466644
v 0.07860124111175537 -0.17340010404586792 -0.08926321566104889
v 0.07752945274114609 -0.16494928300380707 -0.0895923376083374
v 0.10075471550226212 -0.16395141184329987 -0.049376923590898514
v 0.10438696295022964 -0.1639409065246582 -0.05226268619298935
v 0.10487416386604309 -0.17246314883232117 -0.05240935832262039
v 0.10167732834815979 -0.17385394871234894 -0.04984214901924133
v 0.1037326455116272 -0.17637857794761658 -0.06529882550239563
v 0.10672181099653244 -0.17431341111660004 -0.06504654884338379
v 0.10400006175041199 -0.1632799208164215 -0.06530629843473434
v 0.10497045516967773 -0.16640686988830566 -0.06570756435394287
v 0.09962250292301178 -0.15590693056583405 -0.06349008530378342
v 0.09969289600849152 -0.1586609035730362 -0.06580232828855515
v 0.09235623478889465 -0.16727446019649506 -0.0823749527335167
v 0.09575001150369644 -0.16450592875480652 -0.08048974722623825
v 0.09053473174571991 -0.15673388540744781 -0.07919105142354965
v 0.08537488430738449 -0.16046665608882904 -0.08247799426317215
v 0.07716275751590729 -0.14862562716007233 -0.07384698837995529
v 0.08034376800060272 -0.14690285921096802 -0.06941091269254684
v 0.10419195890426636 -0.16601455211639404 -0.06663189083337784
v 0.10493076592683792 -0.16673260927200317 -0.06900303065776825
v 0.10465357452630997 -0.17485187947750092 -0.06907173246145248
v 0.1031971275806427 -0.17615510523319244 -0.066382497549057
v 0.09793559461832047 -0.1739606112241745 -0.08021567761898041
v 0.09228522330522537 -0.1769409030675888 -0.08028307557106018
v 0.0997224971652031 -0.162265807390213 -0.04823606461286545
v 0.0946543738245964 -0.15662114322185516 -0.04812482371926308
v 0.0964793711900711 -0.15847834944725037 -0.04940517246723175
v 0.10140752792358398 -0.16523009538650513 -0.04900377243757248
v 0.1026064082980156 -0.17126040160655975 -0.04822913557291031
v 0.10099349170923233 -0.17479868233203888 -0.048637401312589645
v 0.09090084582567215 -0.16698512434959412 -0.07889115065336227
v 0.09229715913534164 -0.16563253104686737 -0.08191140741109848
v 0.09220736473798752 -0.17451821267604828 -0.08208268880844116
v 0.09041108936071396 -0.17749734222888947 -0.0811273381114006
v 0.2241579294204712 0.2176344096660614 -0.04325844720005989
v 0.2223937064409256 0.22055014967918396 -0.04357314854860306
v 0.21980375051498413 0.21746587753295898 -0.04765985906124115
v 0.22196991741657257 0.21168558299541473 -0.0442049577832222
v 0.22314545512199402 0.23299728333950043 -0.04924502223730087
v 0.21629780530929565 0.2222619354724884 -0.052171461284160614
v 0.22136448323726654 0.2230502814054489 -0.046078890562057495
v 0.22576867043972015 0.2293407917022705 -0.04544120654463768
v 0.22677673399448395 0.21297688782215118 -0.03816787526011467
v 0.22649237513542175 0.20726747810840607 -0.037852995097637177
v 0.23031358420848846 0.20827075839042664 -0.032428957521915436
v 0.22840626537799835 0.21509698033332825 -0.03208821639418602
v 0.23797830939292908 0.23936085402965546 -0.027125930413603783
v 0.2374339997768402 0.23686067759990692 -0.022823844105005264
v 0.23971298336982727 0.23822695016860962 -0.019991567358374596
v 0.24054425954818726 0.24507282674312592 -0.024606499820947647
v 0.28894227743148804 0.18851099908351898 -0.008270218037068844
v 0.2872456908226013 0.19306884706020355 -0.010521374642848969
v 0.2829379737377167 0.19242900609970093 -0.012516135349869728
v 0.284750372171402 0.18906767666339874 -0.011304927989840508
v 0.275328129529953 0.18731512129306793 -0.017061874270439148
v 0.27492833137512207 0.18830829858779907 -0.01729968562722206
v 0.2717689275741577 0.18913179636001587 -0.019578661769628525
v 0.09068584442138672 -0.14943620562553406 -0.05415653809905052
v 0.09198278933763504 -0.14937102794647217 -0.059915199875831604
v 0.10043357312679291 -0.15516090393066406 -0.06031027436256409
v 0.09892580658197403 -0.15499843657016754 -0.05441690981388092
v 0.08247371762990952 -0.15383373200893402 -0.04254288598895073
v 0.07701097428798676 -0.1515524536371231 -0.043026842176914215
v 0.08065744489431381 -0.15049465000629425 -0.04581703245639801
v 0.08713462948799133 -0.15252283215522766 -0.04674900695681572
v 0.044891323894262314 -0.17237797379493713 -0.0756869912147522
v 0.04125109314918518 -0.16571840643882751 -0.07511391490697861
v 0.07923286408185959 -0.15707042813301086 -0.08591694384813309
v 0.08445890992879868 -0.15635156631469727 -0.0825972780585289
v 0.09149880707263947 -0.15240350365638733 -0.05038103833794594
v 0.09931588172912598 -0.15730729699134827 -0.05186763405799866
v 0.09632588922977448 -0.1578596830368042 -0.04931363835930824
v 0.09151389449834824 -0.15351904928684235 -0.0490737110376358
v 0.09293893724679947 -0.1513914316892624 -0.06611065566539764
v 0.09997950494289398 -0.15810821950435638 -0.06754255294799805
v 0.0993439331650734 -0.1572534143924713 -0.06511882692575455
v 0.09330788254737854 -0.1518002450466156 -0.06440889090299606
v 0.08159217983484268 -0.15486331284046173 -0.07386143505573273
v 0.08087117969989777 -0.1525510996580124 -0.0796087309718132
v 0.08900872617959976 -0.15753591060638428 -0.07826817035675049
v 0.0843675434589386 -0.162483811378479 -0.07584237307310104
v 0.173703134059906 0.22732092440128326 -0.0811120793223381
v 0.17502307891845703 0.22956381738185883 -0.08109650760889053
v 0.17635639011859894 0.22027364373207092 -0.08484043926000595
v 0.22225473821163177 0.24681350588798523 -0.060981329530477524
v 0.18107174336910248 0.19872920215129852 -0.08590663969516754
v 0.22399091720581055 0.22409199178218842 -0.040920618921518326
v 0.22763089835643768 0.2283421903848648 -0.03981826454401016
v 0.2257971167564392 0.22607530653476715 -0.04049462825059891
v 0.22418014705181122 0.2239893227815628 -0.04084933176636696
v 0.22232846915721893 0.2239406406879425 -0.03770123049616814
v 0.22448474168777466 0.22342751920223236 -0.037180714309215546
v 0.22393375635147095 0.22275295853614807 -0.03805059939622879
v 0.222556933760643 0.22368180751800537 -0.038318876177072525
v 0.228061705827713 0.2229471057653427 -0.02957320213317871
v 0.22928756475448608 0.2235523909330368 -0.02632066234946251
v 0.22845149040222168 0.22401238977909088 -0.02720479667186737
v 0.22745893895626068 0.22287949919700623 -0.03002513386309147
v 0.23415130376815796 0.2251991629600525 -0.019406147301197052
v 0.23569874465465546 0.21964187920093536 -0.018910877406597137
v 0.23982058465480804 0.21865546703338623 -0.017174871638417244
v 0.2384057641029358 0.22430633008480072 -0.016009025275707245
v 0.23473304510116577 0.2336176335811615 -0.024906860664486885
v 0.23483195900917053 0.23518085479736328 -0.02933589182794094
v 0.23188042640686035 0.23292499780654907 -0.0334746390581131
v 0.22907377779483795 0.2309621125459671 -0.037021294236183167
v 0.23138336837291718 0.23283913731575012 -0.03660137578845024
v 0.23286940157413483 0.23602677881717682 -0.0328102670609951
v 0.22727254033088684 0.22785606980323792 -0.04164092615246773
v 0.2294449657201767 0.23368871212005615 -0.04236811399459839
v 0.22439022362232208 0.22472278773784637 -0.043074000626802444
v 0.22378653287887573 0.22202886641025543 -0.04036925733089447
v 0.22484876215457916 0.22102969884872437 -0.037257831543684006
v 0.23353396356105804 0.23437723517417908 -0.03305814042687416
v 0.23658017814159393 0.2406759113073349 -0.03259759768843651
v 0.23338037729263306 0.23795358836650848 -0.03748514875769615
v 0.2308419644832611 0.2314816415309906 -0.03738081455230713
v -0.4715266823768616 0.13337212800979614 -0.018304839730262756
v -0.43380728363990784 0.13367745280265808 -0.020754456520080566
v -0.51784348487854 0.13584358990192413 -0.01773957908153534
v -0.5649771690368652 0.13828328251838684 -0.016331961378455162
v -0.5929524302482605 0.14251677691936493 -0.014082219451665878
v -0.6077704429626465 0.14792200922966003 -0.011106514371931553
v -0.6142886877059937 0.15221384167671204 -0.01133346650749445
v -0.6299311518669128 0.15172575414180756 -0.0075286515057086945
v -0.12957750260829926 0.057072099298238754 -0.08380986005067825
v -0.2919815480709076 0.09807489812374115 -0.10181569308042526
v -0.2914966344833374 0.12542586028575897 -0.0946858823299408
v 0.04013220965862274 0.10752464830875397 -0.08931320905685425
v -0.35202598571777344 0.08091691881418228 -0.033194106072187424
v 0.2133135050535202 0.17345412075519562 -0.03537341207265854
v 0.21027371287345886 0.1688518524169922 -0.029833396896719933
v 0.19928772747516632 0.17134296894073486 -0.02977163903415203
v 0.225039541721344 0.15470927953720093 -0.010918381623923779
v 0.08694751560688019 0.04662007838487625 -0.0767783373594284
v 0.281770795583725 0.19710198044776917 -0.011773128993809223
v 0.2763628363609314 0.19602617621421814 -0.014268377795815468
v 0.2255762368440628 0.20216533541679382 -0.038021206855773926
v 0.21921026706695557 0.2071244716644287 -0.043946366757154465
v 0.22249680757522583 0.16996194422245026 -0.033401161432266235
v 0.23329874873161316 0.15938299894332886 -0.021314462646842003
v 0.24593107402324677 0.15941156446933746 -0.020671740174293518
v 0.24776935577392578 0.15533503890037537 -0.01883927546441555
v 0.23112332820892334 0.1564592868089676 -0.02135087177157402
v 0.23436737060546875 0.1574244499206543 -0.02202989161014557
v 0.24819956719875336 0.15701472759246826 -0.019706111401319504
v 0.2372397929430008 0.1580525040626526 -0.022267155349254608
v 0.2541680932044983 0.15020176768302917 -0.010716528631746769
v 0.25334563851356506 0.1533692479133606 -0.015409907326102257
v 0.21195237338542938 0.15963497757911682 -0.022842712700366974
v 0.21728643774986267 0.15396662056446075 -0.018476000055670738
v 0.21811693906784058 0.1501903086900711 -0.010769715532660484
v 0.25470206141471863 0.14802372455596924 -0.0055588362738490105
v 0.21383942663669586 0.16323032975196838 -0.025565916672348976
v 0.2588493227958679 0.15567511320114136 -0.015529520809650421
v 0.23750364780426025 0.16013610363006592 -0.023132553324103355
v 0.22035419940948486 0.16330091655254364 -0.02302873134613037
v 0.22560624778270721 0.16232287883758545 -0.024148087948560715
v 0.23986774682998657 0.1583419144153595 -0.022855373099446297
v 0.2622300088405609 0.15224604308605194 -0.005996984429657459
v 0.25968465209007263 0.15579144656658173 -0.012593490071594715
v 0.2699621319770813 0.16040626168251038 -0.00865979865193367
v 0.2718423008918762 0.16159580647945404 -0.008485255762934685
v 0.26919278502464294 0.15898491442203522 -0.012812907807528973
v 0.26707249879837036 0.15744826197624207 -0.012855790555477142
v 0.09944606572389603 0.030598172917962074 -0.06501172482967377
v -0.1945318877696991 0.05387680232524872 -0.07434554398059845
v -0.19190753996372223 0.07743951678276062 -0.08104907721281052
v -0.21473468840122223 0.04355688765645027 -0.08329575508832932
v 0.03888718783855438 0.00972476415336132 -0.09570026397705078
v -0.3019650876522064 0.03644320368766785 -0.1008971557021141
v -0.2880985140800476 0.06958724558353424 -0.10494737327098846
v -0.3292750418186188 0.06832138448953629 -0.09230349212884903
v -0.3297891914844513 0.04229220747947693 -0.08750128746032715
v -0.34677574038505554 -0.049273792654275894 -0.06156184524297714
v -0.3384774923324585 -0.022921396419405937 -0.062574602663517
v -0.3290826976299286 -0.02261020801961422 -0.048759594559669495
v -0.2978633940219879 -0.07493022829294205 -0.07125956565141678
v -0.2900725305080414 -0.06735166162252426 -0.06207681819796562
v -0.3550838232040405 -0.08976808190345764 -0.0610090009868145
v -0.3445941209793091 -0.09387651085853577 -0.07210750132799149
v -0.3424408435821533 -0.08623357862234116 -0.07397451251745224
v -0.3525947630405426 -0.07841557264328003 -0.06418664008378983
v -0.32600703835487366 -0.08719684928655624 -0.08012257516384125
v -0.3167991042137146 0.1406257301568985 -0.08081239461898804
v -0.2445780634880066 0.13293738663196564 -0.09161446243524551
v 0.21809279918670654 0.19346316158771515 -0.06956033408641815
v 0.22969397902488708 0.20201241970062256 -0.06556446850299835
v 0.26182207465171814 0.1571149080991745 -0.023019911721348763
v 0.2680214047431946 0.1592431217432022 -0.018850045278668404
v 0.21491925418376923 0.21375204622745514 -0.05030861496925354
v 0.06831026077270508 -0.1433754414319992 -0.0739525556564331
v 0.07735899835824966 -0.1419810950756073 -0.0615650936961174
v 0.043742988258600235 -0.14761234819889069 -0.07793447375297546
v 0.050139591097831726 -0.1557777374982834 -0.07937755435705185
v 0.022578300908207893 -0.14403674006462097 -0.05989754945039749
v 0.02839425764977932 -0.1558997482061386 -0.059291739016771317
v 0.03712480887770653 -0.14509481191635132 -0.03948727622628212
v 0.04270711541175842 -0.1540282964706421 -0.038704708218574524
v 0.05970332399010658 -0.1397802233695984 -0.04058551415801048
v 0.07479442656040192 -0.14478282630443573 -0.04780499264597893
v 0.06513742357492447 -0.14783422648906708 -0.03963703662157059
v 0.06749166548252106 -0.14999650418758392 -0.07957007735967636
v 0.02637830190360546 -0.1350991278886795 -0.07157661020755768
v 0.03892127424478531 -0.07502993941307068 -0.036641668528318405
v 0.008832169696688652 -0.06332442164421082 -0.05747281014919281
v -0.37931254506111145 0.1352941244840622 -0.02166188322007656
v -0.26343777775764465 0.00043023424223065376 -0.0957835242152214
v -0.2504318654537201 0.03271779790520668 -0.0985947698354721
v -0.3004242181777954 -0.17504316568374634 -0.09149051457643509
v -0.29036030173301697 -0.1716604083776474 -0.08766808360815048
v -0.3018878996372223 -0.1695769876241684 -0.08522701263427734
v -0.3108929395675659 -0.17301495373249054 -0.08586599677801132
v -0.1984086036682129 0.2051691710948944 -0.022099070250988007
v -0.21864470839500427 0.20503902435302734 -0.02499070018529892
v -0.21343716979026794 0.1941208690404892 -0.04280845448374748
v 0.051677118986845016 -0.14703042805194855 -0.035114578902721405
v 0.043038882315158844 -0.14493127167224884 -0.03661750257015228
v 0.04688870906829834 -0.15230900049209595 -0.036285169422626495
v 0.05439164489507675 -0.15298950672149658 -0.03552524000406265
v 0.038358815014362335 -0.0695301964879036 -0.08027679473161697
v -0.3282873332500458 0.008569853380322456 -0.08339974284172058
v -0.30230268836021423 -0.003993180580437183 -0.09399587661027908
v -0.33490532636642456 0.008069786243140697 -0.06036266312003136
v -0.32885172963142395 -0.023432470858097076 -0.0783427357673645
v -0.309934139251709 -0.032852523028850555 -0.08688785135746002
v -0.33686888217926025 -0.04606861248612404 -0.07051452249288559
v -0.35235750675201416 -0.09979916363954544 -0.06194450706243515
v -0.34973660111427307 -0.1168624684214592 -0.06085118651390076
v -0.35142406821250916 -0.11458908766508102 -0.053057800978422165
v -0.3493306636810303 -0.13334830105304718 -0.05406774580478668
v -0.3474765419960022 -0.1359909027814865 -0.0626271441578865
v -0.34291255474090576 -0.16617938876152039 -0.06336500495672226
v -0.34315451979637146 -0.16508632898330688 -0.051796577870845795
v -0.33952561020851135 -0.17562367022037506 -0.06502285599708557
v -0.3421754539012909 -0.10162699222564697 -0.0731944888830185
v -0.3408970832824707 -0.11736280471086502 -0.07239017635583878
v -0.3368678689002991 -0.17646701633930206 -0.06963484734296799
v -0.33357617259025574 -0.17721356451511383 -0.07341562211513519
v 0.03263808786869049 -0.15799398720264435 -0.06688442826271057
v -0.2714943587779999 -0.17225880920886993 -0.07436154782772064
v -0.2892185151576996 -0.1624661237001419 -0.06798398494720459
v -0.30442091822624207 -0.167886883020401 -0.08275586366653442
v -0.28602680563926697 -0.17685829102993011 -0.08966352045536041
v -0.2835581600666046 -0.19504693150520325 -0.0898078978061676
v -0.2745914161205292 -0.19182325899600983 -0.08912748098373413
v -0.2754429280757904 -0.17160052061080933 -0.051091816276311874
v -0.2909463942050934 -0.16427429020404816 -0.04785013943910599
v -0.26847121119499207 -0.19405058026313782 -0.0744520053267479
v -0.26319974660873413 -0.1916993409395218 -0.07275503128767014
v -0.3061095178127289 -0.1862601637840271 -0.03871425986289978
v -0.31367936730384827 -0.1739645153284073 -0.03743493929505348
v -0.30424171686172485 -0.17522859573364258 -0.037784893065690994
v -0.2989725172519684 -0.18733446300029755 -0.0384388230741024
v -0.3031250834465027 -0.16336432099342346 -0.0426623560488224
v -0.29070788621902466 -0.16491954028606415 -0.04589024931192398
v -0.2761973440647125 -0.16780909895896912 -0.05207602679729462
v -0.26811712980270386 -0.19092155992984772 -0.05561312660574913
v -0.26758962869644165 -0.18963585793972015 -0.05204823985695839
v 0.18394024670124054 0.15356384217739105 -0.013269048184156418
v 0.18265193700790405 0.15749278664588928 -0.025033965706825256
v 0.1763153374195099 0.1517351269721985 -0.029814163222908974
v 0.17741845548152924 0.14764881134033203 -0.015929782763123512
v 0.18255242705345154 0.16400127112865448 -0.03452472761273384
v 0.18290835618972778 0.1713380068540573 -0.04286837950348854
v 0.17827904224395752 0.16835352778434753 -0.046810854226350784
v 0.17648901045322418 0.15798825025558472 -0.038803718984127045
v 0.20029357075691223 0.2337925136089325 -0.06403617560863495
v 0.20828433334827423 0.24107085168361664 -0.05766192078590393
v 0.19889403879642487 0.2451200634241104 -0.060375772416591644
v 0.1914815455675125 0.2399909794330597 -0.06475143134593964
v 0.21587221324443817 0.254332035779953 -0.03720136731863022
v 0.22149865329265594 0.26334860920906067 -0.02623113803565502
v 0.20465484261512756 0.2678596079349518 -0.02491047978401184
v 0.20673058927059174 0.25998005270957947 -0.03652479127049446
v 0.18535152077674866 0.17917904257774353 -0.04839315265417099
v 0.17742373049259186 0.18136794865131378 -0.05303507298231125
v 0.24964214861392975 0.21359175443649292 -0.015095723792910576
v 0.24487720429897308 0.2127259522676468 -0.018155379220843315
v 0.2509993314743042 0.2083413153886795 -0.01857846789062023
v 0.25607991218566895 0.2093435674905777 -0.015346667729318142
v 0.23639312386512756 0.20605097711086273 -0.028917675837874413
v 0.24191796779632568 0.20540861785411835 -0.025590520352125168
v 0.23456282913684845 0.2122499942779541 -0.024665653705596924
v 0.231003537774086 0.2133120894432068 -0.028129752725362778
v 0.2565974295139313 0.21320994198322296 -0.011394951492547989
v 0.2522926330566406 0.21761386096477509 -0.010860327631235123
v 0.23465658724308014 0.2003839761018753 -0.03258751332759857
v 0.2588619589805603 0.1585099846124649 -0.01621202751994133
v 0.25896334648132324 0.156758651137352 -0.01608210988342762
v 0.2684071660041809 0.16045475006103516 -0.006689822301268578
v 0.26576653122901917 0.15771757066249847 -0.012200874276459217
v 0.2624058425426483 0.15759843587875366 -0.012232687324285507
v 0.2663646340370178 0.15933100879192352 -0.007923427037894726
v 0.2563137710094452 0.15931053459644318 -0.013725673779845238
v 0.26011717319488525 0.1601116806268692 -0.0077599226497113705
v 0.2529277801513672 0.15956677496433258 -0.017543062567710876
v 0.26247456669807434 0.15955881774425507 -0.01344881858676672
v 0.2660496234893799 0.1616428792476654 -0.008658120408654213
v 0.25702059268951416 0.15950998663902283 -0.017297182232141495
v 0.2480858862400055 0.15908189117908478 -0.020894447341561317
v 0.2107516974210739 0.16455179452896118 -0.024416206404566765
v 0.22263337671756744 0.16147015988826752 -0.024274297058582306
v 0.2691865861415863 0.15910661220550537 -5.823480023536831e-05
v 0.25420576333999634 0.15314137935638428 -0.01877124421298504
v 0.26068875193595886 0.1550220400094986 -0.015556166879832745
v 0.2604403495788574 0.15421655774116516 -0.016451258212327957
v 0.2530513405799866 0.1530614197254181 -0.019437739625573158
v 0.2219715416431427 0.16555137932300568 -0.028963560238480568
v 0.21501103043556213 0.1686268448829651 -0.030338136479258537
v 0.21637281775474548 0.16578401625156403 -0.02774081379175186
v 0.273389995098114 0.16499540209770203 -0.001513817929662764
v 0.27367541193962097 0.16405604779720306 -0.0015057579148560762
v 0.27170196175575256 0.1620790809392929 -0.005440161097794771
v 0.24600806832313538 0.15302853286266327 -0.022271232679486275
v 0.2461792230606079 0.15302123129367828 -0.021607277914881706
v 0.23434822261333466 0.1574288308620453 -0.02635740488767624
v 0.23620519042015076 0.15542003512382507 -0.02498125657439232
v 0.26904532313346863 0.1598712056875229 -0.00907343253493309
v 0.2662155032157898 0.1573389172554016 -0.0120586222037673
v 0.2656153440475464 0.15752245485782623 -0.011664452962577343
v 0.2690708041191101 0.16086384654045105 -0.008155840449035168
v 0.27449750900268555 0.16472023725509644 -0.0008354767924174666
v 0.2730368971824646 0.1629793792963028 -0.004233397077769041
v 0.24637508392333984 0.15299725532531738 -0.023713864386081696
v 0.2342979907989502 0.1604035198688507 -0.029111001640558243
v 0.21107515692710876 0.1667383909225464 -0.026592856273055077
v 0.21453344821929932 0.1656167060136795 -0.0270858034491539
v 0.21774518489837646 0.16569507122039795 -0.025742731988430023
v 0.2498011589050293 0.1583038568496704 -0.020089441910386086
v 0.2589903771877289 0.15838709473609924 -0.01586407609283924
v 0.26841267943382263 0.16121089458465576 -0.0068527464754879475
v 0.2706422805786133 0.1650589108467102 -0.007418300025165081
v 0.2718634009361267 0.16646993160247803 -0.004098979756236076
v 0.2727063298225403 0.16588422656059265 -0.0021525390911847353
v 0.2710663378238678 0.16438716650009155 -0.005112914368510246
v 0.26056531071662903 0.15552207827568054 -0.015976792201399803
v 0.2540724575519562 0.15391920506954193 -0.018757598474621773
v 0.2538018822669983 0.1549469232559204 -0.019243810325860977
v 0.26061931252479553 0.1565118432044983 -0.016342410817742348
v 0.21714437007904053 0.1678548902273178 -0.02609945833683014
v 0.22342988848686218 0.1630626767873764 -0.024763870984315872
v 0.2167879045009613 0.16495750844478607 -0.026724811643362045
v 0.26787593960762024 0.16199827194213867 -0.01063600368797779
v 0.2689216136932373 0.1614564061164856 -0.008558837696909904
v 0.23261693120002747 0.16128090023994446 -0.023301605135202408
v 0.23535189032554626 0.15703698992729187 -0.023733647540211678
v 0.2649911940097809 0.15843035280704498 -0.012898653745651245
v 0.26560094952583313 0.1580909639596939 -0.01208777166903019
v 0.21523909270763397 0.165888711810112 -0.025015413761138916
v 0.1091240793466568 0.05985603854060173 -0.058297622948884964
v 0.15171709656715393 0.1044425219297409 -0.026462214067578316
v 0.17614582180976868 0.1420147866010666 0.00028502417262643576
v 0.17242632806301117 0.14340421557426453 -0.021332498639822006
v 0.16944162547588348 0.14189891517162323 -0.021904006600379944
v 0.11363249272108078 0.017354704439640045 -0.02583099901676178
v 0.10943630337715149 0.02047284133732319 -0.04647578299045563
v 0.10344216227531433 0.004791367799043655 -0.00010428993846289814
v -0.020107435062527657 0.1348840445280075 -0.07848943769931793
v 0.033506665378808975 -0.16235041618347168 -0.050853174179792404
v 0.03927423432469368 -0.17012467980384827 -0.05022776499390602
v 0.021984796971082687 -0.13436773419380188 -0.066755510866642
v 0.027425529435276985 -0.1459909826517105 -0.06704147160053253
v -0.35319867730140686 -0.06389990448951721 -0.05750490725040436
v -0.3046645224094391 -0.08310964703559875 -0.04906011372804642
v -0.31935784220695496 -0.08494633436203003 -0.0402224138379097
v -0.3352091908454895 -0.0848313719034195 -0.040086135268211365
v -0.34889426827430725 -0.11107830703258514 -0.047855671495199203
v -0.4129558801651001 0.17619839310646057 0.0002898662642110139
v -0.5420167446136475 0.1842268407344818 0.0005550165078602731
v -0.5822402834892273 0.13429170846939087 0.000646269996650517
v 0.19924163818359375 0.2177511602640152 -0.056963320821523666
v 0.19752059876918793 0.20897433161735535 -0.05246270075440407
v 0.20816157758235931 0.22328157722949982 -0.059140563011169434
v 0.2747865617275238 0.16424216330051422 -0.00431949645280838
v 0.23645716905593872 0.16434715688228607 -0.031554486602544785
v 0.2484954595565796 0.15449996292591095 -0.025721358135342598
v 0.2511134445667267 0.16069626808166504 -0.028513001278042793
v 0.23897598683834076 0.17612147331237793 -0.03246697783470154
v 0.27333593368530273 0.16187436878681183 -0.009962583892047405
v 0.27104780077934265 0.16018444299697876 -0.01360247377306223
v 0.24466048181056976 0.21845845878124237 -0.014897096902132034
v 0.24148118495941162 0.22573068737983704 -0.01408675778657198
v 0.2479761689901352 0.2220432460308075 -0.010621060617268085
v 0.24487335979938507 0.22829054296016693 -0.00986856035888195
v 0.24106819927692413 0.2406749129295349 -0.014692898839712143
v 0.2394176870584488 0.2506689131259918 -0.01892721652984619
v 0.23679028451442719 0.2476755529642105 -0.03151958808302879
v 0.23187550902366638 0.25662747025489807 -0.02535981871187687
v 0.22712543606758118 0.25094693899154663 -0.03602708503603935
v 0.2332114279270172 0.24445271492004395 -0.03734007105231285
v 0.2165364772081375 0.23671303689479828 -0.054141219705343246
v 0.24411793053150177 0.1982983946800232 -0.028621893376111984
v 0.24953775107860565 0.1999172866344452 -0.025350090116262436
v 0.2630907893180847 0.20432987809181213 -0.01562856324017048
v 0.2633097767829895 0.20758293569087982 -0.012114438228309155
v 0.2671622037887573 0.20856666564941406 -0.00761828338727355
v 0.25971561670303345 0.21485348045825958 -0.006280891131609678
v 0.27908435463905334 0.17669376730918884 -0.010025418363511562
v 0.28104308247566223 0.17562277615070343 -0.006534877233207226
v 0.23748032748699188 0.23164087533950806 -0.018634691834449768
v 0.23396199941635132 0.23055098950862885 -0.021958040073513985
v 0.2538883686065674 0.21980881690979004 -0.006098261568695307
v 0.25056663155555725 0.22347863018512726 -0.006018015556037426
v 0.24048185348510742 0.2328920215368271 -0.01609155535697937
v 0.24245436489582062 0.23256996273994446 -0.011928142048418522
v 0.24466381967067719 0.23200064897537231 -0.005984957329928875
v 0.23273448646068573 0.23302863538265228 -0.027388550341129303
v 0.23181511461734772 0.2299988567829132 -0.026255978271365166
v 0.23284077644348145 0.22977672517299652 -0.02415076643228531
v 0.23351608216762543 0.23262576758861542 -0.027229156345129013
v 0.23016183078289032 0.21982190012931824 -0.025473929941654205
v 0.22917817533016205 0.21973469853401184 -0.02880408614873886
v 0.23389314115047455 0.23385180532932281 -0.029782123863697052
v 0.2333371937274933 0.2337581217288971 -0.03010612539947033
v 0.23386141657829285 0.2329561859369278 -0.026124080643057823
v 0.22417360544204712 0.22287319600582123 -0.038640096783638
v 0.2223377823829651 0.22420209646224976 -0.03835884481668472
v 0.22356700897216797 0.22357963025569916 -0.040331579744815826
v 0.2321896106004715 0.22665520012378693 -0.022318843752145767
v 0.2330014854669571 0.22622783482074738 -0.021117454394698143
v 0.2335345298051834 0.23025426268577576 -0.02298572100698948
v 0.23280982673168182 0.2330438196659088 -0.032964952290058136
v 0.26555415987968445 0.19907766580581665 -0.01834978722035885
v 0.26949408650398254 0.19975951313972473 -0.015792587772011757
v 0.2578980028629303 0.2038096934556961 -0.018786387518048286
v 0.25533297657966614 0.19379743933677673 -0.02622794546186924
v 0.2580728530883789 0.1966858059167862 -0.02354806661605835
v 0.251663476228714 0.20106174051761627 -0.023344311863183975
v 0.27128297090530396 0.2017165571451187 -0.012509497813880444
v 0.24422891438007355 0.15567709505558014 -0.02192058227956295
v 0.24604320526123047 0.15393373370170593 -0.021296920254826546
v 0.2922465205192566 0.18668167293071747 -0.0039873430505394936
v 0.2922214865684509 0.19272321462631226 -0.006912224926054478
v 0.27540159225463867 0.20329368114471436 -0.0072234696708619595
v 0.2845494747161865 0.19875414669513702 -0.006589351687580347
v 0.2224031537771225 0.26621487736701965 -0.012881031259894371
v 0.2029312700033188 0.27104824781417847 -0.012374973855912685
v 0.2474779337644577 0.22797979414463043 -0.00480259396135807
v 0.2332192361354828 0.2575865089893341 -0.013365263119339943
v 0.2276390790939331 0.22145169973373413 -0.03189092129468918
v 0.22634339332580566 0.22175870835781097 -0.03477233275771141
v 0.2269427478313446 0.21992358565330505 -0.03396153450012207
v 0.2280122935771942 0.2201450616121292 -0.031245121732354164
v 0.27476295828819275 0.16329658031463623 -0.01043760310858488
v 0.20436204969882965 0.2508198618888855 -0.04889359697699547
v 0.2127607762813568 0.24677236378192902 -0.04834797605872154
v 0.2700524628162384 0.1688280552625656 -0.01971247047185898
v 0.2722717523574829 0.16378267109394073 -0.014955314807593822
v 0.2746935486793518 0.17237001657485962 -0.015552052296698093
v 0.27185937762260437 0.1747812181711197 -0.020211143419146538
v 0.2653130888938904 0.17011097073554993 -0.02356691099703312
v 0.2579786777496338 0.1748168170452118 -0.027838392183184624
v 0.26771074533462524 0.17839154601097107 -0.023910216987133026
v 0.25950324535369873 0.18416784703731537 -0.027364546433091164
v 0.2782268524169922 0.17407602071762085 -0.010716752149164677
v 0.27693989872932434 0.176456481218338 -0.014282885007560253
v 0.2764447331428528 0.17056652903556824 -0.01143158134073019
v 0.22592836618423462 0.22927317023277283 -0.0748634934425354
v 0.22896547615528107 0.24082911014556885 -0.0427166111767292
v 0.2212597131729126 0.2439848631620407 -0.04502563923597336
v 0.226447194814682 0.2265082746744156 -0.03947501257061958
v 0.22470495104789734 0.22430357336997986 -0.04142048954963684
v 0.22506552934646606 0.22246991097927094 -0.03696520999073982
v 0.2284800112247467 0.2217518538236618 -0.029030553996562958
v 0.22949351370334625 0.22295214235782623 -0.02585441805422306
v 0.23076558113098145 0.2309037148952484 -0.03605268895626068
v 0.23073843121528625 0.22714535892009735 -0.024564046412706375
v 0.2304643988609314 0.2255197912454605 -0.023863987997174263
v 0.2326854020357132 0.22346872091293335 -0.02109401486814022
v 0.23359164595603943 0.23531334102153778 -0.02992888167500496
v 0.22265386581420898 0.22331292927265167 -0.0403677299618721
v 0.22658254206180573 0.22280220687389374 -0.032729487866163254
v 0.2271357774734497 0.22273139655590057 -0.03274903818964958
v 0.22532624006271362 0.22465576231479645 -0.040033914148807526
v 0.2284475713968277 0.2279474139213562 -0.03777885064482689
v 0.2330969125032425 0.23322796821594238 -0.02948867529630661
v 0.23358848690986633 0.2346162497997284 -0.03162052854895592
v 0.2308933138847351 0.22806395590305328 -0.02699367329478264
v 0.2301693856716156 0.2270534485578537 -0.02746688760817051
v 0.22805838286876678 0.22403931617736816 -0.029178418219089508
v 0.22758987545967102 0.22344477474689484 -0.03070797212421894
v 0.22720003128051758 0.22453345358371735 -0.032892048358917236
v 0.22442598640918732 0.22294782102108002 -0.0379922091960907
v 0.2254047691822052 0.22276674211025238 -0.03570684418082237
v 0.22573275864124298 0.22364948689937592 -0.036408182233572006
v 0.22344925999641418 0.2228894978761673 -0.039653513580560684
v 0.2231179028749466 0.2235782891511917 -0.04075681045651436
v 0.22880221903324127 0.22529424726963043 -0.028515882790088654
v 0.2288690209388733 0.2243373692035675 -0.026156406849622726
v 0.2314152717590332 0.22949105501174927 -0.028678901493549347
v 0.2332538515329361 0.23461544513702393 -0.03385855630040169
v 0.23165054619312286 0.2312333583831787 -0.03457557410001755
v 0.17570360004901886 0.2485659122467041 -0.06099824979901314
v 0.1822260171175003 0.24885126948356628 -0.05580221861600876
v 0.18855805695056915 0.2507004737854004 -0.052538007497787476
v 0.18788814544677734 0.2499699741601944 -0.0588376484811306
v 0.18026313185691833 0.24448786675930023 -0.06278292089700699
v 0.17387941479682922 0.23978273570537567 -0.06413895636796951
v 0.17362366616725922 0.2432788759469986 -0.06318245083093643
v -0.3081052601337433 -0.16742469370365143 -0.03903353586792946
v -0.3191450536251068 -0.1639658808708191 -0.03766524791717529
v -0.6340057253837585 0.17041748762130737 -0.0037450736854225397
v -0.6344366669654846 0.16490337252616882 -0.00781561341136694
v -0.6356479525566101 0.15835779905319214 -0.005739158485084772
v 0.24621111154556274 0.20846056938171387 -0.020915741100907326
v 0.25370851159095764 0.20281848311424255 -0.021197769790887833
v 0.2720092833042145 0.19602341949939728 -0.01684134639799595
v 0.2617220878601074 0.19813665747642517 -0.020950935781002045
v 0.27559420466423035 0.1654786914587021 -0.0005620008450932801
v -0.3202812969684601 -0.11593673378229141 -0.04027792811393738
v -0.3362905979156494 -0.11341661214828491 -0.04168452322483063
v -0.332303524017334 -0.16544240713119507 -0.041214920580387115
v -0.3448167145252228 -0.15327663719654083 -0.06285016983747482
v -0.3462256193161011 -0.15008710324764252 -0.05281198024749756
v 0.08442174643278122 -0.14604005217552185 -0.05782553181052208
v 0.08334077894687653 -0.14734993875026703 -0.052211105823516846
v 0.041643090546131134 -0.1610449254512787 -0.041731566190719604
v 0.05638539046049118 -0.1546512246131897 -0.08113525807857513
v 0.059663619846105576 -0.15672139823436737 -0.08261891454458237
v 0.0802784115076065 -0.15048155188560486 -0.047125957906246185
v 0.07586538791656494 -0.15185965597629547 -0.0425487756729126
v -0.2664155960083008 -0.1912265121936798 -0.08110291510820389
v -0.26237326860427856 -0.1894318014383316 -0.06162676587700844
v -0.2865188717842102 -0.19132332503795624 -0.09371284395456314
v 0.15711647272109985 0.28004980087280273 -0.01806027442216873
v 0.05008277669548988 -0.13789550960063934 -0.03568589687347412
v 0.06993496417999268 -0.15370360016822815 -0.03829239681363106
v 0.059096697717905045 -0.15485887229442596 -0.03547009080648422
v 0.05707297846674919 -0.14702008664608002 -0.03656107559800148
v 0.14793048799037933 0.23991945385932922 -0.06609880924224854
v 0.13851487636566162 0.2792642414569855 -0.020090539008378983
v 0.1631762683391571 0.17596609890460968 -0.05776972323656082
v 0.16163551807403564 0.19660694897174835 -0.061439305543899536
v 0.15227200090885162 0.19262416660785675 -0.06317321956157684
v 0.15459755063056946 0.16957344114780426 -0.05787110701203346
v 0.1730131357908249 0.14761051535606384 -0.03296702355146408
v 0.16766199469566345 0.14559414982795715 -0.035065364092588425
v 0.1712213009595871 0.15252186357975006 -0.04250789433717728
v 0.17063336074352264 0.16301646828651428 -0.049348726868629456
v 0.16250543296337128 0.15943169593811035 -0.04895647242665291
v 0.16728638112545013 0.15078608691692352 -0.04170344024896622
v 0.16793683171272278 0.1935015320777893 -0.06006443873047829
v 0.16790658235549927 0.20679336786270142 -0.06251756846904755
v 0.1587768793106079 0.21317459642887115 -0.06317412108182907
v 0.1708996593952179 0.18027116358280182 -0.05598576366901398
v 0.1608060598373413 0.22523853182792664 -0.06406053155660629
v 0.16239556670188904 0.13942496478557587 -0.04015457257628441
v 0.16403532028198242 0.1348753124475479 -0.02295532450079918
v 0.15076714754104614 0.1553986668586731 -0.052049994468688965
v 0.15759319067001343 0.14695896208286285 -0.047050341963768005
v 0.1496822088956833 0.21584098041057587 -0.0670020803809166
v -0.28338661789894104 -0.036895573139190674 -0.041638877242803574
v -0.3091672360897064 -0.03441830724477768 -0.038393206894397736
v 0.23444436490535736 0.22076211869716644 -0.02012062817811966
v 0.22345273196697235 0.22273500263690948 -0.042067959904670715
v 0.22981828451156616 0.2229290008544922 -0.02508779987692833
v 0.2379036694765091 0.21174173057079315 -0.022595737129449844
v 0.23182569444179535 0.21683545410633087 -0.02345244772732258
v 0.24599424004554749 0.20562684535980225 -0.022942496463656425
v 0.26573729515075684 0.1925496906042099 -0.022238902747631073
v 0.2697427272796631 0.19395165145397186 -0.01916651241481304
v 0.05418102815747261 -0.1473071575164795 -0.07828477025032043
v 0.2804836630821228 0.17334942519664764 -0.006373405456542969
v 0.28051647543907166 0.17325153946876526 -0.0022709390614181757
v 0.14861422777175903 0.0927310511469841 0.00017305786604993045
v 0.2811129689216614 0.18880178034305573 -0.012774244882166386
v 0.24451221525669098 0.18753112852573395 -0.03124145045876503
v 0.27743828296661377 0.20330269634723663 -1.1441459719208069e-05
v 0.22944967448711395 0.15186673402786255 -0.0002389393630437553
v 0.27662304043769836 0.16734376549720764 -0.0007993357139639556
v 0.275130957365036 0.16505663096904755 4.7255663957912475e-05
v 0.2779162526130676 0.188054621219635 -0.014539869502186775
v 0.27786383032798767 0.18644510209560394 -0.014585156925022602
v 0.26218512654304504 0.19015730917453766 -0.024685505777597427
v 0.2776024341583252 0.19212572276592255 -0.014658307656645775
v 0.2507860064506531 0.1912255883216858 -0.02884822152554989
v 0.2734089195728302 0.17959557473659515 -0.01936076581478119
v 0.2688661515712738 0.18577882647514343 -0.022349003702402115
v 0.27640995383262634 0.1663820892572403 -0.005352668464183807
v 0.2258109450340271 0.22281210124492645 -0.035490453243255615
v 0.23207639157772064 0.2208828628063202 -0.02113449200987816
v 0.23421268165111542 0.2178318351507187 -0.019918402656912804
v 0.23045028746128082 0.22072607278823853 -0.024182597175240517
v 0.23260101675987244 0.21646520495414734 -0.022404003888368607
v 0.23117810487747192 0.22174832224845886 -0.022988252341747284
v 0.2392023801803589 0.21353930234909058 -0.020125074312090874
v 0.2724602520465851 0.16730718314647675 -5.7991885114461184e-05
v 0.08329357206821442 -0.164217010140419 -0.08836755901575089
v 0.08998186141252518 -0.16440367698669434 -0.0838104635477066
v 0.09358840435743332 -0.1507890522480011 -0.06296349316835403
v 0.09541235864162445 -0.15364322066307068 -0.0644441694021225
v 0.08268851786851883 -0.1521388441324234 -0.0777900218963623
v 0.078650563955307 -0.15789319574832916 -0.07947121560573578
v 0.08958028256893158 -0.15268383920192719 -0.04832141473889351
v 0.0915977731347084 -0.15410757064819336 -0.048262473195791245
v 0.10609259456396103 -0.16308794915676117 -0.06347262859344482
v 0.10620880126953125 -0.16184595227241516 -0.05675541236996651
v 0.08763575553894043 -0.14927726984024048 -0.06958715617656708
v 0.08305943757295609 -0.15022529661655426 -0.07486899942159653
v -0.2846238315105438 -0.18879924714565277 -0.03951055556535721
v -0.29203692078590393 -0.18822157382965088 -0.0386466421186924
v -0.3172231614589691 -0.18608413636684418 -0.04068448022007942
v -0.3272467851638794 -0.17272908985614777 -0.03990570455789566
v 0.062414832413196564 -0.16020989418029785 -0.03548143059015274
v 0.07170557975769043 -0.16166207194328308 -0.03492940589785576
v -0.32092249393463135 -0.18983358144760132 -0.08119811117649078
v -0.31759339570999146 -0.19134756922721863 -0.08369381725788116
v -0.330349326133728 -0.1900157928466797 -0.06062274053692818
v -0.3315102756023407 -0.1886688470840454 -0.06565826386213303
v -0.3295094072818756 -0.18801400065422058 -0.07299792766571045
v -0.32708126306533813 -0.18755938112735748 -0.07632245868444443
v -0.34058716893196106 -0.17499768733978271 -0.05432865396142006
v -0.32273876667022705 -0.050963398069143295 -0.08224640786647797
v -0.19460377097129822 0.1019914448261261 -0.0833469033241272
v -0.21098318696022034 0.17589282989501953 -0.06031924858689308
v -0.3138194680213928 -0.07497944682836533 -0.07966253906488419
v -0.3434441089630127 -0.06767828017473221 -0.07034021615982056
v -0.33264121413230896 -0.0757659450173378 -0.08007339388132095
v 0.2304823398590088 0.22449153661727905 -0.02306973747909069
v 0.22959226369857788 0.2243565171957016 -0.02477361634373665
v 0.21438729763031006 0.192274272441864 -0.08370629698038101
v 0.10334838926792145 -0.17485399544239044 -0.0778072401881218
v 0.10572108626365662 -0.17484456300735474 -0.07266741991043091
v 0.10210520774126053 -0.17268693447113037 -0.04534899443387985
v 0.09593234211206436 -0.17085376381874084 -0.04010472446680069
v 0.08557654172182083 -0.17296703159809113 -0.08799149096012115
v 0.09084167331457138 -0.1730143427848816 -0.08444242179393768
v 0.10976295173168182 -0.17328006029129028 -0.0634869784116745
v 0.10886093229055405 -0.17315107583999634 -0.056082792580127716
v -0.2740846276283264 -0.18797318637371063 -0.0424296036362648
v -0.29657548666000366 -0.19282220304012299 -0.09414878487586975
v 0.27470067143440247 0.19068185985088348 -0.016773615032434464
v 0.22530990839004517 0.19394069910049438 -0.07950010150671005
v 0.22826477885246277 0.18976141512393951 -0.07842406630516052
v 0.22190040349960327 0.18736551702022552 -0.07584141194820404
v 0.28828465938568115 0.19811710715293884 -0.00010329782526241615
v 0.0757259875535965 -0.15310584008693695 -0.07929892092943192
v 0.07784020155668259 -0.15086442232131958 -0.07772783935070038
v 0.08980850875377655 -0.14943604171276093 -0.06474708765745163
v 0.08836262673139572 -0.1485390067100525 -0.06413894146680832
v 0.08117875456809998 -0.14823095500469208 -0.049934227019548416
v 0.08327426016330719 -0.148827463388443 -0.049479980021715164
v 0.0824863389134407 -0.14973478019237518 -0.047947075217962265
v 0.07477150857448578 -0.14792822301387787 -0.0754096657037735
v 0.07332096993923187 -0.15068410336971283 -0.079366035759449
v 0.07701142132282257 -0.15021996200084686 -0.07691993564367294
v 0.07475428283214569 -0.1591801643371582 -0.08766834437847137
v 0.06788484007120132 -0.15757612884044647 -0.08564837276935577
v 0.08150345087051392 -0.14833444356918335 -0.06867346167564392
v 0.08295001089572906 -0.14588023722171783 -0.060319311916828156
v 0.08335243165493011 -0.1466827392578125 -0.06504408270120621
v 0.08474383503198624 -0.14654932916164398 -0.062157608568668365
v 0.061600010842084885 -0.16896072030067444 -0.035592906177043915
v 0.07072459161281586 -0.17030756175518036 -0.0352044478058815
v 0.08200866729021072 -0.16366422176361084 -0.0355052724480629
v 0.08069487661123276 -0.17186909914016724 -0.03589716926217079
v 0.08768855035305023 -0.15153762698173523 -0.048715051263570786
v 0.08749586343765259 -0.1515493541955948 -0.048565469682216644
v 0.0915103554725647 -0.16315779089927673 -0.03818325698375702
v 0.09091445803642273 -0.17084276676177979 -0.03748393803834915
v 0.08184029906988144 -0.15636830031871796 -0.0393998846411705
v 0.08770312368869781 -0.1579931378364563 -0.03984702005982399
v 0.04587631672620773 -0.16884024441242218 -0.042273640632629395
v 0.07583291828632355 -0.153379425406456 -0.0406046062707901
v 0.07133664190769196 -0.1752794086933136 -0.038592301309108734
v 0.0812360942363739 -0.17543230950832367 -0.03829532116651535
v 0.04736591503024101 -0.17699995636940002 -0.07405077666044235
v 0.05124680697917938 -0.17692597210407257 -0.07712803781032562
v 0.05552292615175247 -0.17473769187927246 -0.04061892256140709
v 0.051292773336172104 -0.16878920793533325 -0.038955070078372955
v 0.0631522685289383 -0.17486457526683807 -0.038514114916324615
v 0.07376104593276978 -0.17835472524166107 -0.08666415512561798
v 0.07381921261548996 -0.17696809768676758 -0.08765233308076859
v 0.07083528488874435 -0.17772211134433746 -0.08700880408287048
v 0.07088559865951538 -0.17952562868595123 -0.08466609567403793
v 0.09877364337444305 -0.1773797571659088 -0.05202770233154297
v 0.10369060933589935 -0.17703138291835785 -0.05432462319731712
v 0.10396327823400497 -0.17797040939331055 -0.06326725333929062
v 0.0998394712805748 -0.17893768846988678 -0.06339551508426666
v 0.10701754689216614 -0.1776123046875 -0.057588014751672745
v 0.1064058318734169 -0.1777721494436264 -0.06190793588757515
v 0.10298871994018555 -0.17757846415042877 -0.06958246231079102
v 0.09957925975322723 -0.17885439097881317 -0.06720307469367981
v 0.08944475650787354 -0.17928622663021088 -0.07751113921403885
v 0.09542986750602722 -0.1777370125055313 -0.0784851536154747
v 0.10020407289266586 -0.17765913903713226 -0.07707604765892029
v 0.10343143343925476 -0.1778794825077057 -0.07282096147537231
v 0.08388815820217133 -0.17615866661071777 -0.08737481385469437
v 0.08984146267175674 -0.17621289193630219 -0.08400784432888031
v 0.046893563121557236 -0.17713414132595062 -0.04959563538432121
v 0.044600505381822586 -0.178407222032547 -0.05881339684128761
v 0.049479346722364426 -0.17483879625797272 -0.04374818503856659
v 0.04492134973406792 -0.17768904566764832 -0.06736057996749878
v 0.09565930813550949 -0.174347922205925 -0.041580360382795334
v 0.09996454417705536 -0.17515528202056885 -0.046402089297771454
v 0.05618911236524582 -0.17784784734249115 -0.07998750358819962
v 0.06576968729496002 -0.17870432138442993 -0.08437713980674744
v 0.08231564611196518 -0.17816878855228424 -0.0862937718629837
v 0.07831016927957535 -0.17598000168800354 -0.08812284469604492
v 0.0778280720114708 -0.17752514779567719 -0.08746228367090225
v 0.09172391891479492 -0.17420458793640137 -0.03938931226730347
v 0.059455037117004395 -0.18040789663791656 -0.054668303579092026
v 0.056999679654836655 -0.17977823317050934 -0.05335734412074089
v 0.05747073143720627 -0.1786603480577469 -0.048515819013118744
v 0.05953441560268402 -0.1797206848859787 -0.050463125109672546
v 0.0605456605553627 -0.17832036316394806 -0.046038441359996796
v 0.06044424697756767 -0.17726552486419678 -0.04424843564629555
v 0.06478329002857208 -0.17743314802646637 -0.04324593394994736
v 0.06535453349351883 -0.17658039927482605 -0.04154346138238907
v 0.06843376159667969 -0.1768442690372467 -0.042583540081977844
v 0.06952642649412155 -0.1764201670885086 -0.041595179587602615
v 0.07228429615497589 -0.17712783813476562 -0.043894555419683456
v 0.0748908519744873 -0.17668068408966064 -0.04228658229112625
v 0.07555867731571198 -0.177586629986763 -0.046106480062007904
v 0.07725634425878525 -0.1774594634771347 -0.045662570744752884
v 0.07750247418880463 -0.1785767376422882 -0.049624454230070114
v 0.07901359349489212 -0.17803575098514557 -0.0491679422557354
v 0.08217980712652206 -0.17928899824619293 -0.0527554489672184
v 0.08386821299791336 -0.17862163484096527 -0.05218741297721863
v 0.085964635014534 -0.17960220575332642 -0.05670684576034546
v 0.0879167690873146 -0.17951169610023499 -0.05643228441476822
v 0.08826308697462082 -0.17909936606884003 -0.05996205657720566
v 0.08638203144073486 -0.17915883660316467 -0.06035207211971283
v 0.08823491632938385 -0.17957325279712677 -0.06580524891614914
v 0.08558166772127151 -0.1798137128353119 -0.0662459135055542
v 0.08549290150403976 -0.1794077754020691 -0.06326074153184891
v 0.08835776150226593 -0.17885097861289978 -0.06295876204967499
v 0.08030671626329422 -0.1801769733428955 -0.07201556116342545
v 0.0830959677696228 -0.18007679283618927 -0.06870856881141663
v 0.08504478633403778 -0.18007078766822815 -0.06965739279985428
v 0.08021103590726852 -0.1803700476884842 -0.0734887644648552
v 0.07474789768457413 -0.18048667907714844 -0.07369425892829895
v 0.07413548976182938 -0.1807582676410675 -0.07523181289434433
v 0.07149137556552887 -0.18122358620166779 -0.0769539624452591
v 0.07155094295740128 -0.18132111430168152 -0.07831983268260956
v 0.06794463843107224 -0.1812712699174881 -0.07933586090803146
v 0.06772029399871826 -0.1810101866722107 -0.08089964836835861
v 0.06432494521141052 -0.1807161420583725 -0.07999775558710098
v 0.06293859332799911 -0.17995047569274902 -0.08077077567577362
v 0.060873523354530334 -0.17988894879817963 -0.07810086011886597
v 0.05868500843644142 -0.17935216426849365 -0.07847856730222702
v 0.05763869360089302 -0.1794421672821045 -0.07482832670211792
v 0.05507703498005867 -0.17882095277309418 -0.07488515228033066
v 0.05734292045235634 -0.1795600801706314 -0.07038216292858124
v 0.054043278098106384 -0.1794911026954651 -0.0694759339094162
v 0.05437952280044556 -0.1800932139158249 -0.06411844491958618
v 0.057871103286743164 -0.18039996922016144 -0.06461678445339203
v 0.05444921553134918 -0.18002548813819885 -0.058207232505083084
v 0.057097550481557846 -0.18046368658542633 -0.05936919152736664
v 0.0722290650010109 -0.18132203817367554 -0.07967423647642136
v 0.07114031165838242 -0.1808171570301056 -0.08200834691524506
v 0.07007075101137161 -0.1808527559041977 -0.08197852969169617
v 0.07178757339715958 -0.1812608540058136 -0.07915572822093964
v 0.07520853728055954 -0.18125589191913605 -0.0778098851442337
v 0.07540322840213776 -0.18110254406929016 -0.07685992866754532
v 0.08045049756765366 -0.18083812296390533 -0.0774490162730217
v 0.08173251152038574 -0.18086224794387817 -0.0766473188996315
v 0.08527618646621704 -0.18075937032699585 -0.08015625178813934
v 0.08686359226703644 -0.1796538233757019 -0.07962476462125778
v 0.08580991625785828 -0.1797524094581604 -0.08352117985486984
v 0.08681491762399673 -0.17812857031822205 -0.08367107808589935
v 0.08274614065885544 -0.17880870401859283 -0.08537285029888153
v 0.07898566871881485 -0.1791001260280609 -0.0861082524061203
v 0.07485172897577286 -0.1792294681072235 -0.08593401312828064
v 0.07180851697921753 -0.18000061810016632 -0.08442975580692291
v 0.08893834054470062 -0.180217906832695 -0.06822448968887329
v 0.08755864202976227 -0.18034160137176514 -0.07092384248971939
v 0.08679710328578949 -0.18021871149539948 -0.07058088481426239
v 0.08866868913173676 -0.17999929189682007 -0.0676894262433052
v 0.09315134584903717 -0.1800358146429062 -0.06712613999843597
v 0.09281672537326813 -0.1797650158405304 -0.06609197705984116
v 0.09770093113183975 -0.1797141432762146 -0.06754297763109207
v 0.09702648222446442 -0.17995315790176392 -0.06837154179811478
v 0.10015393793582916 -0.1795291304588318 -0.07077450305223465
v 0.10204564034938812 -0.17920485138893127 -0.07062098383903503
v 0.10115265846252441 -0.17917761206626892 -0.07351658493280411
v 0.10162980109453201 -0.17848116159439087 -0.07476553320884705
v 0.09970702975988388 -0.17899002134799957 -0.07579909265041351
v 0.09972688555717468 -0.17841239273548126 -0.07662291079759598
v 0.09556727856397629 -0.17922914028167725 -0.07688122987747192
v 0.09598385542631149 -0.1785670667886734 -0.07757949084043503
v 0.09071818739175797 -0.1795685738325119 -0.07641519606113434
v 0.09074706584215164 -0.17977727949619293 -0.07566926628351212
v 0.08787859976291656 -0.18024149537086487 -0.07373352348804474
v 0.08731101453304291 -0.18019534647464752 -0.0736728087067604
v 0.09242318570613861 -0.17944814264774323 -0.05394026264548302
v 0.0912143737077713 -0.18000145256519318 -0.05645480379462242
v 0.09037759155035019 -0.17980992794036865 -0.055784422904253006
v 0.09125737100839615 -0.17870856821537018 -0.052576564252376556
v 0.09651096165180206 -0.17889904975891113 -0.05315403640270233
v 0.10159685462713242 -0.17829883098602295 -0.05444832146167755
v 0.10489185899496078 -0.17841120064258575 -0.056627243757247925
v 0.10522075742483139 -0.17879211902618408 -0.06081169471144676
v 0.10254079103469849 -0.17910633981227875 -0.06224939599633217
v 0.09497830271720886 -0.17973238229751587 -0.061761897057294846
v 0.09886538982391357 -0.17940399050712585 -0.06248524412512779
v 0.0933687761425972 -0.17952536046504974 -0.06182370334863663
v 0.09188420325517654 -0.1799037605524063 -0.05957222357392311
v 0.09036770462989807 -0.1796553134918213 -0.05887279659509659
v 0.0820285752415657 -0.17796629667282104 -0.04125327616930008
v 0.07976655662059784 -0.1777762472629547 -0.04368354752659798
v 0.07911937683820724 -0.17751409113407135 -0.043483663350343704
v 0.0825318694114685 -0.1776275932788849 -0.040842246264219284
v 0.08758755773305893 -0.17747841775417328 -0.04068845510482788
v 0.08957183361053467 -0.176680788397789 -0.04111483693122864
v 0.09278574585914612 -0.1771194487810135 -0.043034233152866364
v 0.0948554202914238 -0.17618516087532043 -0.04336103796958923
v 0.09472174942493439 -0.17769187688827515 -0.04567987844347954
v 0.09632786363363266 -0.17697353661060333 -0.04588190093636513
v 0.08602558076381683 -0.1784704029560089 -0.04836467653512955
v 0.0902748629450798 -0.17827776074409485 -0.04853074252605438
v 0.09010455012321472 -0.17837412655353546 -0.049090538173913956
v 0.08565451204776764 -0.1783890724182129 -0.04911064729094505
v 0.08236106485128403 -0.17833901941776276 -0.04759421944618225
v 0.08138784021139145 -0.1780576854944229 -0.0477670282125473
v 0.07995406538248062 -0.17806938290596008 -0.04591744765639305
v 0.0790923610329628 -0.17773085832595825 -0.04560386762022972
v 0.09343437850475311 -0.17993947863578796 -0.055111706256866455
v 0.09313604235649109 -0.18033616244792938 -0.057388558983802795
v 0.09653128683567047 -0.17966115474700928 -0.054406989365816116
v 0.09984871745109558 -0.17945286631584167 -0.054797038435935974
v 0.1027628555893898 -0.1792985200881958 -0.056472692638635635
v 0.10329987108707428 -0.17966963350772858 -0.05949907377362251
v 0.10174951702356339 -0.17958098649978638 -0.06105051189661026
v 0.09625843167304993 -0.18011479079723358 -0.06074428930878639
v 0.09958519786596298 -0.17966899275779724 -0.06154214218258858
v 0.0942169576883316 -0.18039003014564514 -0.059397559612989426
v 0.08276873081922531 -0.17835678160190582 -0.04212832823395729
v 0.08175904303789139 -0.1784227341413498 -0.044179271906614304
v 0.08652398735284805 -0.17826099693775177 -0.041797563433647156
v 0.0903460755944252 -0.1779622882604599 -0.04340313374996185
v 0.09209469705820084 -0.17804905772209167 -0.044794365763664246
v 0.09376959502696991 -0.17812462151050568 -0.04773233085870743
v 0.09190072119235992 -0.17895804345607758 -0.04657416045665741
v 0.08961555361747742 -0.17865565419197083 -0.047534309327602386
v 0.08666802197694778 -0.1787997931241989 -0.04766048863530159
v 0.0838756114244461 -0.17884880304336548 -0.04683622345328331
v 0.08215346932411194 -0.178614541888237 -0.04587073624134064
v 0.0901261419057846 -0.18059825897216797 -0.06941252946853638
v 0.08927695453166962 -0.180599644780159 -0.0715288370847702
v 0.09280199557542801 -0.18046504259109497 -0.06843758374452591
v 0.09623001515865326 -0.18032945692539215 -0.06908034533262253
v 0.09860727936029434 -0.18008118867874146 -0.07078078389167786
v 0.09942654520273209 -0.17992591857910156 -0.07234396040439606
v 0.09863633662462234 -0.17990905046463013 -0.07427383959293365
v 0.09585312753915787 -0.17993517220020294 -0.07540100812911987
v 0.09232312440872192 -0.1799885481595993 -0.07489950209856033
v 0.09021405875682831 -0.1804044544696808 -0.07324808835983276
v 0.07413219660520554 -0.1813405603170395 -0.08038663119077682
v 0.07355187833309174 -0.18097347021102905 -0.08224651217460632
v 0.07605927437543869 -0.18143406510353088 -0.07916857302188873
v 0.07999445497989655 -0.1814826875925064 -0.07858938723802567
v 0.08313165605068207 -0.18080103397369385 -0.08036389946937561
v 0.08398951590061188 -0.17983661592006683 -0.08250893652439117
v 0.08205237239599228 -0.17986632883548737 -0.08405750244855881
v 0.07959738373756409 -0.1799236238002777 -0.08489099144935608
v 0.07677054405212402 -0.18030807375907898 -0.08451461046934128
v 0.07447077333927155 -0.1805734932422638 -0.08352977782487869
v 0.09805916994810104 -0.1806592047214508 -0.0577261745929718
v 0.09439193457365036 -0.1809036135673523 -0.07178892195224762
v 0.08658256381750107 -0.17911846935749054 -0.04468420892953873
v 0.0788794755935669 -0.18108080327510834 -0.0823584496974945
v 0.0526958666741848 -0.1647319197654724 -0.0373956635594368
v 0.055385295301675797 -0.16367504000663757 -0.036355070769786835
v 0.05065912380814552 -0.16717258095741272 -0.03877955302596092
v 0.04660557210445404 -0.1664634346961975 -0.04051543399691582
v 0.043612487614154816 -0.1627783179283142 -0.04091596603393555
v 0.04346270114183426 -0.15864793956279755 -0.039632268249988556
v 0.04344208911061287 -0.15682512521743774 -0.03901438042521477
v 0.04552197828888893 -0.15694096684455872 -0.037685927003622055
v 0.04639069363474846 -0.1556055098772049 -0.03679175302386284
v 0.05074361711740494 -0.15664689242839813 -0.03617534413933754
v 0.04863423854112625 -0.15839402377605438 -0.0368897020816803
v 0.05195892974734306 -0.16107317805290222 -0.03676168993115425
v 0.05408976227045059 -0.16013775765895844 -0.03635942563414574
v 0.04538782685995102 -0.1629268378019333 -0.03984717279672623
v 0.046745505183935165 -0.16537988185882568 -0.04003553465008736
v 0.04420005530118942 -0.16076724231243134 -0.039737213402986526
v 0.04563601687550545 -0.15897749364376068 -0.03818971663713455
v 0.04836897924542427 -0.16016027331352234 -0.03718595579266548
v 0.05006451532244682 -0.1615898460149765 -0.03688791021704674
v 0.05129899084568024 -0.1636693775653839 -0.03757749870419502
v 0.04794367775321007 -0.16267232596874237 -0.038431450724601746
v 0.04918915033340454 -0.1662299931049347 -0.039022866636514664
v 0.06872865557670593 -0.17498791217803955 -0.08766648173332214
v 0.08508802205324173 -0.18017783761024475 -0.07400449365377426
v 0.0939224511384964 -0.17937274277210236 -0.06504819542169571
v 0.0951346904039383 -0.17767181992530823 -0.048335637897253036
v -0.3167789578437805 -0.19384339451789856 -0.05144531652331352
v -0.31943532824516296 -0.1928243339061737 -0.05077175423502922
v -0.3168226480484009 -0.19081951677799225 -0.045355454087257385
v -0.3151578903198242 -0.19205018877983093 -0.046012502163648605
v -0.31183958053588867 -0.18965570628643036 -0.04188559576869011
v -0.3113735318183899 -0.18840928375720978 -0.04056743532419205
v -0.30607765913009644 -0.18905436992645264 -0.0401172898709774
v -0.3060036301612854 -0.1878625899553299 -0.039580509066581726
v -0.3005598187446594 -0.19022582471370697 -0.040076177567243576
v -0.30018314719200134 -0.1888844221830368 -0.03922589495778084
v -0.29618820548057556 -0.19268864393234253 -0.041158631443977356
v -0.2951807975769043 -0.19179384410381317 -0.04033493250608444
v -0.2937995493412018 -0.19460010528564453 -0.044982779771089554
v -0.2927517592906952 -0.19453953206539154 -0.04472234100103378
v -0.2927529215812683 -0.1951671838760376 -0.050404924899339676
v -0.2921510636806488 -0.1951892375946045 -0.05015754699707031
v -0.28830286860466003 -0.19574561715126038 -0.05548640340566635
v -0.28698045015335083 -0.19551104307174683 -0.05514621362090111
v -0.2849237024784088 -0.1971331089735031 -0.06131565943360329
v -0.2839052975177765 -0.19704236090183258 -0.06102947145700455
v -0.2841005027294159 -0.19662684202194214 -0.06529317796230316
v -0.28565046191215515 -0.19697672128677368 -0.0657867044210434
v -0.2867552638053894 -0.19719098508358002 -0.07171744108200073
v -0.28875887393951416 -0.19736965000629425 -0.07186571508646011
v -0.2870933413505554 -0.19678279757499695 -0.06887678802013397
v -0.2852918207645416 -0.19659730792045593 -0.068540059030056
v -0.29743117094039917 -0.19719228148460388 -0.07734904438257217
v -0.29232218861579895 -0.197286456823349 -0.07460048794746399
v -0.2909029424190521 -0.1975385546684265 -0.07498521357774734
v -0.2975553870201111 -0.1972278654575348 -0.0781644731760025
v -0.30418261885643005 -0.19738121330738068 -0.07793589681386948
v -0.3050960302352905 -0.19745509326457977 -0.07908441126346588
v -0.3091267943382263 -0.19685761630535126 -0.08069764822721481
v -0.3102518916130066 -0.19653768837451935 -0.08175898343324661
v -0.3137834668159485 -0.1958310604095459 -0.08150339126586914
v -0.31520864367485046 -0.19455891847610474 -0.08260637521743774
v -0.31805354356765747 -0.19385574758052826 -0.0807437151670456
v -0.31931227445602417 -0.19204792380332947 -0.08147252351045609
v -0.32176244258880615 -0.19180721044540405 -0.07834218442440033
v -0.3228752315044403 -0.1898423284292221 -0.07890871167182922
v -0.3244369924068451 -0.1914742887020111 -0.07494891434907913
v -0.3261125385761261 -0.1901232898235321 -0.07464510947465897
v -0.32512614130973816 -0.19318965077400208 -0.0690651386976242
v -0.3269731402397156 -0.19243040680885315 -0.0685468390583992
v -0.3240976929664612 -0.193990558385849 -0.06291058659553528
v -0.32166755199432373 -0.19493676722049713 -0.06337261945009232
v -0.3224206864833832 -0.19376681745052338 -0.056608717888593674
v -0.3188115060329437 -0.19481013715267181 -0.05706589296460152
v -0.3058866858482361 -0.1977185755968094 -0.0821370854973793
v -0.3076668977737427 -0.19742627441883087 -0.08461380749940872
v -0.3091379702091217 -0.19697627425193787 -0.08427537232637405
v -0.30636459589004517 -0.19754590094089508 -0.08170998096466064
v -0.3022567629814148 -0.19801108539104462 -0.08032343536615372
v -0.30152082443237305 -0.1976698487997055 -0.0798657014966011
v -0.2966228723526001 -0.1983276605606079 -0.08128023147583008
v -0.2947703003883362 -0.19782857596874237 -0.08107943087816238
v -0.2913491427898407 -0.19857782125473022 -0.08550535142421722
v -0.2894911468029022 -0.19816985726356506 -0.08655323088169098
v -0.2915217876434326 -0.1978815495967865 -0.09013555198907852
v -0.29180607199668884 -0.1960960328578949 -0.0922478586435318
v -0.2960476279258728 -0.19618238508701324 -0.0926479771733284
v -0.29703256487846375 -0.19450266659259796 -0.09342453628778458
v -0.30026140809059143 -0.19591806828975677 -0.09177681803703308
v -0.3009670376777649 -0.19430029392242432 -0.09293729066848755
v -0.30452778935432434 -0.19615662097930908 -0.08991003036499023
v -0.3059793710708618 -0.1945040374994278 -0.09025422483682632
v -0.3074444532394409 -0.19665460288524628 -0.0873211994767189
v -0.3088234066963196 -0.19547206163406372 -0.08761965483427048
v -0.2861277163028717 -0.19761115312576294 -0.0737229511141777
v -0.28850600123405457 -0.19776862859725952 -0.07602693140506744
v -0.28921711444854736 -0.19772692024707794 -0.07553928345441818
v -0.28653624653816223 -0.19750554859638214 -0.07293075323104858
v -0.2824174463748932 -0.1968422681093216 -0.07280107587575912
v -0.28259027004241943 -0.19661863148212433 -0.07190461456775665
v -0.27798405289649963 -0.19596993923187256 -0.07245980203151703
v -0.27855184674263 -0.19655370712280273 -0.0739598423242569
v -0.2730383574962616 -0.196244016289711 -0.07916286587715149
v -0.2758609652519226 -0.19653688371181488 -0.07622016221284866
v -0.27415984869003296 -0.19616910815238953 -0.07541188597679138
v -0.27159833908081055 -0.19593499600887299 -0.07979745417833328
v -0.2741937041282654 -0.19581356644630432 -0.0849185511469841
v -0.2751518487930298 -0.19668042659759521 -0.08353689312934875
v -0.28018227219581604 -0.1971593052148819 -0.0848991796374321
v -0.2801267206668854 -0.1960332691669464 -0.08617223799228668
v -0.28696319460868835 -0.19784015417099 -0.08371002972126007
v -0.28628426790237427 -0.19779671728610992 -0.08260658383369446
v -0.28920456767082214 -0.19742882251739502 -0.07908660918474197
v -0.2906120717525482 -0.19742271304130554 -0.07863963395357132
v -0.277574747800827 -0.19566787779331207 -0.05852959305047989
v -0.2796644866466522 -0.19689927995204926 -0.06100877374410629
v -0.28111717104911804 -0.19638851284980774 -0.05939120799303055
v -0.2777519226074219 -0.19470424950122833 -0.05672533065080643
v -0.27161237597465515 -0.19402405619621277 -0.05733622610569
v -0.2726787030696869 -0.19485053420066833 -0.05837127938866615
v -0.2689950168132782 -0.19469428062438965 -0.06058335676789284
v -0.26764705777168274 -0.19367843866348267 -0.06024101749062538
v -0.2666020095348358 -0.19476281106472015 -0.06400283426046371
v -0.2650861144065857 -0.1941850483417511 -0.0644429549574852
v -0.2660512626171112 -0.1949625313282013 -0.06787975877523422
v -0.2639888525009155 -0.19416740536689758 -0.06827148050069809
v -0.2670193612575531 -0.19493138790130615 -0.07052434980869293
v -0.26858222484588623 -0.19558806717395782 -0.06999792158603668
v -0.2772056460380554 -0.19672541320323944 -0.06860699504613876
v -0.2729586362838745 -0.1963822990655899 -0.07017436623573303
v -0.272668719291687 -0.19579708576202393 -0.07119427621364594
v -0.2795718312263489 -0.19678844511508942 -0.0684041753411293
v -0.28010833263397217 -0.19751504063606262 -0.06481869518756866
v -0.2814777195453644 -0.19739100337028503 -0.06393147259950638
v -0.28737160563468933 -0.19278517365455627 -0.04127822816371918
v -0.29007694125175476 -0.19392269849777222 -0.04293002933263779
v -0.2905385494232178 -0.19342845678329468 -0.04219268634915352
v -0.28829461336135864 -0.1915028989315033 -0.04043126478791237
v -0.2760530710220337 -0.19206002354621887 -0.04424119368195534
v -0.2811278700828552 -0.19177128374576569 -0.0418989434838295
v -0.2807764410972595 -0.19065921008586884 -0.041202764958143234
v -0.2746027112007141 -0.19075855612754822 -0.0444791242480278
v -0.2715216875076294 -0.19250351190567017 -0.048440251499414444
v -0.27356618642807007 -0.19316893815994263 -0.047881193459033966
v -0.2840682566165924 -0.19549478590488434 -0.05143291503190994
v -0.27894386649131775 -0.1947273164987564 -0.051938313990831375
v -0.2793920636177063 -0.19457224011421204 -0.05279999226331711
v -0.28453677892684937 -0.19484829902648926 -0.05239277333021164
v -0.28857389092445374 -0.19540603458881378 -0.049386002123355865
v -0.2896665632724762 -0.19525305926799774 -0.04961515590548515
v -0.2908480167388916 -0.19495098292827606 -0.04589994251728058
v -0.29115456342697144 -0.1948816478252411 -0.045942023396492004
v -0.2763015329837799 -0.19633841514587402 -0.060205988585948944
v -0.27745965123176575 -0.19736646115779877 -0.06234253942966461
v -0.2726176381111145 -0.19565321505069733 -0.060147128999233246
v -0.26972758769989014 -0.19533047080039978 -0.06144368648529053
v -0.2677449584007263 -0.19514235854148865 -0.06390292942523956
v -0.267260879278183 -0.19541478157043457 -0.06690598279237747
v -0.268452912569046 -0.19616301357746124 -0.06819434463977814
v -0.2751418352127075 -0.1972675323486328 -0.06746802479028702
v -0.2713490426540375 -0.19651049375534058 -0.06861834228038788
v -0.27701231837272644 -0.19762712717056274 -0.0653526782989502
v -0.28515714406967163 -0.19331680238246918 -0.042349185794591904
v -0.28796666860580444 -0.19439661502838135 -0.04380575194954872
v -0.27732139825820923 -0.19327259063720703 -0.04475295916199684
v -0.28126177191734314 -0.19295963644981384 -0.04287593066692352
v -0.2755369246006012 -0.19385001063346863 -0.04807433485984802
v -0.27528417110443115 -0.19414441287517548 -0.051182229071855545
v -0.27668485045433044 -0.1944163292646408 -0.049824345856904984
v -0.27934426069259644 -0.19486287236213684 -0.05061151459813118
v -0.28300198912620544 -0.1957072764635086 -0.05032806470990181
v -0.2861737608909607 -0.19548599421977997 -0.048298344016075134
v -0.2877291440963745 -0.19501462578773499 -0.046245839446783066
v -0.28484368324279785 -0.1978795826435089 -0.07520303875207901
v -0.2862842381000519 -0.1979813575744629 -0.07706751674413681
v -0.2817280888557434 -0.19744308292865753 -0.07461480796337128
v -0.27869313955307007 -0.19712290167808533 -0.07537178695201874
v -0.27516043186187744 -0.1971013844013214 -0.0791236087679863
v -0.2765600085258484 -0.1972544938325882 -0.07708674669265747
v -0.2763541638851166 -0.19752490520477295 -0.0822419673204422
v -0.27932241559028625 -0.19803862273693085 -0.0828188955783844
v -0.28356418013572693 -0.19809995591640472 -0.08189898729324341
v -0.2860206961631775 -0.1979159265756607 -0.07950188219547272
v -0.30431535840034485 -0.19815979897975922 -0.08342351764440536
v -0.30545833706855774 -0.19801785051822662 -0.0851888358592987
v -0.3015667796134949 -0.19837960600852966 -0.08190587162971497
v -0.2974686920642853 -0.1987280249595642 -0.0823344886302948
v -0.2936486601829529 -0.1990063637495041 -0.08519458025693893
v -0.29319170117378235 -0.198836088180542 -0.08797992020845413
v -0.2968190312385559 -0.1978626400232315 -0.09060194343328476
v -0.2998688220977783 -0.19726525247097015 -0.09078805148601532
v -0.30276697874069214 -0.197440966963768 -0.08918283879756927
v -0.3046557307243347 -0.19778838753700256 -0.08719788491725922
v -0.3128998577594757 -0.19373758137226105 -0.04773319512605667
v -0.3125905692577362 -0.19558054208755493 -0.05309180170297623
v -0.3109039068222046 -0.19187204539775848 -0.04414806887507439
v -0.30663591623306274 -0.1914152055978775 -0.04228702932596207
v -0.30218368768692017 -0.19205670058727264 -0.04210623726248741
v -0.298000693321228 -0.19361579418182373 -0.04346415773034096
v -0.29553788900375366 -0.1948378086090088 -0.047129906713962555
v -0.29431384801864624 -0.19534699618816376 -0.05143940448760986
v -0.2909947335720062 -0.1961696594953537 -0.05610201880335808
v -0.28871968388557434 -0.1971915066242218 -0.061121463775634766
v -0.28936201333999634 -0.19714000821113586 -0.06462205201387405
v -0.291346937417984 -0.1971004605293274 -0.06970295310020447
v -0.28901320695877075 -0.19675250351428986 -0.06795534491539001
v -0.29855865240097046 -0.1969115138053894 -0.07467570900917053
v -0.29348084330558777 -0.19722791016101837 -0.07240921258926392
v -0.30406349897384644 -0.19709733128547668 -0.07540763914585114
v -0.30840837955474854 -0.1969541609287262 -0.07757296413183212
v -0.31244656443595886 -0.19633355736732483 -0.07871309667825699
v -0.3163112699985504 -0.1953045278787613 -0.07836560159921646
v -0.3199257254600525 -0.19423097372055054 -0.07655759155750275
v -0.3216865062713623 -0.19398260116577148 -0.07394210994243622
v -0.3215084373950958 -0.19455647468566895 -0.07008244097232819
v -0.3161202073097229 -0.19608992338180542 -0.06510607898235321
v -0.3147262930870056 -0.19610565900802612 -0.05897381156682968
v -0.27236276865005493 -0.1971765160560608 -0.06429482996463776
v -0.2804626226425171 -0.19836871325969696 -0.07873336970806122
v -0.28179657459259033 -0.19465865194797516 -0.046333812177181244
v -0.2999662160873413 -0.1990451216697693 -0.08673443645238876
v -0.30916014313697815 -0.19481663405895233 -0.049607958644628525
v -0.3085981011390686 -0.1961069405078888 -0.05429809167981148
v -0.308662086725235 -0.1936338245868683 -0.04659238085150719
v -0.3066311478614807 -0.193407341837883 -0.04543158784508705
v -0.3029913902282715 -0.19364260137081146 -0.045068562030792236
v -0.2996906042098999 -0.19438967108726501 -0.04645957425236702
v -0.297842800617218 -0.19488872587680817 -0.04911603778600693
v -0.29754871129989624 -0.1953151971101761 -0.05343157425522804
v -0.2935819625854492 -0.19604374468326569 -0.05662427842617035
v -0.2921125292778015 -0.19686177372932434 -0.06069858372211456
v -0.2930681109428406 -0.19671908020973206 -0.06352373212575912
v -0.29381129145622253 -0.1967913657426834 -0.06841835379600525
v -0.2926884889602661 -0.1965065449476242 -0.06636068969964981
v -0.2993299961090088 -0.19687491655349731 -0.07203255593776703
v -0.2956961989402771 -0.19707144796848297 -0.06976433098316193
v -0.30460265278816223 -0.19674165546894073 -0.07236886769533157
v -0.30776309967041016 -0.19687272608280182 -0.07485990226268768
v -0.3114417791366577 -0.19656053185462952 -0.07590261101722717
v -0.314496248960495 -0.19590875506401062 -0.07480067759752274
v -0.31690701842308044 -0.1956571638584137 -0.07408863306045532
v -0.3178456425666809 -0.19548216462135315 -0.07291866838932037
v -0.3178364038467407 -0.19567933678627014 -0.07069462537765503
v -0.3124133348464966 -0.19661706686019897 -0.06641419231891632
v -0.31033027172088623 -0.196895033121109 -0.06084373965859413
v -0.30184081196784973 -0.19640709459781647 -0.06330970674753189
v -0.30383041501045227 -0.19541871547698975 -0.04935126006603241
v -0.27450647950172424 -0.19377495348453522 -0.0519406832754612
v -0.3187744617462158 -0.17985498905181885 -0.08431380242109299
v -0.31365811824798584 -0.1931157410144806 -0.0859539732336998
v -0.32374778389930725 -0.18822956085205078 -0.07903783768415451
v -0.3315465450286865 -0.18810254335403442 -0.069157175719738
v -0.3302297592163086 -0.1885303556919098 -0.05495670437812805
v 0.2627330720424652 0.16140180826187134 -0.01579367369413376
v 0.21522432565689087 0.1734900325536728 -0.027510909363627434
v 0.2276376187801361 0.17002955079078674 -0.02348482422530651
v 0.26894786953926086 0.16413961350917816 -0.011376462876796722
v 0.26804789900779724 0.1676594614982605 -0.005304568912833929
v 0.2507825791835785 0.15693508088588715 -0.02114800550043583
v 0.24286353588104248 0.15821170806884766 -0.022722693160176277
v 0.20788027346134186 0.17117154598236084 -0.020626826211810112
v 0.21055743098258972 0.1742670238018036 -0.02870553359389305
v 0.22253507375717163 0.17228977382183075 -0.020097291097044945
v 0.22591693699359894 0.17076095938682556 -0.0252387598156929
v 0.2559828460216522 0.16371199488639832 -0.018543487414717674
v 0.25019675493240356 0.16133315861225128 -0.020656902343034744
v 0.2413318157196045 0.16244374215602875 -0.022716250270605087
v 0.24258676171302795 0.16845344007015228 -0.017461329698562622
v 0.26168209314346313 0.1700320988893509 -0.0064069367945194244
v 0.26205384731292725 0.1717132329940796 -3.850826033158228e-05
v 0.2600466012954712 0.1671321988105774 -0.011250978335738182
v 0.24573220312595367 0.17825452983379364 -0.014024727046489716
v 0.2749977707862854 0.18922866880893707 -0.01700868457555771
v 0.27781006693840027 0.189485564827919 -0.014655225910246372
v 0.06357680261135101 -0.1808847188949585 -0.05237143114209175
v 0.06757435202598572 -0.18160712718963623 -0.05356708914041519
v 0.06893357634544373 -0.18151600658893585 -0.056137215346097946
v 0.06441343575716019 -0.18111306428909302 -0.055882927030324936
v 0.06376002728939056 -0.17997433245182037 -0.04842483997344971
v 0.06720872968435287 -0.18102894723415375 -0.051018886268138885
v 0.06535960733890533 -0.1789349466562271 -0.04635140299797058
v 0.06731948256492615 -0.18022657930850983 -0.04921244457364082
v 0.06845296174287796 -0.17854031920433044 -0.04590076953172684
v 0.0693020299077034 -0.18005801737308502 -0.04933684691786766
v 0.07143775373697281 -0.17863695323467255 -0.047428686171770096
v 0.07105177640914917 -0.18054518103599548 -0.051023490726947784
v 0.07407838106155396 -0.1796080768108368 -0.0498649887740612
v 0.07260746508836746 -0.18098926544189453 -0.053013935685157776
v 0.07520291209220886 -0.18057575821876526 -0.05247925594449043
v 0.07356831431388855 -0.18122294545173645 -0.055160097777843475
v 0.07894130051136017 -0.18032525479793549 -0.054311297833919525
v 0.07608146220445633 -0.18092431128025055 -0.05618954822421074
v 0.08208077400922775 -0.1800595074892044 -0.05712253972887993
v 0.07844127714633942 -0.18044261634349823 -0.05815120041370392
v 0.082340769469738 -0.1798725426197052 -0.060200002044439316
v 0.07836275547742844 -0.18041959404945374 -0.0601017139852047
v 0.0816255733370781 -0.18001006543636322 -0.0648839995265007
v 0.07812333106994629 -0.18018276989459991 -0.06356567144393921
v 0.07918962836265564 -0.18007075786590576 -0.062121301889419556
v 0.08285592496395111 -0.17973296344280243 -0.06262368708848953
v 0.07794550061225891 -0.1800609529018402 -0.0694379135966301
v 0.07552895694971085 -0.1801447570323944 -0.0666327252984047
v 0.07825145125389099 -0.18023213744163513 -0.06552356481552124
v 0.08059140294790268 -0.18016716837882996 -0.06713792681694031
v 0.07321210205554962 -0.17978866398334503 -0.06987646222114563
v 0.0723223090171814 -0.18022653460502625 -0.06659674644470215
v 0.07101035863161087 -0.18038871884346008 -0.07329840958118439
v 0.0704471543431282 -0.17993609607219696 -0.06887827813625336
v 0.0681748017668724 -0.18079473078250885 -0.07506654411554337
v 0.06841707229614258 -0.17998749017715454 -0.07036324590444565
v 0.06523080915212631 -0.180649533867836 -0.07562419027090073
v 0.06667430698871613 -0.18004611134529114 -0.07204242795705795
v 0.06250075250864029 -0.18003691732883453 -0.07440286874771118
v 0.0648869052529335 -0.18001142144203186 -0.07169554382562637
v 0.061172690242528915 -0.17975395917892456 -0.07191947102546692
v 0.06519550830125809 -0.17998920381069183 -0.0694517195224762
v 0.06098504737019539 -0.17996090650558472 -0.06908991932868958
v 0.06591662019491196 -0.18019044399261475 -0.06721727550029755
v 0.0633091926574707 -0.18032987415790558 -0.06454826146364212
v 0.06769511103630066 -0.18051095306873322 -0.06415437906980515
v 0.060687363147735596 -0.18086889386177063 -0.05979878455400467
v 0.06630273908376694 -0.18108530342578888 -0.06008940190076828
v 0.07268647849559784 -0.18103669583797455 -0.06093769893050194
v 0.17018596827983856 0.2368449717760086 -0.06641393899917603
v 0.16800127923488617 0.23246459662914276 -0.06500953435897827
v 0.1659158617258072 0.2401299774646759 -0.0655917078256607
v -0.1314510703086853 0.004605934023857117 0.00010577397915767506
v -0.1623561978340149 0.01619756408035755 9.766769653651863e-05
v -0.14781801402568817 0.20902690291404724 -9.471795056015253e-05
v 0.013891542330384254 -0.013134048320353031 -4.923823871649802e-05
v 0.034561701118946075 -0.018114589154720306 8.358671038877219e-05
v -0.236909419298172 0.20782087743282318 9.435578976990655e-05
v 0.12019522488117218 0.25821685791015625 0.0007422168273478746
v -0.32885387539863586 0.0689048022031784 -2.075663360301405e-06
v -0.011697996407747269 0.1947982758283615 -6.296679202932864e-05
v -0.3277188837528229 0.18784599006175995 1.4198189091985114e-05
v 0.24075062572956085 0.15359359979629517 -0.0002707410603761673
v 0.25216150283813477 0.15692387521266937 -0.00011349459236953408
v -0.08399949967861176 0.0014565795427188277 7.533410098403692e-05
v 0.18734459578990936 0.16308680176734924 9.200003114528954e-05
v 0.001990324817597866 0.19507785141468048 -7.012028072495013e-05
v -0.35137587785720825 0.16822512447834015 7.258108234964311e-05
v -0.3567717671394348 0.11693403124809265 0.00010581937385722995
v -0.3671204149723053 0.13118232786655426 0.00021729509171564132
v -0.32944512367248535 0.07198775559663773 -9.673844033386558e-05
v -0.20913448929786682 0.025704123079776764 5.828915163874626e-06
v 0.2652888000011444 0.15270109474658966 -0.00012915791012346745
v -0.2181372046470642 0.21087412536144257 5.8418328990228474e-05
v -0.1966971904039383 0.21084439754486084 -2.1651125280186534e-05
v -0.37736573815345764 0.16654342412948608 0.00021070160437375307
v -0.35751691460609436 0.1643807291984558 0.00012620298366528004
v -0.3782022297382355 0.1310681402683258 0.00023505288118030876
v -0.4229165017604828 0.12417576462030411 0.00012558975140564144
v -0.44005632400512695 0.1797308772802353 0.000251385266892612
v -0.5023248195648193 0.1272861361503601 0.0004061659565195441
v -0.5501810908317566 0.1294788420200348 0.0005115320673212409
v -0.6034666895866394 0.17559248208999634 0.0005698003224097192
v -0.6030389070510864 0.14190639555454254 0.0008868094882927835
v -0.6337569952011108 0.15277962386608124 0.0007736175321042538
v 0.16777266561985016 0.2803286910057068 -5.315909947967157e-05
v 0.19005127251148224 0.2754034399986267 -0.00018571197870187461
v 0.24978548288345337 0.1466565579175949 -0.00014903300325386226
v 0.2628423273563385 0.16209718585014343 -3.755039506359026e-05
v 0.26671379804611206 0.16432465612888336 3.055930574191734e-05
v 0.24548880755901337 0.23127120733261108 -4.0622035157866776e-05
v -0.6355093717575073 0.17054320871829987 0.000770198879763484
v -0.6382737755775452 0.15821002423763275 0.000934607582166791
v 0.14941295981407166 0.2806089222431183 0.00019393365073483437
v 0.1333300769329071 0.27430763840675354 0.00043905197526328266
v 0.16236013174057007 0.1303679496049881 0.0004611463227774948
v 0.22948138415813446 0.257572740316391 -4.92738836328499e-05
v 0.1848383992910385 0.16746720671653748 -0.008879275992512703
v 0.19349581003189087 0.15871630609035492 0.0001720957807265222
v 0.21891605854034424 0.14971773326396942 -0.0003618819755502045
v 0.2159164398908615 0.26668810844421387 -1.7348053006571718e-05
v 0.2950809895992279 0.1902020424604416 -5.0676888349698856e-05
v 0.29215383529663086 0.18462194502353668 -5.9068410337204114e-05
v 0.07803238928318024 -0.012355015613138676 -7.766464841552079e-05
v 0.2740926146507263 0.164764404296875 -1.8283541066921316e-05
v 0.27374449372291565 0.16548757255077362 -2.2521198843605816e-06
v 0.19582954049110413 0.15492109954357147 1.1269068636465818e-05
v 0.18707837164402008 0.15472492575645447 0.0001720882864901796
v 0.24804608523845673 0.22762411832809448 5.661442628479563e-05
v 0.2512565553188324 0.2236902266740799 -6.698095239698887e-05
v 0.0890767052769661 -0.005900882184505463 -2.052925992757082e-06
v 0.2685348093509674 0.17010413110256195 -2.387404310866259e-05
v 0.2074267417192459 0.16461241245269775 -0.00021932600066065788
v 0.22180546820163727 0.16978587210178375 -0.0002265764051117003
v 0.2354605346918106 0.17130912840366364 -0.0001467076945118606
v 0.24622972309589386 0.17468532919883728 3.0198214517440647e-05
v 0.28057435154914856 0.1728287786245346 -3.111352998530492e-05
v 0.2767133116722107 0.16646583378314972 -9.094734559766948e-05
v 0.2757662534713745 0.16537846624851227 -3.656130502349697e-05
v 0.2845906913280487 0.17653340101242065 -7.590129098389298e-05
v 0.24900701642036438 0.15778279304504395 -0.019749168306589127
v 0.22394625842571259 0.1627945899963379 -0.026882320642471313
v 0.2715509235858917 0.16344475746154785 -0.004644624423235655
v 0.2251768708229065 0.16144444048404694 -0.024207916110754013
v 0.26571011543273926 0.15829576551914215 -0.012261506170034409
v 0.2854889929294586 0.1871778964996338 -0.008520128205418587
v 0.29091179370880127 0.18323296308517456 -3.0027977118152194e-05
v 0.28400489687919617 0.1764703094959259 -0.0028113387525081635
v 0.2872696816921234 0.1802615076303482 -0.0032836017198860645
v 0.28642603754997253 0.17943371832370758 -0.003151659155264497
v 0.2845767140388489 0.1773446649312973 -0.0030788842123001814
v 0.28767138719558716 0.18300989270210266 -0.0056492630392313
v 0.2812955677509308 0.1763102412223816 -0.007245286367833614
v 0.2793082892894745 0.1769687831401825 -0.010889398865401745
v 0.2891300916671753 0.18516533076763153 -0.005301450379192829
v 0.2906625270843506 0.18384456634521484 -0.0023037565406411886
v 0.28601688146591187 0.17968417704105377 -0.0036942334845662117
v 0.28425079584121704 0.177383691072464 -0.0035230403300374746
v 0.2861829400062561 0.18183694779872894 -0.005217806436121464
v 0.28551092743873596 0.18342573940753937 -0.00745454290881753
v 0.28453224897384644 0.18257877230644226 -0.007868778891861439
v 0.2827838659286499 0.17574144899845123 -0.004100578371435404
v 0.28263217210769653 0.18421697616577148 -0.01020830124616623
v 0.28146055340766907 0.18337421119213104 -0.010643329471349716
v 0.27571406960487366 0.18298035860061646 -0.0159574244171381
v 0.27746009826660156 0.18051433563232422 -0.013631235808134079
v 0.2760939300060272 0.18145652115345 -0.012606637552380562
v 0.2757803499698639 0.18319760262966156 -0.015364685095846653
v 0.28360825777053833 0.17752382159233093 -0.004260890651494265
v 0.28456181287765503 0.1800455003976822 -0.0048073409125208855
v 0.28030702471733093 0.17844681441783905 -0.006885091308504343
v 0.27965816855430603 0.1779918074607849 -0.006669519003480673
v 0.2823173999786377 0.17723572254180908 -0.005625667050480843
v 0.27937769889831543 0.1771153062582016 -0.007787384558469057
v 0.281809002161026 0.18232238292694092 -0.009155727922916412
v 0.2797311842441559 0.18268154561519623 -0.011071822606027126
v 0.2771068513393402 0.1820044070482254 -0.011017123237252235
v 0.27804088592529297 0.17988955974578857 -0.00980178453028202
v 0.277551531791687 0.17918972671031952 -0.013659698888659477
v 0.28094786405563354 0.1771892011165619 -0.008034122176468372
v 0.2822558283805847 0.18714986741542816 -0.011392306536436081
v 0.281785249710083 0.1851365566253662 -0.011695010587573051
v 0.2845076620578766 0.18449504673480988 -0.008706803433597088
v 0.2759600877761841 0.18578536808490753 -0.016375413164496422
v 0.2779339551925659 0.18413835763931274 -0.013825053349137306
v 0.275665283203125 0.1828557848930359 -0.016395440325140953
v 0.275594025850296 0.18397001922130585 -0.014750219881534576
v 0.27584800124168396 0.18418392539024353 -0.015686163678765297
v 0.27900806069374084 0.17879164218902588 -0.011070780456066132
v 0.2838532328605652 0.18105743825435638 -0.006532160099595785
v 0.27772051095962524 0.1833726167678833 -0.013314295560121536
v 0.27587175369262695 0.17886541783809662 -0.008399423211812973
v 0.27767813205718994 0.17917050421237946 -0.010495302267372608
v 0.27936676144599915 0.1790642887353897 -0.00803143810480833
v 0.2748295068740845 0.1832519918680191 -0.012236302718520164
v 0.2886188328266144 0.18028685450553894 -6.759566167602316e-05
v 0.2866620421409607 0.18181149661540985 -0.004986776504665613
v 0.2743470370769501 0.184418722987175 -0.018049729987978935
v 0.28231075406074524 0.17576858401298523 -0.0031722793355584145
v 0.2772301435470581 0.17928513884544373 -0.013891992159187794
v 0.27835842967033386 0.185399129986763 -0.013798528350889683
v 0.07855323702096939 -0.14759758114814758 -0.058101702481508255
v 0.08071477711200714 -0.14534851908683777 -0.053726889193058014
v 0.06370033323764801 -0.15242630243301392 -0.08101604133844376
v 0.060381144285202026 -0.15411628782749176 -0.08144224435091019
v -0.3231193721294403 -0.18410071730613708 -0.08109734952449799
v -0.3200237452983856 -0.18519103527069092 -0.08341961354017258
v -0.3365565240383148 -0.18273302912712097 -0.06276990473270416
v -0.336525022983551 -0.1827833503484726 -0.05873682349920273
v -0.33307546377182007 -0.17475762963294983 -0.04390501230955124
v -0.33737868070602417 -0.1755642592906952 -0.048740025609731674
v -0.338998019695282 -0.17066067457199097 -0.04880453646183014
v -0.3360154628753662 -0.16974227130413055 -0.045306820422410965
v -0.29455438256263733 -0.1564449965953827 -0.054871730506420135
v -0.2958788275718689 -0.15518911182880402 -0.060885898768901825
v -0.30220767855644226 -0.1538444310426712 -0.0694083645939827
v -0.30746495723724365 -0.15195243060588837 -0.07255197316408157
v -0.3056224584579468 -0.14549240469932556 -0.06882762908935547
v -0.30866000056266785 -0.14416387677192688 -0.0711565911769867
v 0.07608465850353241 -0.18087293207645416 -0.0615445151925087
v 0.07310962677001953 -0.18132701516151428 -0.05789480358362198
v 0.0730915293097496 -0.180447056889534 -0.06417344510555267
v 0.07571156322956085 -0.18083590269088745 -0.05891783908009529
v 0.07559642195701599 -0.18036691844463348 -0.0640253871679306
v 0.07014860212802887 -0.1815302073955536 -0.05856487900018692
v 0.07058995962142944 -0.18073967099189758 -0.06351079046726227
v 0.0693681612610817 -0.18167150020599365 -0.06107516586780548
v -0.2986309826374054 -0.19614197313785553 -0.05972254276275635
v -0.30235743522644043 -0.19661571085453033 -0.06826432049274445
v -0.3038330376148224 -0.19658102095127106 -0.05774114653468132
v -0.30762335658073425 -0.19647866487503052 -0.06628310680389404
v -0.30619364976882935 -0.19673070311546326 -0.06193816661834717
v -0.2979605793952942 -0.1963750422000885 -0.06714711338281631
v -0.29764288663864136 -0.1960904747247696 -0.0640069991350174
v -0.2969974875450134 -0.19609582424163818 -0.06230730563402176
v -0.3114066421985626 -0.1963401585817337 -0.07099046558141708
v -0.616036593914032 0.17079932987689972 0.0007538706413470209
v -0.6197132468223572 0.14793239533901215 0.0008865015115588903
v -0.6174251437187195 0.15925322473049164 -0.014817098155617714
v -0.6153296232223511 0.1665792614221573 -0.011874022893607616
v -0.6180097460746765 0.15121223032474518 -0.009985803626477718
v -0.623116672039032 0.1728946715593338 0.0007153854239732027
v -0.6202951073646545 0.1681673526763916 -0.00975439976900816
v -0.625186026096344 0.14788630604743958 0.0007719569839537144
v -0.6224669814109802 0.1592794805765152 -0.013843253254890442
v -0.6235863566398621 0.15067191421985626 -0.009483235888183117
v -0.32727086544036865 -0.1820029467344284 -0.04323086887598038
v -0.31219741702079773 -0.18677368760108948 -0.0889228954911232
v -0.3068743050098419 -0.1867723912000656 -0.09171050041913986
v -0.2831006944179535 -0.1854209303855896 -0.09085492789745331
v -0.27538803219795227 -0.1769782304763794 -0.08773843199014664
v -0.26551103591918945 -0.18587790429592133 -0.07547236233949661
v -0.2631677985191345 -0.17754848301410675 -0.07106611877679825
v -0.30978456139564514 -0.18096470832824707 -0.03742273524403572
v -0.30198633670806885 -0.18164986371994019 -0.037444502115249634
v -0.26900768280029297 -0.18164445459842682 -0.052245862782001495
v -0.26850852370262146 -0.17787161469459534 -0.05216916278004646
v -0.2682972252368927 -0.17684905230998993 -0.07785570621490479
v -0.26546886563301086 -0.17524106800556183 -0.05959421768784523
v -0.28776636719703674 -0.17897586524486542 -0.09204135835170746
v -0.28586459159851074 -0.18254151940345764 -0.0384969525039196
v -0.29428935050964355 -0.18277285993099213 -0.03767968341708183
v -0.3216905891895294 -0.18068838119506836 -0.039778973907232285
v -0.3219093978404999 -0.1874309629201889 -0.08107973635196686
v -0.3338335156440735 -0.18625429272651672 -0.05898337438702583
v -0.32961899042129517 -0.1837317943572998 -0.07580602914094925
v -0.33315303921699524 -0.1826900839805603 -0.07173775136470795
v -0.2768200635910034 -0.17652316391468048 -0.04311414808034897
v -0.2984684407711029 -0.18234622478485107 -0.09455958753824234
v -0.3169206380844116 -0.18675380945205688 -0.08543850481510162
v -0.32615479826927185 -0.18390551209449768 -0.07897952944040298
v -0.33540719747543335 -0.18286176025867462 -0.0673040971159935
v -0.33541110157966614 -0.1834079772233963 -0.05399024859070778
v -0.31894075870513916 -0.18841995298862457 -0.08353040367364883
v -0.33292147517204285 -0.182479128241539 -0.048609521239995956
v -0.33409950137138367 -0.18629738688468933 -0.0643705278635025
v 0.2622634470462799 0.15849466621875763 -0.015178635716438293
v 0.2581738829612732 0.15595310926437378 -0.018563997000455856
v 0.2532293200492859 0.18037749826908112 -0.0076369475573301315
v 0.2550887167453766 0.17321085929870605 -0.00011215666745556518
v 0.07872552424669266 -0.15032711625099182 -0.0675482377409935
v 0.07834023237228394 -0.15112990140914917 -0.07329417020082474
v 0.0785018652677536 -0.1449533849954605 -0.06801994144916534
v 0.07273302227258682 -0.1447647511959076 -0.07280582934617996
v 0.07738156616687775 -0.1493409126996994 -0.04552638158202171
v 0.07348474115133286 -0.15221509337425232 -0.04430198296904564
v 0.0767720639705658 -0.1479600965976715 -0.04592396318912506
v 0.0725226104259491 -0.14976800978183746 -0.04238250106573105
v -0.15635743737220764 0.014021609909832478 0.019525935873389244
v -0.1333124041557312 0.006730667315423489 0.026384200900793076
v -0.14105327427387238 0.20519660413265228 0.025406980887055397
v -0.1153278723359108 0.20198337733745575 0.02849954552948475
v -0.10530250519514084 0.013105371966958046 0.06431784480810165
v -0.10240007936954498 0.029421348124742508 0.07459706813097
v -0.12748366594314575 0.03186424449086189 0.07398272305727005
v -0.12909449636936188 0.01386148203164339 0.06222505867481232
v -0.15647463500499725 0.019120799377560616 0.06012063845992088
v -0.15743105113506317 0.014907805249094963 0.039251867681741714
v -0.1353483498096466 0.007178495172411203 0.047609843313694
v -0.13707906007766724 0.1685527265071869 0.06629722565412521
v -0.11409694701433182 0.16638793051242828 0.06981644034385681
v -0.11059648543596268 0.18820495903491974 0.05168309062719345
v -0.13847339153289795 0.1917405128479004 0.048970360308885574
v -0.34543564915657043 0.12851840257644653 0.06279301643371582
v -0.33114850521087646 0.14504919946193695 0.06362730264663696
v -0.3407971262931824 0.15332049131393433 0.0448114350438118
v -0.3522953987121582 0.13716329634189606 0.03775632753968239
v 0.031987980008125305 -0.01969757303595543 0.024226393550634384
v 0.016022883355617523 -0.01701958291232586 0.029705606400966644
v -0.27160871028900146 0.19935379922389984 0.02683531492948532
v -0.23790621757507324 0.2047761231660843 0.024379117414355278
v 0.017381075769662857 0.1433051973581314 0.07662151753902435
v 0.035044196993112564 0.13948078453540802 0.07881986349821091
v 0.037220168858766556 0.17477144300937653 0.06418861448764801
v 0.02433566376566887 0.17247618734836578 0.060679446905851364
v -0.23532289266586304 0.19473032653331757 0.04502536356449127
v -0.2642401158809662 0.18875041604042053 0.050015512853860855
v -0.255354642868042 0.17581650614738464 0.06543479859828949
v -0.23070380091667175 0.1797856092453003 0.060796141624450684
v 0.023442458361387253 0.19544701278209686 0.023352064192295074
v 0.023605365306138992 0.18839889764785767 0.04496845230460167
v 0.037452951073646545 0.19323207437992096 0.04080020636320114
v 0.0377996452152729 0.19872841238975525 0.018365230411291122
v 0.07103060185909271 -0.02046368271112442 0.07592014223337173
v 0.06343840062618256 -0.04217575490474701 0.07436364889144897
v 0.06756046414375305 -0.041116926819086075 0.06033971533179283
v 0.07607787847518921 -0.019293852150440216 0.06257475167512894
v 0.04580211266875267 -0.024092409759759903 0.02925446443259716
v 0.04531997814774513 -0.0471692830324173 0.03781016543507576
v 0.0336993969976902 -0.040965817868709564 0.03298672288656235
v 0.0006128409877419472 -0.0044818781316280365 0.04069538787007332
v 0.01239809114485979 -0.02692512981593609 0.03993688151240349
v 0.0023823126684874296 -0.02111932262778282 0.05219365283846855
v -0.013570749200880527 0.0003811866044998169 0.05205261707305908
v 0.026301860809326172 -0.03291734680533409 0.08784081041812897
v 0.04041574150323868 -0.04417837783694267 0.08654630929231644
v 0.039364174008369446 -0.011841217055916786 0.09215635806322098
v 0.020424064248800278 -0.004680171608924866 0.09160086512565613
v -0.22930361330509186 0.016619693487882614 0.07946188747882843
v -0.24695581197738647 -0.005869425367563963 0.08249010890722275
v -0.23827999830245972 -0.0032935584895312786 0.06227310001850128
v -0.22196388244628906 0.016736239194869995 0.04962443187832832
v -0.2464900016784668 0.03483511134982109 0.017614930868148804
v -0.2496602088212967 0.002038495149463415 0.03531353175640106
v -0.2776273488998413 0.005367846693843603 0.025668693706393242
v -0.2824208736419678 0.03597158566117287 0.011970854364335537
v -0.32543545961380005 -0.13955813646316528 0.07722171396017075
v -0.3392891585826874 -0.13858440518379211 0.07241146266460419
v -0.33680832386016846 -0.15520326793193817 0.072956383228302
v -0.3239622414112091 -0.1565150022506714 0.07866962254047394
v -0.3033066987991333 -0.09744830429553986 0.06282015889883041
v -0.3137587308883667 -0.09797211736440659 0.0748538076877594
v -0.31234994530677795 -0.1033216267824173 0.07345693558454514
v -0.3046606183052063 -0.10520806163549423 0.06068537384271622
v -0.3093927502632141 -0.09475093334913254 0.046082016080617905
v -0.3100474178791046 -0.10453562438488007 0.04691886156797409
v -0.32396820187568665 -0.10022889077663422 0.038462862372398376
v -0.3248448073863983 -0.09178333729505539 0.03843767195940018
v -0.3524109125137329 -0.09095782786607742 0.04626118019223213
v -0.3526759743690491 -0.09667884558439255 0.04810712859034538
v -0.3555648922920227 -0.09539273381233215 0.05462704971432686
v -0.3570137917995453 -0.08717899769544601 0.052249446511268616
v 0.09124758839607239 -0.008158080279827118 0.02889876998960972
v 0.10349759459495544 0.004833871498703957 0.02876387909054756
v 0.10031463950872421 0.00577874481678009 0.049193814396858215
v 0.08767317980527878 -0.009332419373095036 0.054913733154535294
v 0.06761221587657928 0.2008146047592163 0.04834146797657013
v 0.06607822328805923 0.1746634691953659 0.06420224905014038
v 0.07917232811450958 0.18892957270145416 0.06551024317741394
v 0.08047516644001007 0.2122424691915512 0.04902675747871399
v 0.06690208613872528 0.21022504568099976 0.02220391109585762
v 0.0821894109249115 0.21739763021469116 0.027789706364274025
v 0.12574778497219086 0.04227559268474579 0.026115192100405693
v 0.139302596449852 0.06421101838350296 0.019177298992872238
v 0.12718912959098816 0.06463315337896347 0.04350803419947624
v 0.11807109415531158 0.04027998447418213 0.04449210688471794
v 0.10404633730649948 0.10019190609455109 0.06340380012989044
v 0.11295141279697418 0.08538995683193207 0.05797155573964119
v 0.13072717189788818 0.12308319658041 0.05372829735279083
v 0.12524086236953735 0.1388489156961441 0.05374438688158989
v 0.10075895488262177 0.22862690687179565 0.046975526958703995
v 0.10076053440570831 0.2125866562128067 0.06149856373667717
v 0.1248246431350708 0.2327895313501358 0.06563404947519302
v 0.11857493221759796 0.25222310423851013 0.047435298562049866
v 0.11778083443641663 0.2598285973072052 0.026295265182852745
v 0.10036642849445343 0.23660142719745636 0.026150600984692574
v -0.06157394498586655 0.15732182562351227 0.06738121062517166
v -0.05781618878245354 0.1308557689189911 0.07784929871559143
v -0.036207690834999084 0.1326266974210739 0.07609541714191437
v -0.02993270754814148 0.15816329419612885 0.06470368802547455
v -0.20644080638885498 0.03459189832210541 0.028320657089352608
v -0.20652030408382416 0.0330507718026638 0.04588000848889351
v -0.21761468052864075 0.02975486032664776 0.04892851784825325
v -0.2257407307624817 0.035058531910181046 0.025221025571227074
v -0.056945595890283585 0.19224141538143158 0.026804491877555847
v -0.06187503784894943 0.1813899576663971 0.04731210693717003
v -0.02235284075140953 0.18139499425888062 0.04432892054319382
v -0.025871586054563522 0.19124051928520203 0.021575607359409332
v 0.22153034806251526 0.20984530448913574 0.07751377671957016
v 0.21268709003925323 0.20108316838741302 0.082389697432518
v 0.23274940252304077 0.20159704983234406 0.0750884935259819
v 0.23489660024642944 0.20938128232955933 0.07379267364740372
v 0.19229890406131744 0.2728222608566284 0.02383260428905487
v 0.18803469836711884 0.2752908170223236 0.012977181002497673
v 0.17507624626159668 0.2789207398891449 0.01657061092555523
v 0.17894184589385986 0.2771715819835663 0.028220146894454956
v 0.20252302289009094 0.15434525907039642 0.010199063457548618
v 0.20587973296642303 0.15734130144119263 0.018521806225180626
v 0.19210414588451385 0.16266579926013947 0.022023001685738564
v 0.19273021817207336 0.15677443146705627 0.011726131662726402
v 0.1926545351743698 0.17091380059719086 0.03589646890759468
v 0.19065794348716736 0.16698503494262695 0.02998429723083973
v 0.20092909038066864 0.1633715182542801 0.026487935334444046
v 0.20397964119911194 0.16678225994110107 0.03026864305138588
v 0.2396392822265625 0.24890650808811188 0.008894462138414383
v 0.24199680984020233 0.23841480910778046 0.007054999005049467
v -0.16152618825435638 0.14084680378437042 0.07556857913732529
v -0.133624866604805 0.141774982213974 0.07983148843050003
v -0.16585256159305573 0.1649850755929947 0.06417776644229889
v 0.25759637355804443 0.15339963138103485 0.02066813036799431
v 0.25489163398742676 0.15299619734287262 0.01958303339779377
v 0.26257482171058655 0.15480171144008636 0.01624431274831295
v 0.2656632363796234 0.15543587505817413 0.017100699245929718
v -0.34343215823173523 0.05677880719304085 0.06420040130615234
v -0.3443702459335327 0.058654043823480606 0.02963261865079403
v -0.33737966418266296 0.05482203885912895 0.03044074960052967
v -0.3361213803291321 0.03484873101115227 0.06210897117853165
v -0.3510223925113678 0.10362210869789124 0.06606060266494751
v -0.3506415784358978 0.08155009150505066 0.06705620139837265
v -0.32570305466651917 0.0926399827003479 0.0939047709107399
v -0.3259529173374176 0.11898946762084961 0.08904862403869629
v 0.059731289744377136 -0.016930297017097473 0.0862848237156868
v 0.07711366564035416 -0.003666033037006855 0.07767051458358765
v 0.05929386243224144 0.003201231360435486 0.09020446240901947
v 0.07994085550308228 0.12324921786785126 0.07190800458192825
v 0.07837072759866714 0.15561571717262268 0.06695293635129929
v 0.06693597137928009 0.1404089480638504 0.07209975272417068
v 0.07382088154554367 0.1093292236328125 0.07839786261320114
v 0.09878118336200714 0.18199078738689423 0.06539112329483032
v 0.09574068337678909 0.1496056765317917 0.06434663385152817
v 0.12636516988277435 0.1760006994009018 0.06398854404687881
v 0.1265460103750229 0.20466390252113342 0.06819173693656921
v -0.21624064445495605 0.1391144096851349 0.08078131824731827
v -0.19913597404956818 0.12843404710292816 0.07887211441993713
v -0.20522193610668182 0.15357322990894318 0.07182339578866959
v -0.21719765663146973 0.15757441520690918 0.07245103269815445
v -0.010821671225130558 0.025213265791535378 0.0800657644867897
v -0.01371398288756609 0.04715719074010849 0.08358737081289291
v -0.023999491706490517 0.048730067908763885 0.07899174839258194
v -0.02564408630132675 0.028260093182325363 0.07364127039909363
v 0.18821102380752563 0.19743627309799194 0.09324698895215988
v 0.2086908221244812 0.1878643035888672 0.08631592988967896
v 0.19906653463840485 0.201697438955307 0.08781450986862183
v 0.184933602809906 0.21653498709201813 0.08783766627311707
v 0.18557801842689514 0.1894674003124237 0.05215560272336006
v 0.18615280091762543 0.20228052139282227 0.05508112534880638
v 0.17594997584819794 0.20421473681926727 0.05862833559513092
v 0.1761978715658188 0.19203077256679535 0.05546218156814575
v -0.316601037979126 0.04837579280138016 0.010928739793598652
v 0.05247480794787407 0.20443114638328552 0.020140130072832108
v -0.007998475804924965 0.19306188821792603 0.01986602321267128
v -0.3029874265193939 0.19526830315589905 0.021647710353136063
v -0.3250509798526764 0.17990949749946594 0.029175695031881332
v -0.30724242329597473 0.00830298662185669 0.02822468802332878
v -0.32801586389541626 0.01790831983089447 0.03711654990911484
v -0.3286066949367523 -0.10525836050510406 0.0784585028886795
v -0.3297915458679199 -0.09434009343385696 0.07940255105495453
v -0.34063127636909485 -0.09616308659315109 0.04158603772521019
v -0.34024739265441895 -0.09008470922708511 0.04121631756424904
v -0.24516567587852478 0.15795598924160004 0.0783274918794632
v -0.2812865078449249 0.16811278462409973 0.06899017095565796
v -0.28159162402153015 0.14663560688495636 0.08598266541957855
v -0.15473905205726624 0.09004376083612442 0.08455834537744522
v -0.1297193169593811 0.08621647208929062 0.08881770074367523
v -0.1312294900417328 0.11301559954881668 0.08680026233196259
v -0.15772812068462372 0.11463189870119095 0.08303362131118774
v 0.07128174602985382 0.029243022203445435 0.08858492970466614
v 0.058927152305841446 0.07125897705554962 0.09151159226894379
v 0.03951473534107208 0.06797946244478226 0.09695747494697571
v 0.04041951149702072 0.037254612892866135 0.09912247955799103
v 0.09709261357784271 0.12010407447814941 0.06517650187015533
v 0.09033878147602081 0.09474807977676392 0.0731065422296524
v 0.09504611790180206 0.0714205652475357 0.06861091405153275
v 0.12377379834651947 0.15307772159576416 0.059557829052209854
v -0.0245984960347414 0.10517505556344986 0.08353017270565033
v -0.03371433541178703 0.10850993543863297 0.08111387491226196
v -0.026837283745408058 0.07675842940807343 0.08297461271286011
v -0.017695972695946693 0.07051345705986023 0.08510420471429825
v -0.21157397329807281 0.0719432681798935 0.09235404431819916
v -0.20999601483345032 0.10825008898973465 0.08968270570039749
v -0.24624904990196228 0.09796497225761414 0.10030370950698853
v -0.24473901093006134 0.06845322996377945 0.10085082799196243
v 0.20240655541419983 0.17217713594436646 0.03612586483359337
v 0.19357600808143616 0.17602570354938507 0.041231296956539154
v 0.23194169998168945 0.1515846699476242 0.015665771439671516
v 0.245371475815773 0.15101391077041626 0.014172832481563091
v 0.24388085305690765 0.15355339646339417 0.0175660140812397
v 0.23050926625728607 0.1542181372642517 0.019022982567548752
v 0.22012358903884888 0.19184830784797668 0.03879012539982796
v 0.22886687517166138 0.18648283183574677 0.03486042469739914
v 0.22903494536876678 0.1950419396162033 0.036030568182468414
v 0.21881656348705292 0.20060674846172333 0.04174723103642464
v 0.21166139841079712 0.16202934086322784 0.02219657599925995
v 0.2166813313961029 0.1586022526025772 0.01813913695514202
v 0.19677458703517914 0.16248728334903717 0.02081833966076374
v 0.20078539848327637 0.16422922909259796 0.024721967056393623
v 0.2421593964099884 0.15655361115932465 0.010794485919177532
v 0.2506554126739502 0.15749745070934296 0.010003410279750824
v -0.3096913695335388 -0.1192801371216774 0.04873540997505188
v -0.3051129877567291 -0.1190529316663742 0.06154545769095421
v -0.30416396260261536 -0.1373056173324585 0.062078822404146194
v -0.30740979313850403 -0.13579291105270386 0.05049603059887886
v -0.3161672055721283 -0.13552282750606537 0.04204194247722626
v -0.3016505837440491 -0.15068206191062927 0.05133676528930664
v -0.3127903342247009 -0.15215766429901123 0.04077722504734993
v -0.3127020299434662 -0.13937145471572876 0.0735425129532814
v -0.3144524097442627 -0.11831479519605637 0.07401756942272186
v -0.32933133840560913 -0.12024659663438797 0.0774754211306572
v -0.337794691324234 -0.15215037763118744 0.04273802042007446
v -0.34406551718711853 -0.13175545632839203 0.04632089287042618
v -0.3305199146270752 -0.1345403641462326 0.03978201746940613
v -0.32521986961364746 -0.14981785416603088 0.03821869567036629
v -0.26322588324546814 -0.028085675090551376 0.05088295042514801
v -0.25774621963500977 -0.03008650429546833 0.06386911869049072
v -0.2752396762371063 -0.047366902232170105 0.06589189916849136
v -0.2823667824268341 -0.05508130043745041 0.054251257330179214
v -0.29881903529167175 -0.05578123778104782 0.04466943442821503
v -0.29673680663108826 -0.07222511619329453 0.0507236011326313
v -0.3113095462322235 -0.073767751455307 0.04270726442337036
v -0.2834705114364624 -0.027648553252220154 0.09125415980815887
v -0.3003319799900055 -0.057644784450531006 0.08242038637399673
v -0.284319669008255 -0.05397016555070877 0.07546623796224594
v -0.26660993695259094 -0.029748933389782906 0.08051969856023788
v -0.33956456184387207 -0.050663478672504425 0.04725715517997742
v -0.3189660906791687 -0.0560624822974205 0.040824953466653824
v -0.32942017912864685 -0.07373486459255219 0.039539020508527756
v -0.3465555012226105 -0.06980408728122711 0.04515817016363144
v 0.036193955689668655 -0.16550883650779724 0.06904066354036331
v 0.033075470477342606 -0.16478560864925385 0.06062561273574829
v 0.038491565734148026 -0.1721457540988922 0.06127332150936127
v 0.04038381204009056 -0.17231644690036774 0.06958417594432831
v 0.02908218652009964 -0.14419551193714142 0.04586529731750488
v 0.03432529792189598 -0.15342608094215393 0.04436933249235153
v 0.029057851061224937 -0.15368351340293884 0.051710739731788635
v 0.02369416318833828 -0.14416950941085815 0.05246451869606972
v 0.06435097754001617 -0.17378272116184235 0.08683721721172333
v 0.0667460635304451 -0.1656382977962494 0.08835045248270035
v 0.055053357034921646 -0.16464632749557495 0.08347593247890472
v 0.056138597428798676 -0.17452777922153473 0.08259139955043793
v 0.03181299939751625 -0.13661304116249084 0.07565926760435104
v 0.038132745772600174 -0.1378607451915741 0.07766792923212051
v 0.03741476684808731 -0.12805821001529694 0.07811426371335983
v 0.031090598553419113 -0.1258101761341095 0.07637958973646164
v 0.062209270894527435 -0.0700397863984108 0.06116204708814621
v 0.06017429009079933 -0.09550334513187408 0.059202395379543304
v 0.05699360370635986 -0.09085623174905777 0.0501193106174469
v 0.058570411056280136 -0.07385386526584625 0.050837285816669464
v 0.033645305782556534 -0.12535503506660461 0.03792040795087814
v 0.029599260538816452 -0.11069150269031525 0.04023905098438263
v 0.03849843516945839 -0.1139586791396141 0.03871864825487137
v 0.04590962827205658 -0.13002903759479523 0.0379980094730854
v 0.013861939311027527 -0.08303753286600113 0.06688398122787476
v 0.008976904675364494 -0.05550876632332802 0.07125385850667953
v 0.007576217409223318 -0.06032325699925423 0.06485511362552643
v 0.011552764102816582 -0.0847105160355568 0.06317751854658127
v 0.04600109905004501 -0.12981519103050232 0.07806013524532318
v 0.05588415637612343 -0.1308557093143463 0.07328397780656815
v 0.05236000567674637 -0.11170320212841034 0.07244960963726044
v 0.04273815453052521 -0.11183234304189682 0.07688150554895401
v -0.08770754933357239 0.0019086870597675443 0.021738756448030472
v -0.040174223482608795 0.0026382089126855135 0.03548692539334297
v -0.09406772255897522 0.19962361454963684 0.026244860142469406
v -0.07346153259277344 0.054126955568790436 0.08262647688388824
v -0.08092666417360306 0.032199885696172714 0.07396166026592255
v -0.04804670065641403 0.03370629996061325 0.0741860419511795
v -0.04053014889359474 0.054149381816387177 0.08020084351301193
v -0.08244114369153976 0.006257008761167526 0.047944746911525726
v -0.04565128684043884 0.008728943765163422 0.055892396718263626
v -0.05375746265053749 0.019120648503303528 0.06699445098638535
v -0.08597734570503235 0.015661777928471565 0.06549397110939026
v -0.09452199935913086 0.18544109165668488 0.050969015806913376
v -0.08918008208274841 0.1321844756603241 0.08283263444900513
v -0.09438635408878326 0.1640540361404419 0.0685124397277832
v -0.08415190875530243 0.08013293892145157 0.08703269809484482
v -0.05420941486954689 0.08130063861608505 0.08486154675483704
v -0.06104058027267456 0.10835288465023041 0.08444784581661224
v -0.09056252986192703 0.10391009598970413 0.08737006783485413
v -0.1087912991642952 0.0020590522326529026 0.019890621304512024
v -0.10893696546554565 0.003874892136082053 0.043322544544935226
v -0.17197589576244354 0.20157915353775024 0.023839108645915985
v -0.16955676674842834 0.18846862018108368 0.04706577584147453
v -0.29725149273872375 0.18460135161876678 0.04573129490017891
v 0.054582610726356506 0.17501235008239746 0.06467043608427048
v 0.05331092327833176 0.19658590853214264 0.03993988037109375
v 0.05910000205039978 -0.050140902400016785 0.04776544123888016
v 0.06773927062749863 -0.022689567878842354 0.04054960981011391
v -0.0049490416422486305 -0.019535766914486885 0.06652513891458511
v 0.0005102655850350857 -0.021371033042669296 0.07690219581127167
v -0.010672674514353275 0.006402054335922003 0.07663770020008087
v -0.023716475814580917 0.0067376322112977505 0.06320038437843323
v 0.09791608899831772 -0.15645091235637665 0.07155051082372665
v 0.09361154586076736 -0.15578077733516693 0.07684321701526642
v 0.10028840601444244 -0.16403637826442719 0.07875504344701767
v 0.10444550961256027 -0.1649361550807953 0.07276573032140732
v 0.09135814011096954 0.010489501059055328 0.06883206963539124
v 0.14163058996200562 0.11084486544132233 0.04425210878252983
v -0.2016541063785553 0.037028856575489044 0.06120363995432854
v -0.21082334220409393 0.02885372005403042 0.06518465280532837
v -0.007673949934542179 0.16344955563545227 0.06124470382928848
v -0.0010909098200500011 0.1838795691728592 0.04376552999019623
v 0.22712837159633636 0.21706907451152802 0.0749448835849762
v 0.23513174057006836 0.2171541005373001 0.07345037162303925
v -0.31374290585517883 0.1559479683637619 0.06862308084964752
v -0.3191600739955902 0.1654519885778427 0.05427988991141319
v 0.23414471745491028 0.14856646955013275 0.010251360945403576
v 0.24652519822120667 0.14749333262443542 0.008155535906553268
v 0.19495312869548798 0.15958188474178314 0.014867540448904037
v 0.1866370290517807 0.1682082563638687 0.017921041697263718
v 0.19145917892456055 0.16936442255973816 0.02609129250049591
v 0.24679580330848694 0.1589827835559845 0.01664271205663681
v 0.23514671623706818 0.15782441198825836 0.017342008650302887
v -0.3232094347476959 -0.18713457882404327 0.04400766268372536
v -0.32770857214927673 -0.18781156837940216 0.04894155263900757
v -0.307481586933136 -0.0892532467842102 0.07300952076911926
v -0.29862040281295776 -0.08469322323799133 0.06031941995024681
v -0.3572673499584198 -0.07800671458244324 0.05352947860956192
v -0.3505920469760895 -0.08252420276403427 0.04434254392981529
v 0.07137501239776611 -0.13798801600933075 0.06351631134748459
v 0.0673089474439621 -0.13905291259288788 0.05017004534602165
v 0.06286048889160156 -0.1301407665014267 0.051606204360723495
v 0.06534608453512192 -0.13301055133342743 0.06532671302556992
v 0.016950663179159164 -0.12527769804000854 0.05233161523938179
v 0.019605232402682304 -0.13427112996578217 0.051459427922964096
v 0.016879726201295853 -0.13406911492347717 0.06004120036959648
v 0.015625908970832825 -0.12272697687149048 0.06135829538106918
v 0.060119789093732834 -0.11304879188537598 0.06292445212602615
v 0.014244765043258667 -0.10840841382741928 0.05639519914984703
v 0.013219587504863739 -0.1034073755145073 0.063595250248909
v 0.05073874816298485 0.13863836228847504 0.07611338794231415
v 0.015317030251026154 0.10767725855112076 0.0897732600569725
v -0.002922720741480589 0.13885293900966644 0.0786174088716507
v -0.006779178977012634 0.10759791731834412 0.08670197427272797
v 0.009308716282248497 0.16963472962379456 0.05983944982290268
v 0.011028498411178589 0.18561743199825287 0.04333379492163658
v 0.020636070519685745 -0.0343281514942646 0.03364063799381256
v 0.04993681237101555 -0.07579003274440765 0.043076783418655396
v 0.05269676074385643 -0.043499164283275604 0.08258570730686188
v 0.0260445699095726 -0.06500505656003952 0.07808155566453934
v 0.011607307940721512 -0.030857816338539124 0.08265580236911774
v 0.015575924888253212 -0.06495554745197296 0.07328943908214569
v 0.09507547318935394 -0.16325883567333221 0.040891531854867935
v 0.08985847979784012 -0.15761862695217133 0.04189745709300041
v 0.0941728949546814 -0.15740591287612915 0.04630022123456001
v 0.10019616037607193 -0.16415196657180786 0.045678313821554184
v 0.06851891428232193 -0.15185116231441498 0.08086591958999634
v 0.06322677433490753 -0.15416954457759857 0.0826643705368042
v 0.07234655320644379 -0.15373404324054718 0.08356792479753494
v 0.07773533463478088 -0.15261538326740265 0.08132398128509521
v 0.020704125985503197 0.014081049710512161 0.09518548846244812
v 0.004864647518843412 0.021352646872401237 0.09119327366352081
v 0.005885775201022625 0.0036738975904881954 0.08635848015546799
v 0.008958498015999794 0.19358836114406586 0.02390451543033123
v 0.018756326287984848 0.041908688843250275 0.09694109112024307
v 0.014813903719186783 0.07077322155237198 0.09587707370519638
v -0.007318473421037197 0.07437640428543091 0.09021367132663727
v -0.0013053091242909431 0.046160031110048294 0.09125837683677673
v 0.058179084211587906 0.10436104983091354 0.08651504665613174
v 0.07674583792686462 0.0780944973230362 0.08225905895233154
v 0.03448919951915741 -0.1360536515712738 0.03909298777580261
v 0.026288187131285667 -0.13664621114730835 0.04470007121562958
v 0.025934042409062386 -0.12614479660987854 0.042726464569568634
v 0.047298233956098557 -0.16534510254859924 0.07917002588510513
v 0.04975352808833122 -0.17271938920021057 0.07951461523771286
v 0.04791024327278137 -0.13935111463069916 0.0782037004828453
v 0.0604117289185524 -0.13965775072574615 0.07483697682619095
v 0.03642980009317398 -0.1465170532464981 0.07649683207273483
v 0.030481185764074326 -0.14518538117408752 0.0732329860329628
v 0.035545431077480316 -0.15696467459201813 0.07255793362855911
v 0.04346413537859917 -0.15860523283481598 0.07727618515491486
v 0.04967275261878967 -0.11387277394533157 0.04323361814022064
v 0.05743468552827835 -0.10824807733297348 0.05048731714487076
v 0.05603358522057533 -0.1318715512752533 0.043277155607938766
v 0.028002293780446053 -0.07287820428609848 0.03671245649456978
v 0.0286704208701849 -0.09418527781963348 0.04061964526772499
v 0.020389515906572342 -0.08881589770317078 0.04633389785885811
v 0.015868589282035828 -0.0660664513707161 0.04641745612025261
v 0.028340410441160202 -0.10582023113965988 0.0751999095082283
v 0.021096305921673775 -0.10445588827133179 0.0709848403930664
v 0.02449977397918701 -0.12381670624017715 0.07244397699832916
v 0.055696040391922 -0.09058275073766708 0.06950673460960388
v 0.05911233276128769 -0.06563417613506317 0.07165016978979111
v 0.04951753467321396 -0.07148506492376328 0.07796407490968704
v 0.04590972885489464 -0.09513653069734573 0.0761336013674736
v -0.3435312807559967 0.16798847913742065 0.022941282019019127
v -0.351288378238678 0.15961579978466034 0.02298464998602867
v -0.3633063733577728 0.13109463453292847 0.022051475942134857
v -0.35773980617523193 0.1103072389960289 0.0360315702855587
v -0.3774638772010803 0.16073599457740784 0.01693126931786537
v -0.37863314151763916 0.14786681532859802 0.02428622543811798
v -0.3624648153781891 0.14555923640727997 0.025185277685523033
v -0.3605462908744812 0.15619508922100067 0.01847240887582302
v -0.4494985342025757 0.17411644756793976 0.019091298803687096
v -0.4600769877433777 0.15460479259490967 0.029279643669724464
v -0.42569997906684875 0.15306301414966583 0.028119545429944992
v -0.4193689227104187 0.17030639946460724 0.01941029168665409
v -0.49443334341049194 0.1764969676733017 0.020220039412379265
v -0.5040318965911865 0.15729586780071259 0.029759308323264122
v -0.5430670976638794 0.17552705109119415 0.021453794091939926
v -0.5544255971908569 0.1573898047208786 0.027650432661175728
v -0.5734071731567383 0.1763177216053009 0.01766127161681652
v -0.5845932364463806 0.15794828534126282 0.024329103529453278
v -0.5967475771903992 0.17208552360534668 0.015014897100627422
v -0.6029661893844604 0.15837796032428741 0.01979297399520874
v -0.6100624203681946 0.16871297359466553 0.012031803838908672
v -0.6119841933250427 0.15965767204761505 0.017389575019478798
v -0.6276302337646484 0.16805484890937805 0.0103189991787076
v -0.6291393637657166 0.15859538316726685 0.014112168923020363
v 0.019986940547823906 -0.12099849432706833 0.06858711689710617
v 0.017753152176737785 -0.1019885316491127 0.06740281730890274
v 0.03592393919825554 -0.10871861129999161 0.07731714099645615
v 0.020929448306560516 -0.10774944722652435 0.04775675758719444
v 0.03829208016395569 -0.09567146748304367 0.0398721806704998
v 0.048132285475730896 -0.09459371864795685 0.04319743812084198
v 0.036556266248226166 -0.09038009494543076 0.07802808284759521
v 0.027278095483779907 -0.08779490739107132 0.07526525855064392
v 0.012374221347272396 -0.08986467123031616 0.05609175190329552
v 0.018909268081188202 -0.0860983207821846 0.07040519267320633
v 0.15951839089393616 0.2799108326435089 0.035685788840055466
v 0.1417609304189682 0.268280953168869 0.05085191875696182
v 0.15537619590759277 0.27444347739219666 0.05107966810464859
v 0.17007990181446075 0.27919456362724304 0.04124145209789276
v 0.18100939691066742 0.27310335636138916 0.0374099463224411
v 0.19866368174552917 0.2670194208621979 0.035527344793081284
v 0.17788273096084595 0.2669812738895416 0.06951062381267548
v 0.1533186137676239 0.2508648931980133 0.06457890570163727
v 0.17741930484771729 0.2446412593126297 0.08152839541435242
v 0.18314293026924133 0.27860599756240845 0.05412106588482857
v 0.19008442759513855 0.27701741456985474 0.04416878893971443
v 0.20612353086471558 0.2725358009338379 0.045045409351587296
v 0.19686803221702576 0.25314033031463623 0.050842635333538055
v 0.21222801506519318 0.24841612577438354 0.05475902929902077
v 0.20532089471817017 0.23377490043640137 0.05551066994667053
v 0.18526731431484222 0.25253617763519287 0.05263976752758026
v 0.17748087644577026 0.2469509094953537 0.06371434032917023
v 0.18928544223308563 0.22949451208114624 0.06100083887577057
v 0.17702998220920563 0.22243593633174896 0.07366954535245895
v 0.17456309497356415 0.2420312464237213 0.06757839769124985
v 0.16251219809055328 0.2337796986103058 0.06490913778543472
v 0.1687021702528 0.2396516501903534 0.06665420532226562
v 0.16966812312602997 0.24274902045726776 0.0714169442653656
v 0.19188007712364197 0.24061641097068787 0.0819295272231102
v 0.19042561948299408 0.22146722674369812 0.08668659627437592
v 0.20278432965278625 0.2575508654117584 0.07130234688520432
v 0.20552384853363037 0.2738637328147888 0.05722380056977272
v 0.22115933895111084 0.2621094882488251 0.0615808367729187
v 0.22073113918304443 0.2322092056274414 0.060484785586595535
v 0.2224346399307251 0.2165345698595047 0.06359849125146866
v 0.20962560176849365 0.208509624004364 0.06424880027770996
v 0.19958661496639252 0.200985848903656 0.0717192217707634
v 0.17202593386173248 0.2420376092195511 0.07667812705039978
v 0.20033276081085205 0.21442276239395142 0.08550158888101578
v 0.20501834154129028 0.22234228253364563 0.08107193559408188
v 0.21558867394924164 0.22969765961170197 0.07698750495910645
v 0.22082777321338654 0.2509218156337738 0.06928057968616486
v 0.22801828384399414 0.24915367364883423 0.06855413317680359
v 0.23108388483524323 0.2242213636636734 0.06654664129018784
v 0.23950837552547455 0.2199939489364624 0.06946093589067459
v 0.24243251979351044 0.21381816267967224 0.06999838352203369
v 0.23571857810020447 0.2115914672613144 0.06785700470209122
v 0.1955583095550537 0.2488255649805069 0.05888662114739418
v 0.19016380608081818 0.2503716051578522 0.06110486388206482
v 0.18436016142368317 0.24620510637760162 0.06696156412363052
v 0.18642133474349976 0.24335971474647522 0.06646686047315598
v 0.16998782753944397 0.22035786509513855 0.06082630157470703
v 0.17776735126972198 0.23308034241199493 0.06387017667293549
v 0.1732594221830368 0.23719243705272675 0.0646161362528801
v 0.16729141771793365 0.2279326170682907 0.06379356980323792
v 0.1698889583349228 0.23772956430912018 0.06585166603326797
v 0.16853296756744385 0.23615391552448273 0.06531952321529388
v 0.17177695035934448 0.2397974133491516 0.06848883628845215
v 0.1744120717048645 0.23680022358894348 0.07843032479286194
v 0.19265292584896088 0.19127391278743744 0.0911882221698761
v 0.21238958835601807 0.1839061975479126 0.08389841020107269
v 0.23850904405117035 0.19719856977462769 0.0738568902015686
v 0.24075374007225037 0.2065131515264511 0.07267387956380844
v 0.2409323751926422 0.2160809189081192 0.07239638268947601
v 0.23951366543769836 0.22373461723327637 0.07210176438093185
v 0.23022718727588654 0.23870347440242767 0.06865784525871277
v 0.2324463427066803 0.2324853539466858 0.07270081341266632
v 0.21629026532173157 0.2598054111003876 0.05385124683380127
v 0.20550307631492615 0.2578433156013489 0.04510846734046936
v 0.1742728352546692 0.23942089080810547 0.0697220116853714
v 0.17525535821914673 0.23130002617835999 0.07605040073394775
v 0.19203008711338043 0.19023627042770386 0.08375315368175507
v 0.2055273950099945 0.1848030537366867 0.08005835860967636
v 0.23288342356681824 0.19403982162475586 0.07062259316444397
v 0.24052438139915466 0.20431993901729584 0.06909216940402985
v -0.3201518654823303 -0.17096441984176636 0.08119350671768188
v -0.33529549837112427 -0.1691884696483612 0.07327068597078323
v -0.32901492714881897 -0.1773584485054016 0.07737003266811371
v -0.3086802363395691 -0.18059787154197693 0.08959730714559555
v -0.31414732336997986 -0.18035125732421875 0.08649300783872604
v -0.30975475907325745 -0.19241829216480255 0.08865335583686829
v -0.30415254831314087 -0.19272074103355408 0.0917331725358963
v -0.3006436228752136 -0.164062038064003 0.07670903950929642
v -0.2849472761154175 -0.16738931834697723 0.08296472579240799
v -0.27923789620399475 -0.16607807576656342 0.07494310289621353
v -0.29350170493125916 -0.1624894142150879 0.0703817829489708
v -0.27558189630508423 -0.1648906171321869 0.05836328864097595
v -0.28905677795410156 -0.16170141100883484 0.05220722407102585
v -0.28988829255104065 -0.16054703295230865 0.06308268755674362
v -0.2736160457134247 -0.16549526154994965 0.06780099868774414
v -0.29944464564323425 -0.16846498847007751 0.03964797034859657
v -0.2820029556751251 -0.1698491871356964 0.04358230531215668
v -0.28857171535491943 -0.17668238282203674 0.03838791698217392
v -0.29634228348731995 -0.1769838184118271 0.03710276260972023
v -0.3110792934894562 -0.15603384375572205 0.0762021392583847
v -0.2993943989276886 -0.15237724781036377 0.06472510099411011
v -0.19056370854377747 0.02432095818221569 0.021954946219921112
v -0.18784202635288239 0.03231371194124222 0.06366418302059174
v -0.15660199522972107 0.03947269916534424 0.07369916886091232
v -0.17895904183387756 0.04895473271608353 0.074404276907444
v -0.10114574432373047 0.051787082105875015 0.08275214582681656
v -0.18969303369522095 0.024271177127957344 0.043051786720752716
v -0.10936390608549118 0.13983002305030823 0.08183488994836807
v -0.18127721548080444 0.1173880323767662 0.07934622466564178
v -0.18580293655395508 0.142600417137146 0.07251127064228058
v -0.10721150040626526 0.08205803483724594 0.08889134228229523
v -0.10810522735118866 0.10935290902853012 0.08743064105510712
v -0.1780804991722107 0.0696222335100174 0.07789484411478043
v -0.15388143062591553 0.061735160648822784 0.0807606428861618
v -0.17995481193065643 0.09556015580892563 0.07930285483598709
v -0.19046582281589508 0.16929253935813904 0.06122472137212753
v -0.19308225810527802 0.1908719390630722 0.04437939077615738
v 0.2175242155790329 0.18127894401550293 0.03730989247560501
v 0.2280530482530594 0.17601002752780914 0.0344836488366127
v 0.19498783349990845 0.1828886717557907 0.04489012807607651
v 0.20434752106666565 0.17635288834571838 0.03874829038977623
v 0.20606911182403564 0.18393532931804657 0.041864339262247086
v 0.19765909016132355 0.19623413681983948 0.04871462658047676
v 0.2096782624721527 0.20869769155979156 0.04980562627315521
v 0.20961762964725494 0.19588223099708557 0.044679976999759674
v 0.18671411275863647 0.2138344794511795 0.05686521157622337
v 0.19069182872772217 0.22664855420589447 0.062219418585300446
v 0.18245457112789154 0.23066465556621552 0.06282336264848709
v 0.17662547528743744 0.2174409031867981 0.05878762900829315
v 0.07271997630596161 -0.17462939023971558 0.08859856426715851
v 0.0786074623465538 -0.17343243956565857 0.08933819085359573
v 0.07758906483650208 -0.16485266387462616 0.08957917243242264
v 0.10071362555027008 -0.16395172476768494 0.04953566938638687
v 0.10438252240419388 -0.1639806479215622 0.05231885612010956
v 0.1049530953168869 -0.17254756391048431 0.05229751765727997
v 0.1016206294298172 -0.1738598793745041 0.04970891401171684
v 0.10381673276424408 -0.17621546983718872 0.06516524404287338
v 0.10674434155225754 -0.1742090880870819 0.06501200050115585
v 0.104066863656044 -0.1632457673549652 0.06542981415987015
v 0.10491862148046494 -0.16649532318115234 0.0656120777130127
v 0.09956444799900055 -0.15592992305755615 0.06373558193445206
v 0.09961888194084167 -0.1586858034133911 0.06578419357538223
v 0.09245511144399643 -0.16729365289211273 0.08237998932600021
v 0.0958356037735939 -0.1645699441432953 0.08048797398805618
v 0.09053190052509308 -0.15681704878807068 0.07945018261671066
v 0.08527906984090805 -0.1603751927614212 0.08244413137435913
v 0.07669802755117416 -0.14887836575508118 0.07431843876838684
v 0.07989311218261719 -0.14698076248168945 0.07003967463970184
v 0.10403028875589371 -0.16603513062000275 0.0665222629904747
v 0.10491970926523209 -0.16675736010074615 0.06884385645389557
v 0.10454458743333817 -0.17491109669208527 0.06887270510196686
v 0.10323453694581985 -0.17604592442512512 0.06633635610342026
v 0.09793730825185776 -0.17401638627052307 0.08016651123762131
v 0.09227444231510162 -0.1769961267709732 0.08018214255571365
v 0.09954024106264114 -0.16221077740192413 0.04825082793831825
v 0.09433791786432266 -0.15668988227844238 0.04833702743053436
v 0.09636543691158295 -0.15849877893924713 0.04944354668259621
v 0.10125783830881119 -0.16524815559387207 0.048980940133333206
v 0.10260989516973495 -0.17121554911136627 0.04822426661849022
v 0.10090147703886032 -0.17479851841926575 0.04850711300969124
v 0.09095799922943115 -0.16696344316005707 0.07884732633829117
v 0.092387355864048 -0.16568800806999207 0.08186205476522446
v 0.09239760041236877 -0.17452065646648407 0.08204349130392075
v 0.09037192165851593 -0.17747843265533447 0.08112095296382904
v 0.22398851811885834 0.2173500806093216 0.04318608343601227
v 0.2222626656293869 0.22043047845363617 0.04356655478477478
v 0.2197577953338623 0.21728858351707458 0.04752612113952637
v 0.22191055119037628 0.21144931018352509 0.044063519686460495
v 0.22329016029834747 0.23294281959533691 0.04903266951441765
v 0.216411292552948 0.2221594899892807 0.05203680321574211
v 0.22135594487190247 0.22282090783119202 0.04596685990691185
v 0.22579343616962433 0.22922566533088684 0.045394666492938995
v 0.22668054699897766 0.21283644437789917 0.03820982947945595
v 0.2265075445175171 0.2070825845003128 0.037708576768636703
v 0.2303808033466339 0.20801086723804474 0.032281018793582916
v 0.2283240407705307 0.21504709124565125 0.03202734515070915
v 0.23800088465213776 0.2394026517868042 0.026964407414197922
v 0.237364262342453 0.23695971071720123 0.02273816242814064
v 0.23967762291431427 0.23837053775787354 0.01977669820189476
v 0.24057286977767944 0.2449999302625656 0.02452397160232067
v 0.28908801078796387 0.1885095238685608 0.008121478371322155
v 0.2873789370059967 0.1930246502161026 0.010579090565443039
v 0.28314828872680664 0.19242419302463531 0.012286652810871601
v 0.2848320007324219 0.18907880783081055 0.011216058395802975
v 0.27532264590263367 0.18738746643066406 0.01705433614552021
v 0.2749296724796295 0.18828514218330383 0.017174888402223587
v 0.2718384861946106 0.18916529417037964 0.01957024075090885
v 0.09016560018062592 -0.1495792120695114 0.05470961332321167
v 0.09161577373743057 -0.14946360886096954 0.060342125594615936
v 0.10032700002193451 -0.15518337488174438 0.06052021309733391
v 0.09873352199792862 -0.15508851408958435 0.054642535746097565
v 0.08187571913003922 -0.15395085513591766 0.042932506650686264
v 0.07601595669984818 -0.1517886519432068 0.043974146246910095
v 0.07985390722751617 -0.15073393285274506 0.04669664800167084
v 0.0866408422589302 -0.15266932547092438 0.04706772416830063
v 0.04478304460644722 -0.17240619659423828 0.07552136480808258
v 0.041125960648059845 -0.16571144759655 0.07516340166330338
v 0.07924801856279373 -0.1571071892976761 0.08597470819950104
v 0.08436080813407898 -0.15650130808353424 0.08272583037614822
v 0.09113584458827972 -0.15240612626075745 0.051084715873003006
v 0.09915506094694138 -0.1574828177690506 0.052055373787879944
v 0.09613148123025894 -0.15787623822689056 0.04946094751358032
v 0.09122166782617569 -0.1536194384098053 0.04953216761350632
v 0.09279665350914001 -0.151506245136261 0.06652776896953583
v 0.1000174731016159 -0.15816448628902435 0.0675543025135994
v 0.09935497492551804 -0.15725235641002655 0.06524021178483963
v 0.09316671639680862 -0.15191324055194855 0.06471766531467438
v 0.0812976211309433 -0.15486860275268555 0.07425102591514587
v 0.0806974396109581 -0.15253320336341858 0.07991280406713486
v 0.08870802074670792 -0.15770010650157928 0.07843989133834839
v 0.08414970338344574 -0.16235265135765076 0.07606097310781479
v 0.17385676503181458 0.22725974023342133 0.08088672161102295
v 0.1751246303319931 0.22924984991550446 0.0811375305056572
v 0.17640291154384613 0.22011545300483704 0.08463598787784576
v 0.2221476435661316 0.24679169058799744 0.06071017310023308
v 0.18115411698818207 0.19854044914245605 0.08544118702411652
v 0.22412435710430145 0.22400040924549103 0.04085062816739082
v 0.22763648629188538 0.2282685935497284 0.039813220500946045
v 0.22585394978523254 0.22617261111736298 0.04035075381398201
v 0.22408154606819153 0.22387108206748962 0.04095352813601494
v 0.22241343557834625 0.22387075424194336 0.03764927387237549
v 0.22444874048233032 0.22343401610851288 0.037201106548309326
v 0.22391197085380554 0.22271233797073364 0.03795095533132553
v 0.22256076335906982 0.22356091439723969 0.038194309920072556
v 0.2280302792787552 0.22297024726867676 0.029544685035943985
v 0.22933343052864075 0.22366662323474884 0.026263399049639702
v 0.22855520248413086 0.22404254972934723 0.02708864025771618
v 0.22750292718410492 0.22280550003051758 0.030094508081674576
v 0.23409709334373474 0.22525988519191742 0.019442928954958916
v 0.23568396270275116 0.21971677243709564 0.018956372514367104
v 0.2396792322397232 0.21875137090682983 0.017120376229286194
v 0.2383612096309662 0.224344402551651 0.016001300886273384
v 0.23474252223968506 0.23363284766674042 0.02474105730652809
v 0.23488090932369232 0.23515748977661133 0.02920106239616871
v 0.23183265328407288 0.23295851051807404 0.033440083265304565
v 0.2291363924741745 0.2310476452112198 0.036962032318115234
v 0.23136058449745178 0.23284080624580383 0.03654184192419052
v 0.23287716507911682 0.23593397438526154 0.03254792466759682
v 0.22723038494586945 0.2278517335653305 0.0413072444498539
v 0.2294754683971405 0.23360517621040344 0.04220832139253616
v 0.22444982826709747 0.22465486824512482 0.04302976280450821
v 0.22374513745307922 0.22195178270339966 0.04028414189815521
v 0.22480978071689606 0.2208716869354248 0.03713785111904144
v 0.23355601727962494 0.23440420627593994 0.03296598792076111
v 0.23662550747394562 0.24055442214012146 0.03247639909386635
v 0.23334015905857086 0.2377302050590515 0.03727716580033302
v 0.2307245284318924 0.2315283715724945 0.037185054272413254
v -0.47124093770980835 0.1331307291984558 0.019404180347919464
v -0.43398869037628174 0.13319991528987885 0.021684404462575912
v -0.5177382230758667 0.13597644865512848 0.01857328973710537
v -0.5654391646385193 0.13828599452972412 0.017386868596076965
v -0.5931658744812012 0.14242690801620483 0.015717102214694023
v -0.6078481674194336 0.14795659482479095 0.013005832210183144
v -0.6143559813499451 0.15237674117088318 0.01317196898162365
v -0.6299341320991516 0.15198084712028503 0.009201476350426674
v -0.12950250506401062 0.057272423058748245 0.08375905454158783
v -0.29186809062957764 0.09793668240308762 0.10179492086172104
v -0.29157620668411255 0.12542611360549927 0.09454649686813354
v 0.04016794636845589 0.10771748423576355 0.08956427872180939
v -0.3519345223903656 0.08097977936267853 0.033233869820833206
v 0.21319404244422913 0.1733430027961731 0.035423342138528824
v 0.21019306778907776 0.16855840384960175 0.029824748635292053
v 0.1993422508239746 0.1711854785680771 0.02982252836227417
v 0.22513937950134277 0.15484434366226196 0.010412256233394146
v 0.08694171905517578 0.046837374567985535 0.07686387002468109
v 0.28189516067504883 0.19714482128620148 0.011469099670648575
v 0.2763875126838684 0.1962069869041443 0.014007034711539745
v 0.2255355566740036 0.20215249061584473 0.03784127160906792
v 0.21930360794067383 0.20687030255794525 0.043709322810173035
v 0.22229741513729095 0.17003077268600464 0.03344609960913658
v 0.23338904976844788 0.15933285653591156 0.0210353322327137
v 0.246080219745636 0.1594426929950714 0.02048647403717041
v 0.2479446977376938 0.15558002889156342 0.01868174783885479
v 0.23129570484161377 0.15659135580062866 0.02104805037379265
v 0.23425543308258057 0.1574988216161728 0.021862443536520004
v 0.24832412600517273 0.157083660364151 0.0195821151137352
v 0.23707982897758484 0.15815469622612 0.022146016359329224
v 0.2542847692966461 0.1502385288476944 0.010584758594632149
v 0.25344839692115784 0.15351200103759766 0.015391772612929344
v 0.21212545037269592 0.15990597009658813 0.02269355207681656
v 0.2172793447971344 0.1541403830051422 0.018000030890107155
v 0.2180393487215042 0.15036341547966003 0.010334045626223087
v 0.2545464336872101 0.14817743003368378 0.00544329360127449
v 0.2140062004327774 0.16323009133338928 0.02539699152112007
v 0.25888964533805847 0.1557663530111313 0.015400586649775505
v 0.2376411408185959 0.1601315140724182 0.02277185209095478
v 0.22025464475154877 0.163334459066391 0.022874806076288223
v 0.22551795840263367 0.16215325891971588 0.023924510926008224
v 0.2398490160703659 0.15852390229701996 0.02271077409386635
v 0.2621825635433197 0.1522529125213623 0.005802744068205357
v 0.25968945026397705 0.15584243834018707 0.012401929125189781
v 0.2694275975227356 0.16085797548294067 0.008809068240225315
v 0.2716568410396576 0.16175459325313568 0.00841587409377098
v 0.2691223919391632 0.15900592505931854 0.012818815186619759
v 0.26680120825767517 0.15751491487026215 0.01285429298877716
v 0.09955372661352158 0.030576536431908607 0.06509971618652344
v -0.1944749802350998 0.053795650601387024 0.07430628687143326
v -0.19193318486213684 0.07723892480134964 0.08089444041252136
v -0.21455839276313782 0.04341931641101837 0.08342768251895905
v 0.03863075375556946 0.009781474247574806 0.09583798050880432
v -0.30203157663345337 0.03636565059423447 0.10069257020950317
v -0.2882539927959442 0.06950625777244568 0.10465420037508011
v -0.32927995920181274 0.06822901219129562 0.09215329587459564
v -0.3299669027328491 0.042301494628190994 0.08749372512102127
v -0.34666651487350464 -0.049121689051389694 0.06122777238488197
v -0.33847078680992126 -0.022782042622566223 0.06214715167880058
v -0.32904383540153503 -0.022449808195233345 0.04850021377205849
v -0.2978370189666748 -0.07471313327550888 0.07136959582567215
v -0.29017746448516846 -0.06726944446563721 0.06207485496997833
v -0.3552165925502777 -0.08957814425230026 0.060650430619716644
v -0.3445647060871124 -0.0938836857676506 0.0717233270406723
v -0.3421687185764313 -0.08632296323776245 0.07358137518167496
v -0.35261115431785583 -0.07845769077539444 0.06400719285011292
v -0.3259095549583435 -0.0871163010597229 0.07986602187156677
v -0.31682708859443665 0.14072732627391815 0.08063788712024689
v -0.24479129910469055 0.1329980194568634 0.0915624126791954
v 0.2180948704481125 0.1934604048728943 0.06964442133903503
v 0.22966229915618896 0.20201332867145538 0.06555122137069702
v 0.2617332339286804 0.1571648120880127 0.022965896874666214
v 0.26810145378112793 0.1592618077993393 0.018640080466866493
v 0.21492038667201996 0.2135889083147049 0.050168249756097794
v 0.0674324706196785 -0.14376629889011383 0.07522296905517578
v 0.07636814564466476 -0.14225375652313232 0.06287527084350586
v 0.04306362196803093 -0.147853285074234 0.07854719460010529
v 0.04981487989425659 -0.1559116244316101 0.07982877641916275
v 0.022118763998150826 -0.14413714408874512 0.0605328194797039
v 0.028052208945155144 -0.1559913158416748 0.05958671495318413
v 0.03644490987062454 -0.14531148970127106 0.04050127789378166
v 0.04213663563132286 -0.15407484769821167 0.03919080272316933
v 0.058297570794820786 -0.14002172648906708 0.04247507452964783
v 0.07357121258974075 -0.14495731890201569 0.04913126304745674
v 0.06403549015522003 -0.14781533181667328 0.04087933897972107
v 0.06678024679422379 -0.15011407434940338 0.08025651425123215
v 0.025813691318035126 -0.1351967304944992 0.0721803680062294
v 0.038541801273822784 -0.07508068531751633 0.03709149360656738
v 0.008784998208284378 -0.06327270716428757 0.05749821662902832
v -0.3791298270225525 0.13531260192394257 0.022062182426452637
v -0.2632361650466919 0.0003851931542158127 0.09667909145355225
v -0.25030750036239624 0.032698702067136765 0.09899821877479553
v -0.30032962560653687 -0.17501141130924225 0.0909331813454628
v -0.29020896553993225 -0.17173796892166138 0.08749298751354218
v -0.30183184146881104 -0.16976797580718994 0.08474361151456833
v -0.31073877215385437 -0.17297178506851196 0.08519280701875687
v -0.19821514189243317 0.20512652397155762 0.022116443142294884
v -0.21852858364582062 0.20494487881660461 0.024820147082209587
v -0.21331150829792023 0.19399186968803406 0.04254269599914551
v 0.0508299320936203 -0.14700762927532196 0.03627610206604004
v 0.04210889711976051 -0.14502279460430145 0.03763425350189209
v 0.04635040462017059 -0.15231133997440338 0.03704514726996422
v 0.05389237776398659 -0.15318310260772705 0.03628556802868843
v 0.03817582130432129 -0.0693955048918724 0.08051522076129913
v -0.32849976420402527 0.008618262596428394 0.0833524614572525
v -0.30224189162254333 -0.003999453037977219 0.09392601996660233
v -0.33494728803634644 0.008109772577881813 0.059837859123945236
v -0.3289644718170166 -0.023407623171806335 0.07820802181959152
v -0.31028035283088684 -0.03289711847901344 0.08704736083745956
v -0.3368106484413147 -0.04626370966434479 0.07017753273248672
v -0.35248056054115295 -0.09977824985980988 0.06168786808848381
v -0.3497479557991028 -0.11692091077566147 0.06029687821865082
v -0.35150015354156494 -0.11437524855136871 0.05268201231956482
v -0.3492898941040039 -0.13319799304008484 0.053564365953207016
v -0.3474515676498413 -0.13593564927577972 0.06231430172920227
v -0.34291958808898926 -0.16622701287269592 0.06290802359580994
v -0.34318554401397705 -0.16516081988811493 0.05133648216724396
v -0.3395850658416748 -0.1755245327949524 0.06459306180477142
v -0.3422357141971588 -0.10146941989660263 0.07300907373428345
v -0.3408302664756775 -0.11725854128599167 0.07207541912794113
v -0.33686503767967224 -0.17638413608074188 0.06929735094308853
v -0.33344224095344543 -0.17717048525810242 0.07304708659648895
v 0.03239630162715912 -0.15792904794216156 0.06734968721866608
v -0.27147385478019714 -0.1722613126039505 0.07401187717914581
v -0.28921741247177124 -0.16246946156024933 0.06764407455921173
v -0.3042930066585541 -0.16788770258426666 0.08246344327926636
v -0.28603214025497437 -0.17682206630706787 0.08929795026779175
v -0.2835652828216553 -0.19498078525066376 0.08926144242286682
v -0.274511456489563 -0.19189678132534027 0.08882376551628113
v -0.275411456823349 -0.17165803909301758 0.05067542940378189
v -0.29083240032196045 -0.16419897973537445 0.04751728102564812
v -0.2685289680957794 -0.194154754281044 0.0740807056427002
v -0.2632301449775696 -0.19169385731220245 0.07238052040338516
v -0.3060678243637085 -0.18620575964450836 0.03824223205447197
v -0.3136575520038605 -0.17387545108795166 0.036876946687698364
v -0.3041849136352539 -0.17520888149738312 0.03717206418514252
v -0.29894208908081055 -0.1873079240322113 0.037851061671972275
v -0.3030211627483368 -0.16319352388381958 0.04204387962818146
v -0.29059121012687683 -0.16475513577461243 0.045334845781326294
v -0.2760888934135437 -0.1676788032054901 0.051632292568683624
v -0.26806533336639404 -0.1909964233636856 0.0552200973033905
v -0.26755207777023315 -0.18960604071617126 0.05160943791270256
v 0.1839868575334549 0.1534716784954071 0.013383790850639343
v 0.1825607717037201 0.15765367448329926 0.025236617773771286
v 0.1761624962091446 0.15180066227912903 0.029905980452895164
v 0.17736878991127014 0.1475139558315277 0.01639465242624283
v 0.1824425309896469 0.16394324600696564 0.03450782597064972
v 0.18293821811676025 0.17145085334777832 0.042640700936317444
v 0.17833903431892395 0.16853660345077515 0.04659697413444519
v 0.17635944485664368 0.15796062350273132 0.03876025229692459
v 0.20037813484668732 0.23366589844226837 0.06380218267440796
v 0.2082509845495224 0.24122749269008636 0.057569026947021484
v 0.19883951544761658 0.2451118677854538 0.060300860553979874
v 0.19146734476089478 0.23978644609451294 0.06471972167491913
v 0.2159963995218277 0.25438547134399414 0.03688015788793564
v 0.2214847356081009 0.26339107751846313 0.026185335591435432
v 0.20482409000396729 0.26793205738067627 0.024773184210062027
v 0.2067582905292511 0.26007646322250366 0.036526158452034
v 0.18531954288482666 0.17927050590515137 0.04831830412149429
v 0.17743252217769623 0.18137554824352264 0.052882120013237
v 0.24967795610427856 0.21364691853523254 0.014968628995120525
v 0.24483314156532288 0.21274921298027039 0.018141331151127815
v 0.2510407865047455 0.20830224454402924 0.01859440468251705
v 0.2560643255710602 0.2093551754951477 0.015251371078193188
v 0.2362505942583084 0.20587538182735443 0.028686080127954483
v 0.24168457090854645 0.20532184839248657 0.025526000186800957
v 0.23444482684135437 0.2121981978416443 0.024600554257631302
v 0.23100239038467407 0.21318678557872772 0.027944670990109444
v 0.2566513419151306 0.21319730579853058 0.011448346078395844
v 0.2522841989994049 0.21761247515678406 0.010773684829473495
v 0.23456703126430511 0.2002013772726059 0.03265302628278732
v 0.25883808732032776 0.15845754742622375 0.016266709193587303
v 0.2589401304721832 0.1568593978881836 0.015933334827423096
v 0.2684309482574463 0.16052000224590302 0.006531422026455402
v 0.2657402753829956 0.15787602961063385 0.01191302016377449
v 0.2623910903930664 0.15759673714637756 0.011998213827610016
v 0.2663421928882599 0.1594989001750946 0.007639617193490267
v 0.2563793957233429 0.15954507887363434 0.01356404460966587
v 0.26013675332069397 0.16031575202941895 0.007801899220794439
v 0.25294503569602966 0.1596451699733734 0.017446452751755714
v 0.26249849796295166 0.159682035446167 0.013466840609908104
v 0.2658618986606598 0.16198545694351196 0.00869465246796608
v 0.2570849359035492 0.15962980687618256 0.017231130972504616
v 0.24825391173362732 0.15924173593521118 0.02081911824643612
v 0.21070681512355804 0.16441573202610016 0.024492882192134857
v 0.22261455655097961 0.1614595353603363 0.024135956540703773
v 0.25404292345046997 0.1531962752342224 0.018735254183411598
v 0.2605394124984741 0.15505942702293396 0.015409084036946297
v 0.2603684663772583 0.15428870916366577 0.01609884202480316
v 0.25287967920303345 0.15315651893615723 0.01919427700340748
v 0.22188489139080048 0.16566932201385498 0.028948474675416946
v 0.21510730683803558 0.1685299128293991 0.030396947637200356
v 0.21632201969623566 0.1659339815378189 0.027596604079008102
v 0.273411363363266 0.16492213308811188 0.0014499924145638943
v 0.27369144558906555 0.1641049087047577 0.0012687679845839739
v 0.2714940905570984 0.16224157810211182 0.005392138380557299
v 0.24597376585006714 0.15313272178173065 0.02215568535029888
v 0.2460545152425766 0.1531611979007721 0.021301977336406708
v 0.234310582280159 0.15762075781822205 0.026439232751727104
v 0.23599207401275635 0.1555742621421814 0.02489985153079033
v 0.2683805227279663 0.16029202938079834 0.008786588907241821
v 0.2659875750541687 0.1575070023536682 0.012097547762095928
v 0.26534104347229004 0.15788963437080383 0.011667710728943348
v 0.26891517639160156 0.1610713005065918 0.008234700188040733
v 0.274494469165802 0.164789080619812 0.0007809328380972147
v 0.2728830575942993 0.1631956249475479 0.004181213676929474
v 0.24633623659610748 0.15305708348751068 0.02350633218884468
v 0.2342204749584198 0.16045881807804108 0.029033992439508438
v 0.2110407054424286 0.1666145771741867 0.02660258114337921
v 0.21452367305755615 0.16547714173793793 0.027134474366903305
v 0.21770885586738586 0.16581828892230988 0.025624146685004234
v 0.24972882866859436 0.15831148624420166 0.019990598782896996
v 0.2590544819831848 0.15845026075839996 0.015948373824357986
v 0.2683943808078766 0.16128122806549072 0.006868608761578798
v 0.2705940306186676 0.16512897610664368 0.007445802446454763
v 0.27178576588630676 0.16648028790950775 0.004004362970590591
v 0.27256473898887634 0.16588003933429718 0.002041696570813656
v 0.27119213342666626 0.16432568430900574 0.0051714712753891945
v 0.26047608256340027 0.15568678081035614 0.01589467190206051
v 0.25399306416511536 0.15403565764427185 0.018724791705608368
v 0.25370967388153076 0.1549343317747116 0.01927265338599682
v 0.2607068419456482 0.15667517483234406 0.016379276290535927
v 0.2170909345149994 0.16771477460861206 0.02600383199751377
v 0.2233940213918686 0.1630680412054062 0.024617357179522514
v 0.21675527095794678 0.16500556468963623 0.026530658826231956
v 0.2680007815361023 0.16203433275222778 0.010579914785921574
v 0.2689144015312195 0.16170364618301392 0.008618497289717197
v 0.23264257609844208 0.16129076480865479 0.02323911525309086
v 0.23522092401981354 0.15727603435516357 0.02349958010017872
v 0.26500388979911804 0.15881071984767914 0.013017901219427586
v 0.26553258299827576 0.1583627462387085 0.01202208362519741
v 0.21505127847194672 0.16581308841705322 0.024944264441728592
v 0.10900921374559402 0.059807635843753815 0.058044858276844025
v 0.15173989534378052 0.10417309403419495 0.026734739542007446
v 0.17238758504390717 0.1434377133846283 0.02172723412513733
v 0.16914062201976776 0.14189255237579346 0.022316912189126015
v 0.113502137362957 0.0173873882740736 0.025978628545999527
v 0.10939256846904755 0.020409220829606056 0.04646430164575577
v -0.020068731158971786 0.13482308387756348 0.07845000922679901
v 0.033173900097608566 -0.16247712075710297 0.05110687017440796
v 0.03917769342660904 -0.1701323539018631 0.050563789904117584
v 0.02142595313489437 -0.13460610806941986 0.06749633699655533
v 0.0268888920545578 -0.14610928297042847 0.06775779277086258
v -0.3531883656978607 -0.06390286982059479 0.057057589292526245
v -0.30470603704452515 -0.08309773355722427 0.049040958285331726
v -0.31929510831832886 -0.08498664945363998 0.04000936821103096
v -0.33518579602241516 -0.08484683930873871 0.039626702666282654
v -0.34891006350517273 -0.11088790744543076 0.047256533056497574
v 0.19934310019016266 0.21765047311782837 0.05673972889780998
v 0.19749021530151367 0.20882925391197205 0.05234014615416527
v 0.20822551846504211 0.22322417795658112 0.0590629018843174
v 0.274746835231781 0.16435417532920837 0.0043031759560108185
v 0.23632866144180298 0.1644517183303833 0.03173903003334999
v 0.24847492575645447 0.15446314215660095 0.02568867616355419
v 0.25096380710601807 0.16080918908119202 0.028635041788220406
v 0.23865853250026703 0.17618629336357117 0.03244534134864807
v 0.2732352614402771 0.16203638911247253 0.010041913948953152
v 0.2711121439933777 0.16007158160209656 0.013434313237667084
v 0.24462473392486572 0.21847009658813477 0.014832640998065472
v 0.24158978462219238 0.22565996646881104 0.013966720551252365
v 0.24803802371025085 0.22204674780368805 0.010519295930862427
v 0.24492356181144714 0.2281981259584427 0.009833465330302715
v 0.2410181164741516 0.24076499044895172 0.014508486725389957
v 0.23945602774620056 0.2507285475730896 0.01898827962577343
v 0.23692786693572998 0.2476251721382141 0.03123035468161106
v 0.23196665942668915 0.2566918432712555 0.025240788236260414
v 0.22720712423324585 0.25102660059928894 0.03587879240512848
v 0.23328404128551483 0.2444082498550415 0.03736402839422226
v 0.21653831005096436 0.23681125044822693 0.05408516153693199
v 0.2440456748008728 0.19837479293346405 0.02866312302649021
v 0.24949853122234344 0.19989407062530518 0.025343919172883034
v 0.2630007863044739 0.20435944199562073 0.015544619411230087
v 0.2631652057170868 0.207627534866333 0.011994370259344578
v 0.267110675573349 0.20846405625343323 0.0075147817842662334
v 0.2596876919269562 0.2148190438747406 0.006299659144133329
v 0.2791036069393158 0.17665499448776245 0.009826667606830597
v 0.2810763418674469 0.1755445897579193 0.006500231102108955
v 0.23749084770679474 0.23166179656982422 0.01841501146554947
v 0.2339969277381897 0.23057964444160461 0.021878136321902275
v 0.25388652086257935 0.219772070646286 0.006210411433130503
v 0.2505820095539093 0.22344131767749786 0.005655174609273672
v 0.240514874458313 0.23288777470588684 0.015682686120271683
v 0.242516428232193 0.23264990746974945 0.011885671876370907
v 0.24457715451717377 0.23196735978126526 0.00567665183916688
v 0.23273952305316925 0.23298639059066772 0.027169911190867424
v 0.23184086382389069 0.22994127869606018 0.026099350303411484
v 0.2328367680311203 0.2297642081975937 0.023954348638653755
v 0.23351629078388214 0.23259572684764862 0.027126150205731392
v 0.2301068902015686 0.21988795697689056 0.02555711939930916
v 0.2290932983160019 0.2196148782968521 0.028577914461493492
v 0.23388239741325378 0.23379851877689362 0.02972172573208809
v 0.2333255261182785 0.2337905615568161 0.029966086149215698
v 0.23395773768424988 0.23300477862358093 0.025991616770625114
v 0.22411707043647766 0.22285713255405426 0.0383772999048233
v 0.2223094403743744 0.2241542637348175 0.03821825236082077
v 0.22352741658687592 0.22344669699668884 0.04034612700343132
v 0.23217090964317322 0.2266748696565628 0.022468309849500656
v 0.2328437864780426 0.2261490523815155 0.02101747877895832
v 0.23349009454250336 0.23032335937023163 0.023054661229252815
v 0.23278576135635376 0.2332124561071396 0.03287923336029053
v 0.2653898298740387 0.199180006980896 0.01848018728196621
v 0.26947659254074097 0.19984763860702515 0.015668779611587524
v 0.25811922550201416 0.20386168360710144 0.018731344491243362
v 0.2551630139350891 0.19383685290813446 0.026265788823366165
v 0.2581101357936859 0.19667503237724304 0.023593800142407417
v 0.25168377161026 0.20094195008277893 0.023392492905259132
v 0.27127453684806824 0.20175564289093018 0.012506472878158092
v 0.2441890835762024 0.15552160143852234 0.02167515456676483
v 0.24585658311843872 0.15400198101997375 0.021049097180366516
v 0.29228609800338745 0.18663182854652405 0.004033525008708239
v 0.29220131039619446 0.19269999861717224 0.006751648616045713
v 0.2753971517086029 0.2033439427614212 0.007232472766190767
v 0.28466951847076416 0.19882944226264954 0.006413108203560114
v 0.22249658405780792 0.2661009430885315 0.01274668425321579
v 0.20281273126602173 0.2710566222667694 0.012296456843614578
v 0.24755771458148956 0.22801530361175537 0.004687910433858633
v 0.23334403336048126 0.25759270787239075 0.013182975351810455
v 0.22758838534355164 0.22140370309352875 0.031818848103284836
v 0.22624774277210236 0.2216462939977646 0.0346076674759388
v 0.22687794268131256 0.21987581253051758 0.03393065184354782
v 0.22788001596927643 0.22012467682361603 0.031202739104628563
v 0.27469170093536377 0.16331996023654938 0.010468218475580215
v 0.20447596907615662 0.25085753202438354 0.04881865531206131
v 0.212824746966362 0.2468016892671585 0.04826560243964195
v 0.270152747631073 0.16873078048229218 0.019698109477758408
v 0.27221837639808655 0.16385574638843536 0.014959863387048244
v 0.27462607622146606 0.17243961989879608 0.015362290665507317
v 0.27179408073425293 0.17466391623020172 0.020223136991262436
v 0.2652950882911682 0.1700788140296936 0.023690994828939438
v 0.25782957673072815 0.17484799027442932 0.027891255915164948
v 0.2676542401313782 0.17845748364925385 0.023854980245232582
v 0.2594207227230072 0.18429486453533173 0.027288246899843216
v 0.2782765328884125 0.1740032434463501 0.010561157949268818
v 0.2769153118133545 0.17663533985614777 0.01401789765805006
v 0.27642935514450073 0.17067712545394897 0.011492022313177586
v 0.22588331997394562 0.2290351688861847 0.07478145509958267
v 0.2290528565645218 0.24082450568675995 0.042474258691072464
v 0.22153568267822266 0.2439996898174286 0.044913481920957565
v 0.22635120153427124 0.22649447619915009 0.03943276032805443
v 0.22468122839927673 0.22427242994308472 0.041193120181560516
v 0.22506161034107208 0.22239166498184204 0.03684386983513832
v 0.22845010459423065 0.2217230647802353 0.028926316648721695
v 0.22949115931987762 0.22291941940784454 0.025909259915351868
v 0.2307409644126892 0.23112596571445465 0.036050617694854736
v 0.2306879460811615 0.22720347344875336 0.024577751755714417
v 0.23034316301345825 0.22559720277786255 0.02366073615849018
v 0.23251573741436005 0.22339344024658203 0.02117055281996727
v 0.23360875248908997 0.23528966307640076 0.0298055000603199
v 0.22276423871517181 0.22322377562522888 0.04008658975362778
v 0.22652378678321838 0.22273138165473938 0.03270141780376434
v 0.22697104513645172 0.2227354496717453 0.03267168998718262
v 0.2253389209508896 0.22456498444080353 0.03980054706335068
v 0.22838743031024933 0.2278873771429062 0.03777148947119713
v 0.23317578434944153 0.23305809497833252 0.029321614652872086
v 0.23353274166584015 0.2346777468919754 0.03145695477724075
v 0.2308960258960724 0.2280658781528473 0.026866285130381584
v 0.23009292781352997 0.22715353965759277 0.02742047607898712
v 0.2281295359134674 0.22396725416183472 0.029271695762872696
v 0.22758182883262634 0.2234433889389038 0.030731676146388054
v 0.22720910608768463 0.22447091341018677 0.03299446776509285
v 0.22442494332790375 0.22286278009414673 0.03796982765197754
v 0.22535352408885956 0.2226618379354477 0.03557736799120903
v 0.2256726324558258 0.2234724909067154 0.03636617586016655
v 0.2234206646680832 0.22277842462062836 0.03949134424328804
v 0.2231787145137787 0.22347737848758698 0.040592011064291
v 0.2287796586751938 0.22538185119628906 0.028520245105028152
v 0.2288733273744583 0.22438126802444458 0.025904756039381027
v 0.23147708177566528 0.22948339581489563 0.0287791695445776
v 0.2332179844379425 0.23453214764595032 0.0338761992752552
v 0.23163384199142456 0.23125064373016357 0.034508273005485535
v 0.176011860370636 0.24845033884048462 0.06077468767762184
v 0.18236210942268372 0.24876727163791656 0.05542933940887451
v 0.1886797994375229 0.25060901045799255 0.052588917315006256
v 0.18805626034736633 0.24979731440544128 0.058749038726091385
v 0.18046677112579346 0.24442707002162933 0.06270788609981537
v 0.17412950098514557 0.23981447517871857 0.0640125572681427
v 0.1739656925201416 0.24338771402835846 0.06313087046146393
v -0.30804792046546936 -0.1673233062028885 0.03840016946196556
v -0.31911373138427734 -0.16386805474758148 0.03705859184265137
v -0.6340293288230896 0.17039942741394043 0.005545990075916052
v -0.6344798803329468 0.1648026555776596 0.009388255886733532
v -0.6357172727584839 0.1581786870956421 0.007175025995820761
v 0.24627971649169922 0.20838582515716553 0.02089541405439377
v 0.25378289818763733 0.20280756056308746 0.021286435425281525
v 0.27201205492019653 0.19610881805419922 0.01690429076552391
v 0.2618218660354614 0.19809171557426453 0.02100508287549019
v 0.2756413221359253 0.16542963683605194 0.0005349208950065076
v -0.320221871137619 -0.11600153148174286 0.03999006375670433
v -0.3362150192260742 -0.11330246925354004 0.041224464774131775
v -0.3321933448314667 -0.16536501049995422 0.04056541621685028
v -0.34485024213790894 -0.15329918265342712 0.0625910833477974
v -0.3462126851081848 -0.14992235600948334 0.05239911749958992
v 0.08356333523988724 -0.14610376954078674 0.0587238110601902
v 0.08262590318918228 -0.14754442870616913 0.05322256311774254
v 0.04135546833276749 -0.16113121807575226 0.042177729308605194
v 0.055965933948755264 -0.1547018140554428 0.08154299110174179
v 0.05918010324239731 -0.15687990188598633 0.08296605199575424
v 0.07952956855297089 -0.15063126385211945 0.04815739020705223
v 0.07494767010211945 -0.15184852480888367 0.04330893233418465
v -0.266292542219162 -0.19123204052448273 0.08085374534130096
v -0.26236915588378906 -0.18938516080379486 0.06134890764951706
v -0.28642749786376953 -0.19127003848552704 0.09332364797592163
v 0.1571645736694336 0.2800943851470947 0.018196962773799896
v 0.04881229251623154 -0.1381853222846985 0.03733685612678528
v 0.06919727474451065 -0.1537945568561554 0.03920111805200577
v 0.058456264436244965 -0.15484444797039032 0.0362105593085289
v 0.05612040311098099 -0.14719389379024506 0.0379762277007103
v 0.14802856743335724 0.2398383617401123 0.06624569743871689
v 0.13843266665935516 0.2792567312717438 0.020505540072917938
v 0.1632743924856186 0.17618408799171448 0.057831887155771255
v 0.1617242991924286 0.19648879766464233 0.06148606911301613
v 0.15235595405101776 0.19260860979557037 0.06309652328491211
v 0.15471218526363373 0.16959454119205475 0.05773775279521942
v 0.17303046584129333 0.14753712713718414 0.03323156014084816
v 0.16778354346752167 0.14553776383399963 0.035016514360904694
v 0.1713789403438568 0.15250496566295624 0.0423954576253891
v 0.1707170605659485 0.16316351294517517 0.04924321919679642
v 0.16249890625476837 0.1595800668001175 0.04887918382883072
v 0.16747018694877625 0.15077424049377441 0.041804246604442596
v 0.16802017390727997 0.19344879686832428 0.06013582646846771
v 0.1680510938167572 0.20676001906394958 0.06264418363571167
v 0.15892410278320312 0.21296490728855133 0.06325043737888336
v 0.17095504701137543 0.18027488887310028 0.05590590462088585
v 0.16094185411930084 0.22521474957466125 0.06419339030981064
v 0.16245494782924652 0.13920824229717255 0.04006488621234894
v 0.16401991248130798 0.13489867746829987 0.0233289934694767
v 0.15100331604480743 0.15571661293506622 0.05202517285943031
v 0.1576252281665802 0.14702993631362915 0.04693032428622246
v 0.15006348490715027 0.2157779335975647 0.06680838763713837
v -0.2833647131919861 -0.036959271878004074 0.0419149212539196
v -0.3093010187149048 -0.03438815474510193 0.03805522993206978
v 0.23425015807151794 0.22084517776966095 0.01991935260593891
v 0.22340764105319977 0.22263669967651367 0.04218869283795357
v 0.22983978688716888 0.22299347817897797 0.02493687905371189
v 0.23780007660388947 0.21163059771060944 0.022429853677749634
v 0.23180866241455078 0.2169605940580368 0.023393133655190468
v 0.2458917647600174 0.20558048784732819 0.022878972813487053
v 0.26565101742744446 0.19264687597751617 0.022258518263697624
v 0.26969224214553833 0.19403265416622162 0.019251052290201187
v 0.053297072649002075 -0.14762772619724274 0.07927706092596054
v 0.2804689407348633 0.1733810156583786 0.006170958746224642
v 0.2804940640926361 0.17312076687812805 0.0020885600242763758
v 0.28122103214263916 0.188675194978714 0.012608731165528297
v 0.24419032037258148 0.18735212087631226 0.031201345846056938
v 0.27677518129348755 0.16742826998233795 0.0008981763385236263
v 0.27796199917793274 0.1880459487438202 0.014408816583454609
v 0.2779110074043274 0.18652988970279694 0.014558934606611729
v 0.26209399104118347 0.19029361009597778 0.024644408375024796
v 0.27767762541770935 0.19210942089557648 0.014501769095659256
v 0.25085440278053284 0.1910916119813919 0.028759436681866646
v 0.27340710163116455 0.17967528104782104 0.019258785992860794
v 0.2688133120536804 0.1857936829328537 0.022228490561246872
v 0.2765135169029236 0.16637267172336578 0.005409214645624161
v 0.22574366629123688 0.22275099158287048 0.03536445274949074
v 0.23195195198059082 0.22089317440986633 0.02099194936454296
v 0.23413191735744476 0.21787850558757782 0.01996254175901413
v 0.23040226101875305 0.22071588039398193 0.02417037822306156
v 0.23262444138526917 0.21647293865680695 0.022311851382255554
v 0.23119759559631348 0.2216520458459854 0.022958382964134216
v 0.23912674188613892 0.21358777582645416 0.020095719024538994
v 0.083308145403862 -0.164328470826149 0.08836635202169418
v 0.08994346112012863 -0.16450382769107819 0.08366669714450836
v 0.0931534692645073 -0.15078656375408173 0.06344617903232574
v 0.09539426863193512 -0.1536499559879303 0.06468278169631958
v 0.08244979381561279 -0.1523197740316391 0.07821842283010483
v 0.07825206965208054 -0.15780888497829437 0.07963521778583527
v 0.0892336294054985 -0.15276502072811127 0.048719409853219986
v 0.09140538424253464 -0.1541643589735031 0.04872763529419899
v 0.10607390850782394 -0.16299332678318024 0.06366241723299026
v 0.10613803565502167 -0.1619100719690323 0.05680185183882713
v 0.08735021203756332 -0.1493353694677353 0.06997938454151154
v 0.08274133503437042 -0.1502683162689209 0.07533298432826996
v -0.2845911979675293 -0.18884693086147308 0.03898348659276962
v -0.2920050024986267 -0.18823614716529846 0.03824394941329956
v -0.31727832555770874 -0.1859930008649826 0.04005426913499832
v -0.3272272050380707 -0.1726447492837906 0.03936498984694481
v 0.061848316341638565 -0.16021786630153656 0.03573189303278923
v 0.07130782306194305 -0.1616392433643341 0.035353753715753555
v -0.3208621144294739 -0.18980658054351807 0.08089011162519455
v -0.3175669312477112 -0.19138747453689575 0.08321201056241989
v -0.330138623714447 -0.1899629384279251 0.06029089540243149
v -0.33125466108322144 -0.18855348229408264 0.06534171849489212
v -0.32933294773101807 -0.18802686035633087 0.07263845205307007
v -0.3269551992416382 -0.18762676417827606 0.07593255490064621
v -0.3406108021736145 -0.17500287294387817 0.05396585911512375
v -0.3227056562900543 -0.05096788331866264 0.08212875574827194
v -0.19440852105617523 0.10189862549304962 0.0833020731806755
v -0.2110026329755783 0.17569687962532043 0.060162875801324844
v -0.3137570321559906 -0.07494762539863586 0.07959636300802231
v -0.34329164028167725 -0.06774073094129562 0.06991301476955414
v -0.33265185356140137 -0.07588944584131241 0.07970669865608215
v 0.23040032386779785 0.22445523738861084 0.022854311391711235
v 0.22953757643699646 0.22442296147346497 0.024745583534240723
v 0.21436096727848053 0.1922324299812317 0.08337675034999847
v 0.10339725017547607 -0.17492540180683136 0.07762469351291656
v 0.10579035431146622 -0.1750158965587616 0.07235334068536758
v 0.10214509069919586 -0.17265458405017853 0.04523177072405815
v 0.0960087850689888 -0.1708843857049942 0.04007305949926376
v 0.08551798015832901 -0.1730964183807373 0.087721087038517
v 0.09094482660293579 -0.17318366467952728 0.08424468338489532
v 0.10978483408689499 -0.17310327291488647 0.06348036229610443
v 0.10886640846729279 -0.17305554449558258 0.05602901428937912
v -0.27404025197029114 -0.18795399367809296 0.04199448227882385
v -0.29672956466674805 -0.19278353452682495 0.09377110749483109
v 0.27470943331718445 0.19061864912509918 0.016833065077662468
v 0.2250964492559433 0.19405928254127502 0.07934286445379257
v 0.2282005399465561 0.1898135244846344 0.07831121236085892
v 0.22198805212974548 0.18749836087226868 0.07575491070747375
v 0.0754523053765297 -0.15347303450107574 0.07965516299009323
v 0.07739315181970596 -0.15086843073368073 0.07794347405433655
v 0.08946803212165833 -0.14949285984039307 0.0651780366897583
v 0.08808459341526031 -0.14861348271369934 0.06486250460147858
v 0.08036059141159058 -0.14843012392520905 0.051138050854206085
v 0.08252150565385818 -0.1490069329738617 0.05057672783732414
v 0.08192332834005356 -0.14990775287151337 0.04869244992733002
v 0.07401491701602936 -0.14815062284469604 0.07624530792236328
v 0.07282576709985733 -0.15079468488693237 0.0795993059873581
v 0.07628564536571503 -0.15035729110240936 0.07742041349411011
v 0.07471410185098648 -0.159007266163826 0.08772306144237518
v 0.0676741674542427 -0.15759733319282532 0.08586624264717102
v 0.08053328096866608 -0.14851483702659607 0.06947939097881317
v 0.08205602318048477 -0.1458524465560913 0.061291906982660294
v 0.08282872289419174 -0.1467919647693634 0.06587018072605133
v 0.08417244255542755 -0.14668121933937073 0.06287645548582077
v 0.061329059302806854 -0.1688815802335739 0.03555244952440262
v 0.07049932330846786 -0.1702914983034134 0.03518228232860565
v 0.08185828477144241 -0.16361331939697266 0.03556591272354126
v 0.08058491349220276 -0.17187926173210144 0.036099065095186234
v 0.08724711090326309 -0.15154188871383667 0.04951383173465729
v 0.08705756068229675 -0.1516285091638565 0.04929487407207489
v 0.09140075743198395 -0.1631331592798233 0.03819016367197037
v 0.09085748344659805 -0.1709352433681488 0.03764629364013672
v 0.08133573085069656 -0.15641562640666962 0.03983676806092262
v 0.08762282133102417 -0.1580415666103363 0.040072765201330185
v 0.04574738070368767 -0.1688622683286667 0.04239773750305176
v 0.07514744997024536 -0.15342813730239868 0.04123811051249504
v 0.07124834507703781 -0.17524948716163635 0.03862404823303223
v 0.08115776628255844 -0.17536838352680206 0.038357023149728775
v 0.0475093312561512 -0.17706792056560516 0.07408102601766586
v 0.05132249370217323 -0.17700067162513733 0.07714902609586716
v 0.055336229503154755 -0.1747155487537384 0.04069676250219345
v 0.05092725157737732 -0.16883157193660736 0.03889623284339905
v 0.0630214661359787 -0.17467859387397766 0.03840629383921623
v 0.07384290546178818 -0.17829827964305878 0.08638665825128555
v 0.07387804985046387 -0.17697879672050476 0.0874987542629242
v 0.07078836113214493 -0.17775748670101166 0.08676804602146149
v 0.07088974118232727 -0.17949672043323517 0.08465741574764252
v 0.09881071746349335 -0.17746248841285706 0.051956284791231155
v 0.10375788807868958 -0.1770983338356018 0.054126348346471786
v 0.1041063517332077 -0.1778785139322281 0.06305605173110962
v 0.09983009845018387 -0.1789117306470871 0.06338781118392944
v 0.10710326582193375 -0.17753127217292786 0.05750410631299019
v 0.10653083026409149 -0.17758692800998688 0.06181665509939194
v 0.10298582911491394 -0.1776171177625656 0.06928407400846481
v 0.09964872151613235 -0.17883886396884918 0.06712384521961212
v 0.08950359374284744 -0.17925351858139038 0.07739174365997314
v 0.0954151526093483 -0.17778046429157257 0.07832890748977661
v 0.10015813261270523 -0.17771299183368683 0.07690016180276871
v 0.10344461351633072 -0.17799735069274902 0.07265756279230118
v 0.08401737362146378 -0.17630888521671295 0.08727450668811798
v 0.08985984325408936 -0.1762976199388504 0.08390926569700241
v 0.04692649841308594 -0.17709560692310333 0.04953339695930481
v 0.044733479619026184 -0.17843098938465118 0.058713361620903015
v 0.04933391883969307 -0.1748654842376709 0.04376443102955818
v 0.04473022371530533 -0.17779314517974854 0.06748417764902115
v 0.09560781717300415 -0.17425110936164856 0.04157495126128197
v 0.10002876818180084 -0.1751442402601242 0.04643022269010544
v 0.05619741976261139 -0.1779000610113144 0.07994803041219711
v 0.06573187559843063 -0.17875248193740845 0.08426962047815323
v 0.08235976099967957 -0.1781579703092575 0.08624649047851562
v 0.07833601534366608 -0.17608149349689484 0.08814048022031784
v 0.07787465304136276 -0.17757728695869446 0.08736090362071991
v 0.0917014628648758 -0.17414231598377228 0.03944462537765503
v 0.0594000406563282 -0.18041637539863586 0.05462241917848587
v 0.05697828531265259 -0.17973297834396362 0.05341600626707077
v 0.05742582678794861 -0.17863662540912628 0.04859928786754608
v 0.05946103110909462 -0.1797458529472351 0.05042332783341408
v 0.060505274683237076 -0.17833372950553894 0.04586505889892578
v 0.060260239988565445 -0.1772816926240921 0.044168468564748764
v 0.06461217999458313 -0.17747904360294342 0.04303126782178879
v 0.06526162475347519 -0.17651674151420593 0.041548293083906174
v 0.06833135336637497 -0.17690534889698029 0.04243462532758713
v 0.0694151371717453 -0.17638865113258362 0.04155004397034645
v 0.07213978469371796 -0.17715147137641907 0.04367910325527191
v 0.07475001364946365 -0.17664112150669098 0.042338624596595764
v 0.07548031955957413 -0.17753452062606812 0.04604484885931015
v 0.07720307260751724 -0.1775554120540619 0.045737966895103455
v 0.07741677761077881 -0.1785985231399536 0.04952315613627434
v 0.07884496450424194 -0.17815354466438293 0.04915046691894531
v 0.08215883374214172 -0.17933674156665802 0.05264027416706085
v 0.08383183181285858 -0.17872509360313416 0.052146054804325104
v 0.08593826740980148 -0.1796730011701584 0.05677361413836479
v 0.08786570280790329 -0.17966656386852264 0.0564831905066967
v 0.08821072429418564 -0.17914928495883942 0.059792302548885345
v 0.08615481853485107 -0.17930595576763153 0.06020896136760712
v 0.08807215839624405 -0.17962075769901276 0.06558018177747726
v 0.08552421629428864 -0.17990083992481232 0.06610061228275299
v 0.0852663442492485 -0.1794663816690445 0.06300994008779526
v 0.08814623206853867 -0.17888545989990234 0.0628165751695633
v 0.08027423173189163 -0.1802857518196106 0.07178422063589096
v 0.08314154297113419 -0.18014462292194366 0.06862087547779083
v 0.08505714684724808 -0.18016093969345093 0.06969741731882095
v 0.08020022511482239 -0.18036751449108124 0.07347578555345535
v 0.07462368160486221 -0.18049590289592743 0.07373194396495819
v 0.07412656396627426 -0.18073642253875732 0.0753336101770401
v 0.07139589637517929 -0.18114209175109863 0.07705692201852798
v 0.0714431032538414 -0.18127569556236267 0.07827477157115936
v 0.06788859516382217 -0.1811348795890808 0.07923774421215057
v 0.06771556288003922 -0.18087850511074066 0.08081217855215073
v 0.06434095650911331 -0.18057815730571747 0.0798296108841896
v 0.06304160505533218 -0.17992563545703888 0.08076415210962296
v 0.060827650129795074 -0.17994366586208344 0.07813121378421783
v 0.058677610009908676 -0.17944040894508362 0.07838237285614014
v 0.05773157998919487 -0.17945854365825653 0.07481813430786133
v 0.05508843809366226 -0.1788197159767151 0.07497143745422363
v 0.057482004165649414 -0.17953045666217804 0.0702100619673729
v 0.05414837226271629 -0.17964936792850494 0.06931815296411514
v 0.05449410900473595 -0.18008308112621307 0.06430728733539581
v 0.05792468786239624 -0.1804818958044052 0.0645911917090416
v 0.05456097051501274 -0.18004262447357178 0.05832492932677269
v 0.057139091193675995 -0.18046918511390686 0.059356190264225006
v 0.07223040610551834 -0.18123139441013336 0.07967611402273178
v 0.07124234735965729 -0.18075238168239594 0.08205875009298325
v 0.07012712955474854 -0.18079736828804016 0.08207178860902786
v 0.07181553542613983 -0.18117916584014893 0.0790698304772377
v 0.07520048320293427 -0.18123023211956024 0.07768014073371887
v 0.07543245702981949 -0.1811056137084961 0.07671844959259033
v 0.08057066798210144 -0.1808064877986908 0.07741151005029678
v 0.08177873492240906 -0.1808653324842453 0.07653295993804932
v 0.08533743768930435 -0.1807861477136612 0.07991176843643188
v 0.08686119318008423 -0.17975127696990967 0.07953789085149765
v 0.08588448166847229 -0.17978671193122864 0.08329080045223236
v 0.08688583970069885 -0.17818379402160645 0.0835275650024414
v 0.08281999826431274 -0.17883023619651794 0.08542437851428986
v 0.07904703915119171 -0.17902176082134247 0.08605287224054337
v 0.07490575313568115 -0.17919950187206268 0.08582085371017456
v 0.07202913612127304 -0.17989897727966309 0.08434940874576569
v 0.08887894451618195 -0.18034276366233826 0.06819304078817368
v 0.08759072422981262 -0.18043138086795807 0.07093271613121033
v 0.08683999627828598 -0.18039245903491974 0.0707218199968338
v 0.08860944956541061 -0.18018126487731934 0.06755487620830536
v 0.09307413548231125 -0.17996928095817566 0.06682276725769043
v 0.092800073325634 -0.17974457144737244 0.06612960249185562
v 0.09762971848249435 -0.1796727478504181 0.06771702319383621
v 0.09698737412691116 -0.17994259297847748 0.06829828768968582
v 0.1002165898680687 -0.1795884370803833 0.07048489153385162
v 0.10207226872444153 -0.17925690114498138 0.07067771255970001
v 0.10118140280246735 -0.1792583167552948 0.07317567616701126
v 0.10154612362384796 -0.17849746346473694 0.07457232475280762
v 0.09968658536672592 -0.17900243401527405 0.07561822980642319
v 0.0996835008263588 -0.1784496158361435 0.07646747678518295
v 0.09549596160650253 -0.17928439378738403 0.07660020887851715
v 0.09596560150384903 -0.17852303385734558 0.0774998590350151
v 0.09077548235654831 -0.17971836030483246 0.07619958370923996
v 0.09065984934568405 -0.17990389466285706 0.07541844248771667
v 0.08792192488908768 -0.18032574653625488 0.07343172281980515
v 0.08731921762228012 -0.18025298416614532 0.07362022995948792
v 0.09246663004159927 -0.17957185208797455 0.054045479744672775
v 0.09122812747955322 -0.18012017011642456 0.056363895535469055
v 0.09037137776613235 -0.1798141747713089 0.05577363073825836
v 0.09123508632183075 -0.17883005738258362 0.052644502371549606
v 0.09657061845064163 -0.17903928458690643 0.05310475826263428
v 0.1017427146434784 -0.17838285863399506 0.05429169163107872
v 0.10490322858095169 -0.17838822305202484 0.05664486810564995
v 0.10521093755960464 -0.17874959111213684 0.06078415736556053
v 0.10258888453245163 -0.17904213070869446 0.06203189864754677
v 0.09495122730731964 -0.17966726422309875 0.06165376678109169
v 0.0988411009311676 -0.17937369644641876 0.06235639005899429
v 0.09334377199411392 -0.1795208901166916 0.06158221885561943
v 0.09194281697273254 -0.17990177869796753 0.05940482020378113
v 0.09044720232486725 -0.17977169156074524 0.05866503342986107
v 0.0819956511259079 -0.17798033356666565 0.04115014895796776
v 0.07964559644460678 -0.17779098451137543 0.04360637441277504
v 0.07899516820907593 -0.1775524616241455 0.0435173399746418
v 0.08248484879732132 -0.17761625349521637 0.04061103239655495
v 0.08748895674943924 -0.17744895815849304 0.04082350432872772
v 0.08946482837200165 -0.17661413550376892 0.040947552770376205
v 0.0926673412322998 -0.17709027230739594 0.04290404170751572
v 0.0948447734117508 -0.17611674964427948 0.04335850849747658
v 0.09466594457626343 -0.17770186066627502 0.045684970915317535
v 0.09626062959432602 -0.17699389159679413 0.045825567096471786
v 0.08596766740083694 -0.17852628231048584 0.048423685133457184
v 0.09020457416772842 -0.17838606238365173 0.04851031303405762
v 0.09007368981838226 -0.1785183697938919 0.049030695110559464
v 0.08561311662197113 -0.1783585399389267 0.0492422953248024
v 0.08224648237228394 -0.17831897735595703 0.04759369045495987
v 0.08128634095191956 -0.17807136476039886 0.04776814207434654
v 0.07985151559114456 -0.17805661261081696 0.045749977231025696
v 0.07905074954032898 -0.1777450144290924 0.04571649059653282
v 0.09353650361299515 -0.1800626516342163 0.054971203207969666
v 0.09312732517719269 -0.1803712546825409 0.05729830265045166
v 0.09663156419992447 -0.17982271313667297 0.054510410875082016
v 0.09988477826118469 -0.1794000118970871 0.054843805730342865
v 0.10275913029909134 -0.17921054363250732 0.056374721229076385
v 0.10330510139465332 -0.17969860136508942 0.05941835045814514
v 0.10183151066303253 -0.17955949902534485 0.06075812876224518
v 0.09622111916542053 -0.18001893162727356 0.06058812886476517
v 0.0995783880352974 -0.17964909970760345 0.06129036471247673
v 0.09418217837810516 -0.1802302598953247 0.059236008673906326
v 0.0826326385140419 -0.17829835414886475 0.042046692222356796
v 0.08167409151792526 -0.17838579416275024 0.044144902378320694
v 0.08646033704280853 -0.1782403439283371 0.04187450930476189
v 0.09024769812822342 -0.17797984182834625 0.043253153562545776
v 0.09199429303407669 -0.17805571854114532 0.04455486312508583
v 0.09363208711147308 -0.17817938327789307 0.04768193140625954
v 0.09176631271839142 -0.17890565097332 0.046397615224123
v 0.08940999954938889 -0.17869322001934052 0.04737314581871033
v 0.0865846574306488 -0.17890341579914093 0.04753686487674713
v 0.08386270701885223 -0.1788659393787384 0.04663633182644844
v 0.08208490163087845 -0.1785547137260437 0.045762334018945694
v 0.09007616341114044 -0.180648073554039 0.06929133832454681
v 0.08930985629558563 -0.18058355152606964 0.07130016386508942
v 0.09271081537008286 -0.18051794171333313 0.06821559369564056
v 0.0962868258357048 -0.18029458820819855 0.06895150244235992
v 0.09866839647293091 -0.1801564246416092 0.07063634693622589
v 0.09947789460420609 -0.1799096167087555 0.07226534187793732
v 0.09860658645629883 -0.17987369000911713 0.07427414506673813
v 0.09578609466552734 -0.17993862926959991 0.07529423385858536
v 0.09227289259433746 -0.18007750809192657 0.07477029412984848
v 0.09014209359884262 -0.1804552674293518 0.07306142896413803
v 0.07429616898298264 -0.18131929636001587 0.08057542890310287
v 0.07372606545686722 -0.18094882369041443 0.08211036771535873
v 0.07609990239143372 -0.18141958117485046 0.07920540869235992
v 0.0800846591591835 -0.18147435784339905 0.07849814742803574
v 0.08319039642810822 -0.18080419301986694 0.08049401640892029
v 0.08399388194084167 -0.17979922890663147 0.08243957906961441
v 0.08207245171070099 -0.17991328239440918 0.08417455852031708
v 0.07970751076936722 -0.17980676889419556 0.08487989008426666
v 0.0768619179725647 -0.18028010427951813 0.08440281450748444
v 0.07458006590604782 -0.18055494129657745 0.08352594077587128
v 0.09804780036211014 -0.1805640459060669 0.05776366963982582
v 0.09444791823625565 -0.18086373805999756 0.07175196707248688
v 0.08651993423700333 -0.17912577092647552 0.04464460909366608
v 0.07880553603172302 -0.1811041682958603 0.0823453888297081
v 0.052344515919685364 -0.16477032005786896 0.03765902668237686
v 0.05491696670651436 -0.16371233761310577 0.036618124693632126
v 0.05036915838718414 -0.16729286313056946 0.039043936878442764
v 0.046300627291202545 -0.16661250591278076 0.04063551872968674
v 0.04329923167824745 -0.16292999684810638 0.04112926125526428
v 0.04299633577466011 -0.15873710811138153 0.04005846753716469
v 0.04295249283313751 -0.1568177342414856 0.03940676525235176
v 0.04503427818417549 -0.15694662928581238 0.03816794976592064
v 0.04591307416558266 -0.15568658709526062 0.03755027800798416
v 0.050275757908821106 -0.15681400895118713 0.03659961000084877
v 0.04822217673063278 -0.15860311686992645 0.03751392662525177
v 0.05159233510494232 -0.16120938956737518 0.03728808835148811
v 0.05357841029763222 -0.16021504998207092 0.036739978939294815
v 0.04503042250871658 -0.1632089614868164 0.04008614644408226
v 0.04633578658103943 -0.1654863953590393 0.04012015089392662
v 0.043853405863046646 -0.16085457801818848 0.03999089077115059
v 0.045246295630931854 -0.15903624892234802 0.038508061319589615
v 0.04797808453440666 -0.16031862795352936 0.03762012720108032
v 0.049729447811841965 -0.1617388278245926 0.0372796431183815
v 0.050922200083732605 -0.1638210415840149 0.03802284598350525
v 0.04754360765218735 -0.16276060044765472 0.03878320753574371
v 0.04888153448700905 -0.16633689403533936 0.03917859494686127
v 0.0687256008386612 -0.1749121993780136 0.08755083382129669
v 0.08512625843286514 -0.18019679188728333 0.07395665347576141
v 0.09375042468309402 -0.17944307625293732 0.06500206142663956
v 0.09512068331241608 -0.17775407433509827 0.0483860969543457
v -0.3167772889137268 -0.19376103579998016 0.051076315343379974
v -0.3195011615753174 -0.19288885593414307 0.05041209235787392
v -0.31694063544273376 -0.1907539814710617 0.0448530837893486
v -0.3151877820491791 -0.19199104607105255 0.04556718468666077
v -0.3117648661136627 -0.189545676112175 0.04131866618990898
v -0.31128785014152527 -0.1883254498243332 0.04002528265118599
v -0.3060314953327179 -0.18903625011444092 0.03966857120394707
v -0.3059166371822357 -0.1878250688314438 0.03895452246069908
v -0.3004497289657593 -0.1901586651802063 0.03961462154984474
v -0.3000873327255249 -0.18886077404022217 0.03882826864719391
v -0.2961994707584381 -0.1926838755607605 0.04072628170251846
v -0.29517167806625366 -0.19176749885082245 0.039815690368413925
v -0.2938331663608551 -0.1945766657590866 0.044488776475191116
v -0.2927728295326233 -0.1946200281381607 0.04429095983505249
v -0.2927406430244446 -0.1952238231897354 0.04992397129535675
v -0.2921146750450134 -0.19512125849723816 0.04959947243332863
v -0.28833234310150146 -0.19567570090293884 0.055073074996471405
v -0.28691545128822327 -0.19543792307376862 0.05477383732795715
v -0.2849217653274536 -0.1971312165260315 0.060911744832992554
v -0.2838326394557953 -0.1967952847480774 0.060789234936237335
v -0.2840636372566223 -0.19664381444454193 0.06484593451023102
v -0.285676509141922 -0.1968638300895691 0.06537923961877823
v -0.28677165508270264 -0.19720247387886047 0.07131338119506836
v -0.2889094352722168 -0.19740408658981323 0.07139936089515686
v -0.2871564030647278 -0.19672316312789917 0.0683324858546257
v -0.285357803106308 -0.19656462967395782 0.06823361665010452
v -0.2974514067173004 -0.19718581438064575 0.07683423161506653
v -0.29234692454338074 -0.19739913940429688 0.07421278953552246
v -0.29083290696144104 -0.19756416976451874 0.07445349544286728
v -0.2974473237991333 -0.19727739691734314 0.07781138271093369
v -0.3041064441204071 -0.19741089642047882 0.07768937200307846
v -0.3049919009208679 -0.19745555520057678 0.07866760343313217
v -0.3090069591999054 -0.19683143496513367 0.080078125
v -0.3101293444633484 -0.1965654492378235 0.08143246173858643
v -0.31362485885620117 -0.1959211528301239 0.08097980916500092
v -0.3150969445705414 -0.1945243775844574 0.08233268558979034
v -0.3178778290748596 -0.19396333396434784 0.08025301992893219
v -0.3192315995693207 -0.19218018651008606 0.08103252947330475
v -0.32153668999671936 -0.19196981191635132 0.07799624651670456
v -0.3227016031742096 -0.18993571400642395 0.07854118943214417
v -0.32426372170448303 -0.19161489605903625 0.07441578805446625
v -0.3259766101837158 -0.19007401168346405 0.07438448071479797
v -0.3249557316303253 -0.1932404786348343 0.06871900707483292
v -0.32678377628326416 -0.19233712553977966 0.06809166818857193
v -0.3239503800868988 -0.1939443200826645 0.06266726553440094
v -0.32156339287757874 -0.19490821659564972 0.06301044672727585
v -0.3224203586578369 -0.19371084868907928 0.056335002183914185
v -0.3187895715236664 -0.19468837976455688 0.05662132054567337
v -0.3058300316333771 -0.19776339828968048 0.08161094039678574
v -0.30767807364463806 -0.19750793278217316 0.08413197100162506
v -0.3091210722923279 -0.19698743522167206 0.08386735618114471
v -0.3062609136104584 -0.19759714603424072 0.08128314465284348
v -0.3020970821380615 -0.19796913862228394 0.07989651709794998
v -0.30145692825317383 -0.1977016031742096 0.07959049940109253
v -0.29639288783073425 -0.19835513830184937 0.0808519646525383
v -0.29461246728897095 -0.1978330761194229 0.08064316213130951
v -0.29129037261009216 -0.19843047857284546 0.08502229303121567
v -0.28943270444869995 -0.1980801820755005 0.08591771870851517
v -0.291620671749115 -0.1977582722902298 0.08973772823810577
v -0.2919110655784607 -0.19609016180038452 0.09174010902643204
v -0.29615193605422974 -0.19614306092262268 0.09195341914892197
v -0.2971777021884918 -0.19453486800193787 0.09297849237918854
v -0.3003559112548828 -0.1959436684846878 0.09144537895917892
v -0.30112066864967346 -0.19436520338058472 0.09253640472888947
v -0.3045065402984619 -0.1962427794933319 0.08928044885396957
v -0.30600684881210327 -0.1946370154619217 0.08975863456726074
v -0.3074307441711426 -0.19658240675926208 0.08686837553977966
v -0.30883216857910156 -0.1955309808254242 0.08723549544811249
v -0.28611281514167786 -0.19763486087322235 0.07334662973880768
v -0.28846320509910583 -0.19788914918899536 0.07574952393770218
v -0.28911614418029785 -0.1977972537279129 0.07505763322114944
v -0.2864909768104553 -0.19752687215805054 0.0725950375199318
v -0.28232699632644653 -0.19694332778453827 0.07236838340759277
v -0.28252294659614563 -0.19665725529193878 0.07143215835094452
v -0.2779238522052765 -0.19596153497695923 0.07213868200778961
v -0.27852681279182434 -0.19658060371875763 0.07373546808958054
v -0.27296435832977295 -0.1962120532989502 0.07878755033016205
v -0.2758948504924774 -0.19654610753059387 0.07582629472017288
v -0.27408596873283386 -0.19612553715705872 0.07504495978355408
v -0.27153804898262024 -0.1959795206785202 0.07946216315031052
v -0.27418068051338196 -0.19583815336227417 0.08455254882574081
v -0.2751636505126953 -0.19671514630317688 0.08330434560775757
v -0.2801258862018585 -0.1971476972103119 0.0843953937292099
v -0.2800295352935791 -0.19591347873210907 0.08581344038248062
v -0.28679636120796204 -0.1978330910205841 0.0832277461886406
v -0.2862103283405304 -0.1977875828742981 0.08221764117479324
v -0.28920984268188477 -0.19747893512248993 0.078770212829113
v -0.29051893949508667 -0.19736114144325256 0.07833388447761536
v -0.27769559621810913 -0.1956871896982193 0.05817997455596924
v -0.27973273396492004 -0.19696718454360962 0.060577478259801865
v -0.28112053871154785 -0.1964024007320404 0.059079885482788086
v -0.2778867185115814 -0.19473646581172943 0.05645645409822464
v -0.2716860771179199 -0.1941247582435608 0.056896258145570755
v -0.2728748917579651 -0.19487795233726501 0.05800551921129227
v -0.2690938115119934 -0.1947166472673416 0.06013314798474312
v -0.2676781713962555 -0.19366855919361115 0.05978196859359741
v -0.2667272686958313 -0.19475792348384857 0.06363243609666824
v -0.26510512828826904 -0.19409845769405365 0.0640188679099083
v -0.26607242226600647 -0.19486701488494873 0.06736493855714798
v -0.2641030251979828 -0.19401520490646362 0.06768316775560379
v -0.2669825553894043 -0.19473886489868164 0.07010027766227722
v -0.2685849666595459 -0.19550290703773499 0.06950352340936661
v -0.2771824598312378 -0.19673040509223938 0.06835432350635529
v -0.2728234529495239 -0.19633939862251282 0.06986985355615616
v -0.27261680364608765 -0.19582629203796387 0.07102302461862564
v -0.27950549125671387 -0.19671399891376495 0.06811603158712387
v -0.2800578474998474 -0.19744960963726044 0.06443588435649872
v -0.2814336121082306 -0.1973833441734314 0.06348242610692978
v -0.2873391807079315 -0.1928485780954361 0.040879469364881516
v -0.290033221244812 -0.19392487406730652 0.04253029078245163
v -0.2905614674091339 -0.1934640109539032 0.041712686419487
v -0.2883739173412323 -0.19155636429786682 0.039795443415641785
v -0.27618372440338135 -0.19187521934509277 0.0437568798661232
v -0.28117844462394714 -0.19176140427589417 0.04140401631593704
v -0.2808464765548706 -0.19066008925437927 0.04083173722028732
v -0.27462777495384216 -0.19077450037002563 0.04404075816273689
v -0.27153944969177246 -0.19245268404483795 0.047961000353097916
v -0.2736661434173584 -0.1932086944580078 0.04735346511006355
v -0.28400683403015137 -0.1955827921628952 0.050985995680093765
v -0.27897194027900696 -0.19468370079994202 0.05138527229428291
v -0.27938878536224365 -0.19463422894477844 0.052295077592134476
v -0.2845189869403839 -0.19486957788467407 0.05195009335875511
v -0.28846654295921326 -0.19546867907047272 0.0489300973713398
v -0.28959545493125916 -0.19521401822566986 0.049105145037174225
v -0.29079771041870117 -0.19500522315502167 0.0454879067838192
v -0.29106393456459045 -0.1948639154434204 0.045524366199970245
v -0.27642709016799927 -0.19643917679786682 0.060011979192495346
v -0.27749553322792053 -0.19737161695957184 0.06193196773529053
v -0.27278488874435425 -0.19566082954406738 0.0598113052546978
v -0.26989036798477173 -0.19540400803089142 0.06093447655439377
v -0.26785528659820557 -0.19520488381385803 0.06338165700435638
v -0.2673037350177765 -0.19537697732448578 0.06650242209434509
v -0.2684252858161926 -0.196100652217865 0.06779870390892029
v -0.27514785528182983 -0.19717350602149963 0.06706392019987106
v -0.271311491727829 -0.1965349316596985 0.06837670505046844
v -0.2769676744937897 -0.1976143717765808 0.06521076709032059
v -0.28521600365638733 -0.19335822761058807 0.0418979749083519
v -0.28796568512916565 -0.19446632266044617 0.04326312616467476
v -0.27735355496406555 -0.19322896003723145 0.04428454861044884
v -0.2813326120376587 -0.19290781021118164 0.04231734573841095
v -0.2755870521068573 -0.19385525584220886 0.047717511653900146
v -0.2753317058086395 -0.19417650997638702 0.0506737194955349
v -0.2767440974712372 -0.19444599747657776 0.04932349920272827
v -0.27939915657043457 -0.19490154087543488 0.05013597011566162
v -0.2829735279083252 -0.19565969705581665 0.04976159706711769
v -0.286100834608078 -0.19548295438289642 0.04786452278494835
v -0.2876507043838501 -0.19514140486717224 0.04569553956389427
v -0.2847917377948761 -0.19788502156734467 0.07482953369617462
v -0.2862282991409302 -0.19794687628746033 0.07662475109100342
v -0.2817162275314331 -0.19746717810630798 0.0743635892868042
v -0.2788000702857971 -0.1970449686050415 0.0749393031001091
v -0.27505752444267273 -0.19704441726207733 0.07867138087749481
v -0.27658751606941223 -0.1970619410276413 0.07679203152656555
v -0.2763504981994629 -0.19745802879333496 0.08167300373315811
v -0.27936622500419617 -0.19804294407367706 0.08245117217302322
v -0.283544659614563 -0.19826310873031616 0.08146243542432785
v -0.28596892952919006 -0.19805172085762024 0.07915165275335312
v -0.3043205142021179 -0.19819097220897675 0.08306077122688293
v -0.3053848445415497 -0.19797691702842712 0.0847686380147934
v -0.3013908863067627 -0.1984427124261856 0.08145366609096527
v -0.29727256298065186 -0.19878563284873962 0.08185512572526932
v -0.29354751110076904 -0.19905836880207062 0.08463972061872482
v -0.29317840933799744 -0.1987989991903305 0.08781129866838455
v -0.296858012676239 -0.19773593544960022 0.09015867859125137
v -0.299852579832077 -0.19730040431022644 0.0902905985713005
v -0.30269333720207214 -0.19747237861156464 0.08893600106239319
v -0.3045669496059418 -0.19777654111385345 0.0868058130145073
v -0.31290552020072937 -0.193660169839859 0.04743826389312744
v -0.31259098649024963 -0.19558188319206238 0.05260656028985977
v -0.31079214811325073 -0.19181276857852936 0.04376198351383209
v -0.306511253118515 -0.19126033782958984 0.04182251915335655
v -0.3021034598350525 -0.19199658930301666 0.04156431555747986
v -0.2978903651237488 -0.1936052143573761 0.04295447841286659
v -0.2955164909362793 -0.19486618041992188 0.04661454260349274
v -0.29430973529815674 -0.19541336596012115 0.05090316757559776
v -0.2910618185997009 -0.19613897800445557 0.055771879851818085
v -0.2887748181819916 -0.19703984260559082 0.06055687740445137
v -0.2894376218318939 -0.19707007706165314 0.06416352093219757
v -0.29154831171035767 -0.19704145193099976 0.06905260682106018
v -0.2891347408294678 -0.19668368995189667 0.06746065616607666
v -0.2986239492893219 -0.19692370295524597 0.07419219613075256
v -0.2935861647129059 -0.19730614125728607 0.07179220020771027
v -0.3040628433227539 -0.19713732600212097 0.07491859048604965
v -0.308207631111145 -0.19696980714797974 0.07731344550848007
v -0.3122757375240326 -0.19633109867572784 0.07820552587509155
v -0.3161435127258301 -0.1954355686903 0.07782565802335739
v -0.3197239935398102 -0.19430437684059143 0.07612574100494385
v -0.32151201367378235 -0.1939590573310852 0.0735095888376236
v -0.32145506143569946 -0.19454985857009888 0.06966912746429443
v -0.31606507301330566 -0.1959959715604782 0.06468219310045242
v -0.3146185874938965 -0.19612228870391846 0.05855964869260788
v -0.27235135436058044 -0.19707991182804108 0.0640307292342186
v -0.28047826886177063 -0.1983727663755417 0.07854954153299332
v -0.281765341758728 -0.19476191699504852 0.04588770121335983
v -0.2998490333557129 -0.19904488325119019 0.08633226156234741
v -0.30913132429122925 -0.1948634386062622 0.04912777990102768
v -0.3086109161376953 -0.1961025595664978 0.05386492237448692
v -0.30862295627593994 -0.19352418184280396 0.04628138616681099
v -0.3066154420375824 -0.19334545731544495 0.04493759572505951
v -0.3028789460659027 -0.1934334933757782 0.04457913711667061
v -0.29964473843574524 -0.19429659843444824 0.04605872929096222
v -0.2977792024612427 -0.19484777748584747 0.04857204854488373
v -0.2975456714630127 -0.19544723629951477 0.053071051836013794
v -0.29372087121009827 -0.19596433639526367 0.05631228908896446
v -0.29222309589385986 -0.19677624106407166 0.06032957509160042
v -0.2931675612926483 -0.19658036530017853 0.06307767331600189
v -0.2940012216567993 -0.19668671488761902 0.06782922893762589
v -0.29285362362861633 -0.19640310108661652 0.06611385196447372
v -0.29939451813697815 -0.19684579968452454 0.07173556089401245
v -0.2958536148071289 -0.19701914489269257 0.06949682533740997
v -0.30459338426589966 -0.1967017650604248 0.07195904850959778
v -0.30760136246681213 -0.1968364268541336 0.07438329607248306
v -0.3112788498401642 -0.19647638499736786 0.07523314654827118
v -0.31427910923957825 -0.19590844213962555 0.07435709238052368
v -0.31664034724235535 -0.19570232927799225 0.07359115779399872
v -0.31765511631965637 -0.19547034800052643 0.0724019929766655
v -0.31780001521110535 -0.19562655687332153 0.0701088160276413
v -0.3123857080936432 -0.19648368656635284 0.06603894382715225
v -0.31039872765541077 -0.19692876935005188 0.06029123067855835
v -0.30193689465522766 -0.1963523030281067 0.062933549284935
v -0.3038404583930969 -0.19536861777305603 0.04904968664050102
v -0.27451804280281067 -0.19390122592449188 0.051426805555820465
v -0.31870439648628235 -0.1798701286315918 0.08381327241659164
v -0.3136501610279083 -0.19309349358081818 0.0856185331940651
v -0.32364821434020996 -0.18833234906196594 0.07877600938081741
v -0.33133772015571594 -0.1880566030740738 0.06874317675828934
v -0.330152690410614 -0.18845950067043304 0.05450734868645668
v 0.2626986503601074 0.1614612191915512 0.015769124031066895
v 0.21521508693695068 0.1734972596168518 0.02743193320930004
v 0.2275966852903366 0.17022770643234253 0.023197650909423828
v 0.2688490152359009 0.1642530858516693 0.011545573361217976
v 0.2680377960205078 0.16767527163028717 0.005360045935958624
v 0.25068458914756775 0.15711292624473572 0.021228443831205368
v 0.24278706312179565 0.15828508138656616 0.022711189463734627
v 0.20772501826286316 0.17107287049293518 0.02066529355943203
v 0.2105274498462677 0.17427106201648712 0.028618089854717255
v 0.22258299589157104 0.17226198315620422 0.01991315558552742
v 0.22598880529403687 0.17083652317523956 0.025288308039307594
v 0.25603875517845154 0.16393545269966125 0.01853165589272976
v 0.2501510977745056 0.16134408116340637 0.020810557529330254
v 0.24116194248199463 0.16253148019313812 0.022634232416749
v 0.2425973266363144 0.16867531836032867 0.017342884093523026
v 0.26166605949401855 0.17018663883209229 0.00631412910297513
v 0.26001882553100586 0.16729916632175446 0.011342185549438
v 0.24579459428787231 0.17766760289669037 0.013897774741053581
v 0.2749757170677185 0.18924079835414886 0.016836874186992645
v 0.27780917286872864 0.18944227695465088 0.014715362340211868
v 0.06357143819332123 -0.18076106905937195 0.052320465445518494
v 0.06763900816440582 -0.18145811557769775 0.05343436822295189
v 0.06902267783880234 -0.1814979463815689 0.05623946711421013
v 0.06447703391313553 -0.18104879558086395 0.055669721215963364
v 0.06378407776355743 -0.17986178398132324 0.04843158647418022
v 0.06721687316894531 -0.18086664378643036 0.05098026245832443
v 0.06536824256181717 -0.1790122091770172 0.04629853367805481
v 0.06727856397628784 -0.18020321428775787 0.04918622970581055
v 0.06840933859348297 -0.17854337394237518 0.045896124094724655
v 0.06931819766759872 -0.17984724044799805 0.04932338371872902
v 0.07136930525302887 -0.17853772640228271 0.047409605234861374
v 0.07102739810943604 -0.18044055998325348 0.05096824839711189
v 0.0740082710981369 -0.17952758073806763 0.0498073436319828
v 0.07260835915803909 -0.1809515655040741 0.0528973825275898
v 0.07518697530031204 -0.1805604100227356 0.05237260460853577
v 0.07364357262849808 -0.18114054203033447 0.055102236568927765
v 0.07879681140184402 -0.18036384880542755 0.05431202054023743
v 0.07600153982639313 -0.18092310428619385 0.05624575912952423
v 0.08190948516130447 -0.18002748489379883 0.057161666452884674
v 0.07834649831056595 -0.1804967224597931 0.05822525918483734
v 0.08210927993059158 -0.1798887848854065 0.060077618807554245
v 0.0782281830906868 -0.18037690222263336 0.060068149119615555
v 0.08161404728889465 -0.18001016974449158 0.06464967876672745
v 0.0780830830335617 -0.18019847571849823 0.06350170820951462
v 0.07915137708187103 -0.18000811338424683 0.062032122164964676
v 0.082663394510746 -0.17966891825199127 0.06248750165104866
v 0.07784184068441391 -0.1801045686006546 0.06928081065416336
v 0.07557643949985504 -0.1800837218761444 0.06643406301736832
v 0.07830625772476196 -0.1802530288696289 0.06544815003871918
v 0.08064155280590057 -0.18012921512126923 0.066911481320858
v 0.07300321757793427 -0.17984086275100708 0.06993436813354492
v 0.07214270532131195 -0.1802016645669937 0.06662624329328537
v 0.07087618857622147 -0.18041011691093445 0.07330410182476044
v 0.07030567526817322 -0.17989897727966309 0.06885942816734314
v 0.06811457127332687 -0.18063752353191376 0.07502420991659164
v 0.06828764081001282 -0.1798829585313797 0.07048533111810684
v 0.06522670388221741 -0.18049655854701996 0.0755121037364006
v 0.06663454324007034 -0.17991189658641815 0.07183119654655457
v 0.06249503791332245 -0.17998893558979034 0.074321448802948
v 0.06487348675727844 -0.17995423078536987 0.07159432023763657
v 0.06124410033226013 -0.17968617379665375 0.0718778520822525
v 0.06516309827566147 -0.17995800077915192 0.06930628418922424
v 0.06105467677116394 -0.17993976175785065 0.06906242668628693
v 0.06588472425937653 -0.180198535323143 0.06731622666120529
v 0.06335616111755371 -0.18036803603172302 0.06446642428636551
v 0.06761355698108673 -0.18049658834934235 0.06413519382476807
v 0.06065453216433525 -0.18079151213169098 0.059688981622457504
v 0.06632643193006516 -0.18112726509571075 0.0600847490131855
v 0.07273562997579575 -0.18098607659339905 0.06094406172633171
v 0.17040368914604187 0.2369195967912674 0.06633435189723969
v 0.16810107231140137 0.23255294561386108 0.06479880213737488
v 0.16605305671691895 0.240084707736969 0.06558240950107574
v 0.18471187353134155 0.16745498776435852 0.008888843469321728
v 0.2490312159061432 0.15801392495632172 0.01954999752342701
v 0.22389547526836395 0.16314850747585297 0.026706863194704056
v 0.271563857793808 0.16361474990844727 0.004620855674147606
v 0.2251078337430954 0.16148273646831512 0.02405935898423195
v 0.26570481061935425 0.15854227542877197 0.01230546273291111
v 0.2856425344944 0.18717361986637115 0.008637651801109314
v 0.28398364782333374 0.17649835348129272 0.002846064744517207
v 0.28724369406700134 0.18030805885791779 0.0031968732364475727
v 0.2865210175514221 0.1795220971107483 0.0032572797499597073
v 0.2846537232398987 0.17740663886070251 0.0030176746658980846
v 0.2876540720462799 0.18297253549098969 0.005629212595522404
v 0.28129130601882935 0.17632459104061127 0.007089583203196526
v 0.2793000340461731 0.1769338846206665 0.010641006752848625
v 0.28927963972091675 0.1852138489484787 0.005495292134582996
v 0.2907814383506775 0.1838616579771042 0.0023171918001025915
v 0.28611844778060913 0.1797460913658142 0.0035758933518081903
v 0.28428909182548523 0.1774107664823532 0.0033092086669057608
v 0.2862378656864166 0.18180854618549347 0.0051469760946929455
v 0.28553691506385803 0.1833757758140564 0.0074544064700603485
v 0.2844419777393341 0.1825217455625534 0.007863489910960197
v 0.2828453779220581 0.17575132846832275 0.003905912861227989
v 0.2825571298599243 0.18416668474674225 0.010187165811657906
v 0.2814212143421173 0.18329770863056183 0.010443080216646194
v 0.27565547823905945 0.18301387131214142 0.015795087441802025
v 0.2774001955986023 0.18048235774040222 0.013622352853417397
v 0.27602440118789673 0.18148545920848846 0.012460322119295597
v 0.2757006287574768 0.18316197395324707 0.015176585875451565
v 0.28360551595687866 0.17756761610507965 0.004178247414529324
v 0.28465795516967773 0.1800195872783661 0.004661932121962309
v 0.2804216146469116 0.17834749817848206 0.006778603885322809
v 0.2797046899795532 0.17799456417560577 0.006626392714679241
v 0.28229427337646484 0.17728832364082336 0.005508654750883579
v 0.2792547643184662 0.1770283430814743 0.007741008885204792
v 0.2818211615085602 0.18228454887866974 0.009058156050741673
v 0.27983686327934265 0.1825406700372696 0.010962028056383133
v 0.27701908349990845 0.1819358766078949 0.010897049680352211
v 0.2779918313026428 0.17988933622837067 0.009772811084985733
v 0.27752888202667236 0.1792493313550949 0.013592335395514965
v 0.2808629274368286 0.17718446254730225 0.007967580109834671
v 0.28238070011138916 0.18716305494308472 0.01137105654925108
v 0.2817299962043762 0.18528898060321808 0.01163280289620161
v 0.28448227047920227 0.18444181978702545 0.00877915509045124
v 0.2759489417076111 0.18569548428058624 0.016268698498606682
v 0.2779989242553711 0.18402966856956482 0.013567413203418255
v 0.27567633986473083 0.18288375437259674 0.0162233654409647
v 0.275666207075119 0.18385432660579681 0.01462870929390192
v 0.27581390738487244 0.1841203272342682 0.015613386407494545
v 0.27883291244506836 0.17881135642528534 0.011071032844483852
v 0.28389301896095276 0.18103578686714172 0.006493201944977045
v 0.27774304151535034 0.18323102593421936 0.013155094347894192
v 0.2758154273033142 0.17890554666519165 0.008526570163667202
v 0.2774600386619568 0.17925171554088593 0.01052675861865282
v 0.27939969301223755 0.17906911671161652 0.00787719339132309
v 0.2747514545917511 0.18317262828350067 0.012109311297535896
v 0.2867090404033661 0.18188531696796417 0.004971590358763933
v 0.27441710233688354 0.18441365659236908 0.01798929274082184
v 0.2824060618877411 0.175724595785141 0.0031584107782691717
v 0.2773098349571228 0.17925651371479034 0.013618438504636288
v 0.2784464955329895 0.1854282170534134 0.013706566765904427
v 0.07758993655443192 -0.1477842926979065 0.059113841503858566
v 0.07981026917695999 -0.14565645158290863 0.054853133857250214
v 0.06325472146272659 -0.15251174569129944 0.08130817115306854
v 0.05974089354276657 -0.15422260761260986 0.08185750246047974
v -0.32302185893058777 -0.1840662658214569 0.08071226626634598
v -0.3200390636920929 -0.18518659472465515 0.08276485651731491
v -0.3365159332752228 -0.18269963562488556 0.06247023865580559
v -0.3364834189414978 -0.18286223709583282 0.05841611698269844
v -0.3330629765987396 -0.17464464902877808 0.043482113629579544
v -0.33742472529411316 -0.175599604845047 0.048360563814640045
v -0.3389894366264343 -0.17060285806655884 0.04830142855644226
v -0.3358772397041321 -0.1697748601436615 0.04469454288482666
v -0.29459309577941895 -0.1562618911266327 0.054583221673965454
v -0.2958516776561737 -0.15508529543876648 0.06043011322617531
v -0.30203431844711304 -0.1538185328245163 0.0690753236413002
v -0.3073942959308624 -0.1518416553735733 0.07210506498813629
v -0.30537497997283936 -0.14560741186141968 0.06864996999502182
v -0.3085220754146576 -0.14410744607448578 0.07087591290473938
v 0.07612251490354538 -0.1808493286371231 0.06148117408156395
v 0.07312450557947159 -0.18127942085266113 0.05803215503692627
v 0.07305745780467987 -0.18039177358150482 0.06411340832710266
v 0.0756494551897049 -0.18088050186634064 0.05891582742333412
v 0.07557179033756256 -0.18029315769672394 0.06380102038383484
v 0.07022079080343246 -0.18152989447116852 0.05867158994078636
v 0.0705169290304184 -0.18065886199474335 0.06330220401287079
v 0.06935695558786392 -0.18169690668582916 0.061044033616781235
v -0.29876551032066345 -0.19602373242378235 0.05932185426354408
v -0.3024427890777588 -0.19653519988059998 0.06783727556467056
v -0.30385756492614746 -0.19657070934772491 0.05729534104466438
v -0.3076430857181549 -0.19639436900615692 0.06586433202028275
v -0.3061926066875458 -0.19678227603435516 0.06139163300395012
v -0.29815080761909485 -0.1963154822587967 0.06666482239961624
v -0.29779744148254395 -0.19601915776729584 0.06355893611907959
v -0.29717549681663513 -0.19603922963142395 0.061844274401664734
v -0.31135788559913635 -0.19623295962810516 0.07040753960609436
v -0.6174325346946716 0.1593428999185562 0.0166093111038208
v -0.615429162979126 0.16653026640415192 0.013678955845534801
v -0.6179860830307007 0.15118151903152466 0.011687539517879486
v -0.6203184723854065 0.16824473440647125 0.011240454390645027
v -0.6225321292877197 0.15924404561519623 0.015875736251473427
v -0.6236175298690796 0.15076284110546112 0.011185932904481888
v -0.3272700905799866 -0.1819387674331665 0.042653631418943405
v -0.3120725750923157 -0.18672944605350494 0.08840195089578629
v -0.30693909525871277 -0.18687833845615387 0.09120002388954163
v -0.28304168581962585 -0.18535654246807098 0.0904536321759224
v -0.2752629518508911 -0.17693018913269043 0.08728567510843277
v -0.2654827833175659 -0.18587352335453033 0.07509768754243851
v -0.2630351185798645 -0.1776765137910843 0.07078910619020462
v -0.30972522497177124 -0.1809593290090561 0.03710683435201645
v -0.3019559681415558 -0.1816359907388687 0.03707975894212723
v -0.268990695476532 -0.18181146681308746 0.05186077579855919
v -0.26843252778053284 -0.17779844999313354 0.05169426649808884
v -0.2681199610233307 -0.1768161952495575 0.0775454044342041
v -0.2654924690723419 -0.175369530916214 0.0590224526822567
v -0.2876615822315216 -0.1789284646511078 0.091537706553936
v -0.2857949137687683 -0.18249155580997467 0.037920992821455
v -0.2941547632217407 -0.18279999494552612 0.037272341549396515
v -0.32171815633773804 -0.1805528998374939 0.03944015875458717
v -0.3219272494316101 -0.18740203976631165 0.0804913341999054
v -0.3337506949901581 -0.1862248182296753 0.05869099497795105
v -0.3294949233531952 -0.1837499737739563 0.0753503143787384
v -0.33302196860313416 -0.182649165391922 0.07132601737976074
v -0.27673351764678955 -0.17646805942058563 0.042752962559461594
v -0.29844579100608826 -0.18222780525684357 0.09405163675546646
v -0.31690341234207153 -0.18665792047977448 0.08487290143966675
v -0.32605308294296265 -0.1840713769197464 0.07858778536319733
v -0.33531755208969116 -0.18279017508029938 0.06698668748140335
v -0.33545079827308655 -0.18342633545398712 0.0536373145878315
v -0.3189845681190491 -0.18841512501239777 0.08303764462471008
v -0.332980751991272 -0.18243275582790375 0.04822341725230217
v -0.3339371681213379 -0.18623535335063934 0.06420142948627472
v 0.26241055130958557 0.15864308178424835 0.01517296489328146
v 0.25806331634521484 0.15596458315849304 0.01861569657921791
v 0.2535237967967987 0.17988407611846924 0.007709363009780645
v 0.07798134535551071 -0.15031352639198303 0.06825073063373566
v 0.07750537991523743 -0.15117034316062927 0.07378534227609634
v 0.07775408774614334 -0.14519335329532623 0.06922808289527893
v 0.07181880623102188 -0.14503929018974304 0.07381420582532883
v 0.07639181613922119 -0.14948825538158417 0.04629149287939072
v 0.07279320061206818 -0.15220454335212708 0.045230768620967865
v 0.07592137157917023 -0.14821992814540863 0.04711822792887688
v 0.0714583769440651 -0.14979952573776245 0.043442729860544205
vt 0.49849799275398254 0.26472100615501404
vt 0.49849799275398254 0.2503550052642822
vt 0.5075280070304871 0.2532710134983063
vt 0.48946699500083923 0.2532710134983063
vt 0.5102490186691284 0.26403701305389404
vt 0.48674601316452026 0.26403701305389404
vt 0.6791620254516602 0.24335899949073792
vt 0.6566799879074097 0.24675199389457703
vt 0.6524369716644287 0.225600004196167
vt 0.3178330063819885 0.24335899949073792
vt 0.3445580005645752 0.225600004196167
vt 0.3403159976005554 0.24675199389457703
vt 0.669655978679657 0.21424500644207
vt 0.3273389935493469 0.21424500644207
vt 0.5369960069656372 0.26276901364326477
vt 0.537451982498169 0.27464500069618225
vt 0.528128981590271 0.2755430042743683
vt 0.4599989950656891 0.26276999711990356
vt 0.4688659906387329 0.2755430042743683
vt 0.45954298973083496 0.27464500069618225
vt 0.5272970199584961 0.264506995677948
vt 0.4696989953517914 0.264506995677948
vt 0.5187839865684509 0.26337501406669617
vt 0.5162400007247925 0.25282999873161316
vt 0.525538980960846 0.25164300203323364
vt 0.47821199893951416 0.26337501406669617
vt 0.47145599126815796 0.25164300203323364
vt 0.4807550013065338 0.25282999873161316
vt 0.6370689868927002 0.2545050084590912
vt 0.6158599853515625 0.2570039927959442
vt 0.6134470105171204 0.2405029982328415
vt 0.3599259853363037 0.2545050084590912
vt 0.38354799151420593 0.2405029982328415
vt 0.3811360001564026 0.2570039927959442
vt 0.6337029933929443 0.2338320016860962
vt 0.36329200863838196 0.2338320016860962
vt 0.5409029722213745 0.1451759934425354
vt 0.5432569980621338 0.15692999958992004
vt 0.5333300232887268 0.15932999551296234
vt 0.4560920000076294 0.1451759934425354
vt 0.46366599202156067 0.15932899713516235
vt 0.4537380039691925 0.15692999958992004
vt 0.5281999707221985 0.1467059999704361
vt 0.4687950015068054 0.1467059999704361
vt 0.5083450078964233 0.3369539976119995
vt 0.49849799275398254 0.33883801102638245
vt 0.49849799275398254 0.32938700914382935
vt 0.48864999413490295 0.3369539976119995
vt 0.5108469724655151 0.32909199595451355
vt 0.48614901304244995 0.32909199595451355
vt 0.614844024181366 0.16001400351524353
vt 0.5955119729042053 0.14593900740146637
vt 0.6096410155296326 0.12850600481033325
vt 0.3821510076522827 0.16001400351524353
vt 0.3873539865016937 0.12850600481033325
vt 0.4014829993247986 0.14593900740146637
vt 0.6298840045928955 0.14731000363826752
vt 0.3671109974384308 0.14731000363826752
vt 0.6326349973678589 0.3746210038661957
vt 0.600924015045166 0.3646810054779053
vt 0.6066799759864807 0.3522160053253174
vt 0.3643609881401062 0.3746210038661957
vt 0.3903149962425232 0.3522160053253174
vt 0.39607200026512146 0.3646810054779053
vt 0.6350240111351013 0.36324501037597656
vt 0.361970990896225 0.36324599385261536
vt 0.581807017326355 0.17273199558258057
vt 0.587448000907898 0.1615220010280609
vt 0.6029719710350037 0.17142699658870697
vt 0.4151880145072937 0.17273199558258057
vt 0.39402300119400024 0.17142699658870697
vt 0.40954700112342834 0.1615220010280609
vt 0.5932559967041016 0.1816219985485077
vt 0.40373900532722473 0.1816219985485077
vt 0.6619849801063538 0.379397988319397
vt 0.6574140191078186 0.36564600467681885
vt 0.6787160038948059 0.3651280105113983
vt 0.33501100540161133 0.379397988319397
vt 0.31828001141548157 0.3651289939880371
vt 0.33958199620246887 0.36564600467681885
vt 0.6831920146942139 0.3799020051956177
vt 0.3138040006160736 0.37990298867225647
vt 0.7606239914894104 0.432110995054245
vt 0.7620570063591003 0.446260005235672
vt 0.7415760159492493 0.44348400831222534
vt 0.20936399698257446 0.4810220003128052
vt 0.22903800010681152 0.4913319945335388
vt 0.2086939960718155 0.4952000081539154
vt 0.7385470271110535 0.4317319989204407
vt 0.2314240038394928 0.4793440103530884
vt 0.7693349719047546 0.39069899916648865
vt 0.770762026309967 0.40248700976371765
vt 0.7500240206718445 0.39939698576927185
vt 0.1977829933166504 0.44083499908447266
vt 0.21768100559711456 0.4474779963493347
vt 0.1973479986190796 0.45237699151039124
vt 0.7512199878692627 0.3882479965686798
vt 0.21530400216579437 0.4363130033016205
vt 0.7735540270805359 0.3539850115776062
vt 0.770721971988678 0.3675819933414459
vt 0.7573220133781433 0.3573479950428009
vt 0.20540599524974823 0.5752540230751038
vt 0.2164350003004074 0.5890430212020874
vt 0.19901999831199646 0.588379979133606
vt 0.7595580220222473 0.5401870012283325
vt 0.7503889799118042 0.5303940176963806
vt 0.7692660093307495 0.5257390141487122
vt 0.22475799918174744 0.5786449909210205
vt 0.7443389892578125 0.4714300036430359
vt 0.7709220051765442 0.4709019958972931
vt 0.7646769881248474 0.4823870062828064
vt 0.22763000428676605 0.519474983215332
vt 0.20781199634075165 0.5314080119132996
vt 0.20103700459003448 0.5202159881591797
vt 0.7438759803771973 0.4868679940700531
vt 0.22881999611854553 0.5348650217056274
vt 0.7405700087547302 0.2696540057659149
vt 0.7514640092849731 0.27676698565483093
vt 0.7385479807853699 0.28701600432395935
vt 0.2510890066623688 0.2703140079975128
vt 0.2586829960346222 0.28710800409317017
vt 0.24242199957370758 0.28095000982284546
vt 0.7273579835891724 0.2742539942264557
vt 0.2658349871635437 0.2707040011882782
vt 0.7241089940071106 0.22994199395179749
vt 0.72986900806427 0.2511320114135742
vt 0.7070620059967041 0.25067201256752014
vt 0.2549160122871399 0.22514699399471283
vt 0.278672993183136 0.2405170053243637
vt 0.2559100091457367 0.24827900528907776
vt 0.7029790282249451 0.22819599509239197
vt 0.27558499574661255 0.21663500368595123
vt 0.8795549869537354 0.19943900406360626
vt 0.8697119951248169 0.20927299559116364
vt 0.8623430132865906 0.1985740065574646
vt 0.08850999921560287 0.24438700079917908
vt 0.10565599799156189 0.23788200318813324
vt 0.1016940027475357 0.25110000371932983
vt 0.8753589987754822 0.18820899724960327
vt 0.0890979990363121 0.23161999881267548
vt 0.8261610269546509 0.21547900140285492
vt 0.8246189951896667 0.22033900022506714
vt 0.80970698595047 0.21000699698925018
vt 0.14764000475406647 0.2432669997215271
vt 0.16246099770069122 0.23247399926185608
vt 0.15075600147247314 0.24766799807548523
vt 0.8142849802970886 0.2032639980316162
vt 0.155689999461174 0.2271450012922287
vt 0.7927950024604797 0.1793839931488037
vt 0.8040300011634827 0.19082799553871155
vt 0.7966489791870117 0.19603699445724487
vt 0.169732004404068 0.19624100625514984
vt 0.17114900052547455 0.21423299610614777
vt 0.16205500066280365 0.21133899688720703
vt 0.7868239879608154 0.18228499591350555
vt 0.17666299641132355 0.19726300239562988
vt 0.8636029958724976 0.2446659952402115
vt 0.8683739900588989 0.24630199372768402
vt 0.8677610158920288 0.24999600648880005
vt 0.119377002120018 0.2847430109977722
vt 0.11692699790000916 0.29144400358200073
vt 0.1151140034198761 0.28793299198150635
vt 0.8624150156974792 0.24941299855709076
vt 0.12210799753665924 0.28912800550460815
vt 0.5230209827423096 0.37399598956108093
vt 0.5132820010185242 0.3763650059700012
vt 0.5122770071029663 0.36650601029396057
vt 0.4739750027656555 0.37399598956108093
vt 0.48471799492836 0.36650601029396057
vt 0.4837130010128021 0.3763650059700012
vt 0.5222510099411011 0.3623940050601959
vt 0.4747450053691864 0.3623940050601959
vt 0.6272280216217041 0.41574499011039734
vt 0.6231989860534668 0.39958900213241577
vt 0.6562939882278442 0.41111499071121216
vt 0.3697679936885834 0.41574499011039734
vt 0.34070199728012085 0.41111499071121216
vt 0.3737959861755371 0.39958900213241577
vt 0.6554759740829468 0.42569500207901
vt 0.3415200114250183 0.42569500207901
vt 0.7029920220375061 0.4247629940509796
vt 0.6793010234832764 0.4276120066642761
vt 0.6838330030441284 0.4127750098705292
vt 0.2940030097961426 0.4247640073299408
vt 0.31316301226615906 0.41277599334716797
vt 0.3176940083503723 0.4276120066642761
vt 0.7023360133171082 0.4103829860687256
vt 0.29465898871421814 0.41038399934768677
vt 0.5306469798088074 0.40700700879096985
vt 0.5128239989280701 0.4156090021133423
vt 0.5154489874839783 0.4014570116996765
vt 0.4663490056991577 0.40700700879096985
vt 0.4815469980239868 0.4014570116996765
vt 0.484171986579895 0.4156090021133423
vt 0.5270940065383911 0.39523598551750183
vt 0.46990200877189636 0.395236998796463
vt 0.5535150170326233 0.43070799112319946
vt 0.5473200082778931 0.40480101108551025
vt 0.5574650168418884 0.40432000160217285
vt 0.4434809982776642 0.43070799112319946
vt 0.43953099846839905 0.40432101488113403
vt 0.4496760070323944 0.40480101108551025
vt 0.5650219917297363 0.433245986700058
vt 0.43197399377822876 0.433245986700058
vt 0.6345509886741638 0.4693340063095093
vt 0.6348540186882019 0.44246798753738403
vt 0.6586940288543701 0.44854700565338135
vt 0.36244499683380127 0.4693340063095093
vt 0.33830198645591736 0.44854798913002014
vt 0.36214199662208557 0.4424690008163452
vt 0.6612460017204285 0.47196701169013977
vt 0.335750013589859 0.47196799516677856
vt 0.7048439979553223 0.44485700130462646
vt 0.7073360085487366 0.4717769920825958
vt 0.6839960217475891 0.4723399877548218
vt 0.29215100407600403 0.44485801458358765
vt 0.31299999356269836 0.47234100103378296
vt 0.2896600067615509 0.471778005361557
vt 0.6826720237731934 0.44979000091552734
vt 0.3143239915370941 0.44979000091552734
vt 0.6000159978866577 0.3119939863681793
vt 0.5976769924163818 0.2969050109386444
vt 0.6186890006065369 0.2935889959335327
vt 0.3969790041446686 0.3119939863681793
vt 0.3783070147037506 0.2935889959335327
vt 0.39931800961494446 0.2969050109386444
vt 0.6225320100784302 0.3171910047531128
vt 0.3744640052318573 0.3171910047531128
vt 0.519029974937439 0.22242900729179382
vt 0.5186579823493958 0.22713500261306763
vt 0.5111799836158752 0.22795799374580383
vt 0.47796499729156494 0.22242900729179382
vt 0.48581498861312866 0.22795799374580383
vt 0.47833800315856934 0.22713600099086761
vt 0.5084019899368286 0.2199299931526184
vt 0.4885930120944977 0.2199299931526184
vt 0.6510720252990723 0.3242419958114624
vt 0.6442070007324219 0.29118698835372925
vt 0.6643840074539185 0.2925119996070862
vt 0.3459230065345764 0.3242430090904236
vt 0.332612007856369 0.29251301288604736
vt 0.3527880012989044 0.29118698835372925
vt 0.6729369759559631 0.31993600726127625
vt 0.32405900955200195 0.31993699073791504
vt 0.88229900598526 0.9308739900588989
vt 0.8877710103988647 0.9232569932937622
vt 0.8886160254478455 0.9374729990959167
vt 0.15011900663375854 0.8924700021743774
vt 0.14200599491596222 0.8993499875068665
vt 0.1449500024318695 0.8827900290489197
vt 0.8860880136489868 0.9415029883384705
vt 0.14452600479125977 0.9043939709663391
vt 0.540378987789154 0.9617649912834167
vt 0.5355269908905029 0.9315320253372192
vt 0.558417022228241 0.9334030151367188
vt 0.46709299087524414 0.9622589945793152
vt 0.4486669898033142 0.9341449737548828
vt 0.47153300046920776 0.9319599866867065
vt 0.5657250285148621 0.9654229879379272
vt 0.4418010115623474 0.9662629961967468
vt 0.956866979598999 0.6685299873352051
vt 0.9528800249099731 0.6567659974098206
vt 0.960174024105072 0.653302013874054
vt 0.8646159768104553 0.6498749852180481
vt 0.8675829768180847 0.6344709992408752
vt 0.8729619979858398 0.6405609846115112
vt 0.9633520245552063 0.6605589985847473
vt 0.8617690205574036 0.639930009841919
vt 0.7138919830322266 0.6050739884376526
vt 0.7406280040740967 0.6270660161972046
vt 0.7337480187416077 0.6465049982070923
vt 0.2910110056400299 0.6064339876174927
vt 0.2712019979953766 0.6477969884872437
vt 0.2643289864063263 0.6283940076828003
vt 0.7076740264892578 0.6174160242080688
vt 0.29722198843955994 0.6187509894371033
vt 0.5212240219116211 0.7559019923210144
vt 0.5242760181427002 0.7862820029258728
vt 0.5026400089263916 0.7775729894638062
vt 0.48386698961257935 0.7560660243034363
vt 0.48107901215553284 0.7864770293235779
vt 0.5025169849395752 0.7492129802703857
vt 0.5944690108299255 0.2476550042629242
vt 0.5891330242156982 0.23031499981880188
vt 0.40786299109458923 0.23031499981880188
vt 0.40252599120140076 0.2476550042629242
vt 0.6044570207595825 0.22193999588489532
vt 0.39253899455070496 0.22193999588489532
vt 0.9389709830284119 0.6970469951629639
vt 0.941087007522583 0.6845229864120483
vt 0.9445400238037109 0.6891700029373169
vt 0.8695880174636841 0.68470698595047
vt 0.8672400116920471 0.6747869849205017
vt 0.8724740147590637 0.6714959740638733
vt 0.941178023815155 0.7011510133743286
vt 0.865697979927063 0.6878489851951599
vt 0.5095379948616028 0.18108700215816498
vt 0.5095999836921692 0.178957998752594
vt 0.5192239880561829 0.18069499731063843
vt 0.4874579906463623 0.18108700215816498
vt 0.47777101397514343 0.18069499731063843
vt 0.4873949885368347 0.178957998752594
vt 0.5175570249557495 0.18546399474143982
vt 0.47943800687789917 0.18546399474143982
vt 0.5332480072975159 0.17874999344348907
vt 0.5223789811134338 0.17445500195026398
vt 0.5261480212211609 0.16778099536895752
vt 0.4637480080127716 0.17874999344348907
vt 0.4708470106124878 0.1677819937467575
vt 0.47461599111557007 0.17445500195026398
vt 0.5396580100059509 0.1719129979610443
vt 0.45733699202537537 0.1719129979610443
vt 0.5312740206718445 0.35695400834083557
vt 0.5285509824752808 0.35089901089668274
vt 0.5314440131187439 0.34677600860595703
vt 0.465721994638443 0.35695400834083557
vt 0.4655520021915436 0.34677600860595703
vt 0.46844398975372314 0.35089901089668274
vt 0.5362460017204285 0.35063299536705017
vt 0.460750013589859 0.35063299536705017
vt 0.5952659845352173 0.38948899507522583
vt 0.6014149785041809 0.403423011302948
vt 0.5789939761161804 0.39364299178123474
vt 0.4017300009727478 0.389490008354187
vt 0.41800200939178467 0.39364299178123474
vt 0.3955810070037842 0.403423011302948
vt 0.5734909772872925 0.3849110007286072
vt 0.4235050082206726 0.3849110007286072
vt 0.5893769860267639 0.4480929970741272
vt 0.5886200070381165 0.41422799229621887
vt 0.6101089715957642 0.4289419949054718
vt 0.40761899948120117 0.4480929970741272
vt 0.3868870139122009 0.428943008184433
vt 0.40837499499320984 0.41422900557518005
vt 0.6098499894142151 0.4595470130443573
vt 0.38714599609375 0.4595470130443573
vt 0.586188018321991 0.2026980072259903
vt 0.5737839937210083 0.2120800018310547
vt 0.5745819807052612 0.20134200155735016
vt 0.4108070135116577 0.20269900560379028
vt 0.4224120080471039 0.20134200155735016
vt 0.4232119917869568 0.2120800018310547
vt 0.58433997631073 0.19571000337600708
vt 0.4126549959182739 0.19571000337600708
vt 0.5498149991035461 0.31539100408554077
vt 0.5509420037269592 0.32109299302101135
vt 0.5400530099868774 0.32168200612068176
vt 0.44718000292778015 0.31539100408554077
vt 0.45694300532341003 0.32168200612068176
vt 0.44605401158332825 0.32109200954437256
vt 0.5399529933929443 0.3152579963207245
vt 0.45704200863838196 0.3152579963207245
vt 0.9054999947547913 0.8755300045013428
vt 0.908079981803894 0.8835970163345337
vt 0.8918020129203796 0.9003700017929077
vt 0.13083499670028687 0.8230059742927551
vt 0.1436930000782013 0.8548370003700256
vt 0.12656700611114502 0.8323310017585754
vt 0.8851699829101562 0.8997009992599487
vt 0.15175199508666992 0.8550199866294861
vt 0.7344250082969666 0.7644910216331482
vt 0.7142099738121033 0.7454900145530701
vt 0.7338899970054626 0.7189279794692993
vt 0.27066799998283386 0.7656649947166443
vt 0.27114298939704895 0.7201300263404846
vt 0.2908479869365692 0.7466449737548828
vt 0.7514380216598511 0.7385219931602478
vt 0.2536340057849884 0.7397289872169495
vt 0.49849799275398254 0.18121099472045898
vt 0.5030189752578735 0.1876859962940216
vt 0.49397599697113037 0.1876859962940216
vt 0.49849799275398254 0.186039999127388
vt 0.699196994304657 0.37582701444625854
vt 0.7007120251655579 0.39243000745773315
vt 0.2962830066680908 0.39243000745773315
vt 0.2977989912033081 0.37582701444625854
vt 0.6834869980812073 0.3974339962005615
vt 0.3135089874267578 0.3974350094795227
vt 0.49849799275398254 0.4198000133037567
vt 0.49849799275398254 0.40766000747680664
vt 0.6770150065422058 0.33615800738334656
vt 0.6921359896659851 0.32082998752593994
vt 0.3199799954891205 0.33615899085998535
vt 0.30485999584198 0.32082998752593994
vt 0.6935380101203918 0.3298349976539612
vt 0.30345800518989563 0.3298349976539612
vt 0.5645490288734436 0.10983499884605408
vt 0.5868510007858276 0.11625699698925018
vt 0.5784590244293213 0.13222099840641022
vt 0.4324460029602051 0.10983499884605408
vt 0.4185360074043274 0.1322219967842102
vt 0.41014400124549866 0.11625699698925018
vt 0.5594050288200378 0.1333570033311844
vt 0.43759000301361084 0.1333570033311844
vt 0.7126709818840027 0.19286899268627167
vt 0.7199490070343018 0.20906099677085876
vt 0.6924800276756287 0.20866599678993225
vt 0.2545570135116577 0.18424800038337708
vt 0.27988699078559875 0.19366200268268585
vt 0.25241899490356445 0.20283900201320648
vt 0.690218985080719 0.19020800292491913
vt 0.27625900506973267 0.1743980050086975
vt 0.842503011226654 0.22365699708461761
vt 0.1338070034980774 0.2567700147628784
vt 0.8386269807815552 0.2311049997806549
vt 0.14011499285697937 0.26302099227905273
vt 0.7753419876098633 0.1618269979953766
vt 0.7782019972801208 0.15938700735569
vt 0.7827489972114563 0.16860799491405487
vt 0.18171299993991852 0.17305000126361847
vt 0.17641900479793549 0.18221400678157806
vt 0.1780650019645691 0.17150600254535675
vt 0.77947598695755 0.17092299461364746
vt 0.18044400215148926 0.18350300192832947
vt 0.5693489909172058 0.16604599356651306
vt 0.575340986251831 0.18403500318527222
vt 0.4276460111141205 0.16604599356651306
vt 0.42165398597717285 0.18403500318527222
vt 0.5604349970817566 0.1761769950389862
vt 0.4365600049495697 0.1761769950389862
vt 0.49849799275398254 0.20656399428844452
vt 0.49849799275398254 0.19548800587654114
vt 0.503262996673584 0.19976800680160522
vt 0.4937329888343811 0.19976800680160522
vt 0.505262017250061 0.21226300299167633
vt 0.49173399806022644 0.21226300299167633
vt 0.5777140259742737 0.2527410089969635
vt 0.5634459853172302 0.25685399770736694
vt 0.5609229803085327 0.24252299964427948
vt 0.4192819893360138 0.2527410089969635
vt 0.4360719919204712 0.24252299964427948
vt 0.4335489869117737 0.25685399770736694
vt 0.5743499994277954 0.23716899752616882
vt 0.4226450026035309 0.23716899752616882
vt 0.5607450008392334 0.35270899534225464
vt 0.5592160224914551 0.36505600810050964
vt 0.542622983455658 0.3613309860229492
vt 0.4362500011920929 0.35270899534225464
vt 0.45437300205230713 0.3613309860229492
vt 0.4377799928188324 0.36505600810050964
vt 0.5489850044250488 0.3478679955005646
vt 0.44800999760627747 0.34786900877952576
vt 0.5607720017433167 0.39246198534965515
vt 0.5702369809150696 0.40461501479148865
vt 0.4362240135669708 0.39246299862861633
vt 0.4267579913139343 0.40461501479148865
vt 0.5502409934997559 0.3901450037956238
vt 0.44675499200820923 0.3901450037956238
vt 0.5757759809494019 0.4368950128555298
vt 0.42122000455856323 0.4368950128555298
vt 0.5652660131454468 0.315760999917984
vt 0.5838850140571594 0.31345200538635254
vt 0.5819829702377319 0.31866300106048584
vt 0.4317300021648407 0.315760999917984
vt 0.415012001991272 0.31866300106048584
vt 0.41310998797416687 0.31345298886299133
vt 0.5627610087394714 0.3205089867115021
vt 0.43423399329185486 0.3205089867115021
vt 0.5496429800987244 0.1987060010433197
vt 0.5600289702415466 0.2103080004453659
vt 0.5433949828147888 0.21475300192832947
vt 0.44735199213027954 0.1987060010433197
vt 0.45360100269317627 0.21475300192832947
vt 0.4369660019874573 0.2103080004453659
vt 0.5395129919052124 0.20314200222492218
vt 0.4574829936027527 0.20314200222492218
vt 0.7091609835624695 0.6435089707374573
vt 0.29574498534202576 0.6447920203208923
vt 0.7252699732780457 0.6729850172996521
vt 0.27969300746917725 0.674232006072998
vt 0.9379410147666931 0.6223729848861694
vt 0.9406930208206177 0.620041012763977
vt 0.9443169832229614 0.6328859925270081
vt 0.9003279805183411 0.6146829724311829
vt 0.8903080224990845 0.62186598777771
vt 0.8987100124359131 0.6114500164985657
vt 0.942188024520874 0.635358989238739
vt 0.8912979960441589 0.6249880194664001
vt 0.6273090243339539 0.6721959710121155
vt 0.6384239792823792 0.6513569951057434
vt 0.6533949971199036 0.6789939999580383
vt 0.3773669898509979 0.6732620000839233
vt 0.35139700770378113 0.6801319718360901
vt 0.36622199416160583 0.6525610089302063
vt 0.6467549800872803 0.7030289769172668
vt 0.35810399055480957 0.7040830254554749
vt 0.9165880084037781 0.6530979871749878
vt 0.9266759753227234 0.6434710025787354
vt 0.9304100275039673 0.6458079814910889
vt 0.9080470204353333 0.6513919830322266
vt 0.8980770111083984 0.6392670273780823
vt 0.902446985244751 0.6385650038719177
vt 0.9176390171051025 0.6536039710044861
vt 0.9068790078163147 0.6514520049095154
vt 0.9187970161437988 0.6202359795570374
vt 0.9250100255012512 0.6218860149383545
vt 0.9242709875106812 0.6293619871139526
vt 0.9101809859275818 0.6264910101890564
vt 0.9124320149421692 0.6193169951438904
vt 0.9170529842376709 0.6287890076637268
vt 0.8420500159263611 0.17781800031661987
vt 0.8258739709854126 0.19312399625778198
vt 0.8161140084266663 0.18192900717258453
vt 0.11950299888849258 0.21031999588012695
vt 0.14703699946403503 0.20621100068092346
vt 0.14075599610805511 0.22062399983406067
vt 0.8306170105934143 0.16983899474143982
vt 0.12853600084781647 0.19859899580478668
vt 0.844124972820282 0.15665100514888763
vt 0.820451021194458 0.16278399527072906
vt 0.1106410026550293 0.18948699533939362
vt 0.13659100234508514 0.18825100362300873
vt 0.830265998840332 0.1488730013370514
vt 0.12228400260210037 0.17723800241947174
vt 0.8380240201950073 0.20508000254631042
vt 0.8541150093078613 0.18834100663661957
vt 0.1323300004005432 0.23659099638462067
vt 0.11066900193691254 0.22485600411891937
vt 0.8511289954185486 0.21397699415683746
vt 0.12198100239038467 0.24980199337005615
vt 0.8093739748001099 0.15619799494743347
vt 0.7991120219230652 0.15092700719833374
vt 0.8105109930038452 0.14228199422359467
vt 0.1457110047340393 0.1781270056962967
vt 0.1402440071105957 0.16446100175380707
vt 0.1543940007686615 0.1696079969406128
vt 0.8194440007209778 0.1469389945268631
vt 0.13265399634838104 0.17191700637340546
vt 0.77121502161026 0.2462960034608841
vt 0.756646990776062 0.25664299726486206
vt 0.7516909837722778 0.24744699895381927
vt 0.2128099948167801 0.2566559910774231
vt 0.23280300199985504 0.2515619993209839
vt 0.23076699674129486 0.26238998770713806
vt 0.7720280289649963 0.2337149977684021
vt 0.2079640030860901 0.244268998503685
vt 0.7832589745521545 0.21735799312591553
vt 0.7684149742126465 0.2154420018196106
vt 0.19143399596214294 0.23141300678253174
vt 0.20575200021266937 0.22473999857902527
vt 0.7791759967803955 0.20009799301624298
vt 0.19002999365329742 0.2127469927072525
vt 0.7832130193710327 0.24683700501918793
vt 0.7997819781303406 0.24820099771022797
vt 0.7818250060081482 0.2686440050601959
vt 0.20092099905014038 0.2610439956188202
vt 0.20930899679660797 0.28252100944519043
vt 0.18469800055027008 0.2677299976348877
vt 0.7666040062904358 0.2628439962863922
vt 0.22274699807167053 0.27181199193000793
vt 0.7733129858970642 0.1839590072631836
vt 0.7641670107841492 0.1962279975414276
vt 0.756039023399353 0.17943799495697021
vt 0.19078299403190613 0.19464899599552155
vt 0.20670199394226074 0.1846040040254593
vt 0.2038870006799698 0.20406800508499146
vt 0.7655879855155945 0.171316996216774
vt 0.19452500343322754 0.1794860064983368
vt 0.9105730056762695 0.505059003829956
vt 0.9022610187530518 0.5046690106391907
vt 0.905938982963562 0.49669599533081055
vt 0.06401299685239792 0.5574100017547607
vt 0.0682860016822815 0.549310028553009
vt 0.07195600122213364 0.5569019913673401
vt 0.9132670164108276 0.49735701084136963
vt 0.06128599867224693 0.5501019954681396
vt 0.887021005153656 0.3706839978694916
vt 0.8897290229797363 0.3776800036430359
vt 0.8811129927635193 0.3770439922809601
vt 0.08243300020694733 0.5639309883117676
vt 0.08972100168466568 0.5696210265159607
vt 0.08104000240564346 0.5717520117759705
vt 0.8786560297012329 0.3703179955482483
vt 0.09138300269842148 0.562201976776123
vt 0.919717013835907 0.4772689938545227
vt 0.9295480251312256 0.4705600142478943
vt 0.9336940050125122 0.47641199827194214
vt 0.05444300174713135 0.5310999751091003
vt 0.041159000247716904 0.5311629772186279
vt 0.04455899819731712 0.5251520276069641
vt 0.9277179837226868 0.4829249978065491
vt 0.04716600105166435 0.5369009971618652
vt 0.8731300234794617 0.47583499550819397
vt 0.8833439946174622 0.478738009929657
vt 0.880046010017395 0.4847800135612488
vt 0.09968899935483932 0.5283200144767761
vt 0.09311799705028534 0.537211000919342
vt 0.08976399898529053 0.5313910245895386
vt 0.8698930144309998 0.4820530116558075
vt 0.10299000144004822 0.5343440175056458
vt 0.828361988067627 0.4241810142993927
vt 0.8316630125045776 0.43504101037979126
vt 0.7928959727287292 0.4354659914970398
vt 0.14238999783992767 0.47643598914146423
vt 0.1775829941034317 0.48606300354003906
vt 0.13948999345302582 0.4871790111064911
vt 0.7984430193901062 0.4243620038032532
vt 0.17162400484085083 0.47540199756622314
vt 0.8595340251922607 0.3980279862880707
vt 0.8543750047683716 0.3893829882144928
vt 0.8693850040435791 0.39021798968315125
vt 0.11147099733352661 0.4515460133552551
vt 0.1018029972910881 0.4438680112361908
vt 0.116457998752594 0.443107008934021
vt 0.8770880103111267 0.39977699518203735
vt 0.09413699805736542 0.45336198806762695
vt 0.7973530292510986 0.506292998790741
vt 0.7917420268058777 0.5016540288925171
vt 0.8204039931297302 0.4980649948120117
vt 0.1759839951992035 0.5568640232086182
vt 0.1525219976902008 0.5494319796562195
vt 0.18147599697113037 0.5519499778747559
vt 0.8229780197143555 0.5017489790916443
vt 0.15002700686454773 0.5532069802284241
vt 0.8554990291595459 0.45270299911499023
vt 0.8804259896278381 0.45564499497413635
vt 0.8768600225448608 0.46714499592781067
vt 0.1165039986371994 0.5051940083503723
vt 0.09583000093698502 0.5198990106582642
vt 0.09203100204467773 0.5087310075759888
vt 0.8550339937210083 0.46622198820114136
vt 0.1172809973359108 0.5184900164604187
vt 0.49849799275398254 0.29972800612449646
vt 0.49849799275398254 0.2854830026626587
vt 0.5085800290107727 0.28370898962020874
vt 0.488415002822876 0.28370898962020874
vt 0.515529990196228 0.30538299679756165
vt 0.48146501183509827 0.30538299679756165
vt 0.660988986492157 0.2605440020561218
vt 0.6820560097694397 0.25644099712371826
vt 0.6877380013465881 0.2895829975605011
vt 0.3360059857368469 0.2605440020561218
vt 0.30925700068473816 0.2895829975605011
vt 0.3149389922618866 0.25644099712371826
vt 0.5420200228691101 0.30423200130462646
vt 0.5382350087165833 0.2847529947757721
vt 0.549934983253479 0.28714901208877563
vt 0.45497599244117737 0.30423200130462646
vt 0.4470599889755249 0.28714999556541443
vt 0.45875999331474304 0.2847529947757721
vt 0.5522149801254272 0.30718299746513367
vt 0.44477999210357666 0.30718401074409485
vt 0.5354570150375366 0.30288800597190857
vt 0.527122974395752 0.30378198623657227
vt 0.5198040008544922 0.28460198640823364
vt 0.4615379869937897 0.30288800597190857
vt 0.4771920144557953 0.28460198640823364
vt 0.46987301111221313 0.30378198623657227
vt 0.5294209718704224 0.28369998931884766
vt 0.46757400035858154 0.28369998931884766
vt 0.6385350227355957 0.26554998755455017
vt 0.3584609925746918 0.26554998755455017
vt 0.5947110056877136 0.2763200104236603
vt 0.40228399634361267 0.2763200104236603
vt 0.6172530055046082 0.26970499753952026
vt 0.37974199652671814 0.26970601081848145
vt 0.5823090076446533 0.2956460118293762
vt 0.566349983215332 0.2990509867668152
vt 0.5641940236091614 0.2815540134906769
vt 0.41468700766563416 0.2956460118293762
vt 0.4328010082244873 0.2815540134906769
vt 0.43064600229263306 0.2990509867668152
vt 0.5776900053024292 0.27755600214004517
vt 0.4193060100078583 0.27755600214004517
vt 0.5174790024757385 0.274522989988327
vt 0.5074769854545593 0.27453699707984924
vt 0.47951599955558777 0.274522989988327
vt 0.48951900005340576 0.27453699707984924
vt 0.6233850121498108 0.21159900724887848
vt 0.6415669918060303 0.201882004737854
vt 0.3736099898815155 0.21159900724887848
vt 0.355428010225296 0.201882004737854
vt 0.5725499987602234 0.1504569947719574
vt 0.4244459867477417 0.1504569947719574
vt 0.663133978843689 0.39642301201820374
vt 0.6276950240135193 0.38981300592422485
vt 0.3338620066642761 0.39642301201820374
vt 0.3693009912967682 0.38981398940086365
vt 0.7422289848327637 0.41689398884773254
vt 0.7688429951667786 0.4197179973125458
vt 0.22681699693202972 0.46461498737335205
vt 0.2004700005054474 0.46921101212501526
vt 0.7408739924430847 0.5113160014152527
vt 0.7633050084114075 0.505620002746582
vt 0.7647969722747803 0.5145779848098755
vt 0.23308099806308746 0.5590749979019165
vt 0.20927999913692474 0.5637310147285461
vt 0.21031400561332703 0.5546309947967529
vt 0.7425829768180847 0.5256699919700623
vt 0.23224200308322906 0.5734429955482483
vt 0.9423760175704956 0.44665101170539856
vt 0.9348850250244141 0.4465380012989044
vt 0.9366469979286194 0.44196000695228577
vt 0.030493000522255898 0.5010790228843689
vt 0.0362900011241436 0.4965740144252777
vt 0.038001999258995056 0.5011370182037354
vt 0.9440649747848511 0.4423240125179291
vt 0.028981000185012817 0.4967629909515381
vt 0.5320630073547363 0.3687950074672699
vt 0.46493199467658997 0.3687950074672699
vt 0.538241982460022 0.43447598814964294
vt 0.4587540030479431 0.4344770014286041
vt 0.526091992855072 0.22849099338054657
vt 0.47090399265289307 0.22849099338054657
vt 0.5246430039405823 0.2223840057849884
vt 0.472351998090744 0.2223840057849884
vt 0.6551589965820312 0.34277498722076416
vt 0.6291530132293701 0.33532801270484924
vt 0.36784300208091736 0.33532801270484924
vt 0.34183499217033386 0.34277600049972534
vt 0.8944240212440491 0.9478240013122559
vt 0.13382799923419952 0.9109339714050293
vt 0.8892009854316711 0.9509580135345459
vt 0.13969899713993073 0.915336012840271
vt 0.9491329789161682 0.6644539833068848
vt 0.8733909726142883 0.649163007736206
vt 0.7415440082550049 0.6021519899368286
vt 0.26340699195861816 0.6035249829292297
vt 0.5551509857177734 0.15084199607372284
vt 0.5533689856529236 0.15928499400615692
vt 0.44184398651123047 0.15084199607372284
vt 0.4436269998550415 0.15928499400615692
vt 0.5074499845504761 0.5287169814109802
vt 0.512607991695404 0.5273489952087402
vt 0.5115100145339966 0.5415560007095337
vt 0.489546000957489 0.5287169814109802
vt 0.4854860007762909 0.5415560007095337
vt 0.48438799381256104 0.5273489952087402
vt 0.5057049989700317 0.5415380001068115
vt 0.49129098653793335 0.5415380001068115
vt 0.9154350161552429 0.6541540026664734
vt 0.9153810143470764 0.6525700092315674
vt 0.90870600938797 0.6528139710426331
vt 0.9093660116195679 0.6513699889183044
vt 0.9164959788322449 0.6545360088348389
vt 0.9075769782066345 0.6527590155601501
vt 0.9291639924049377 0.6242420077323914
vt 0.9076820015907288 0.6198559999465942
vt 0.9292410016059875 0.6331239938735962
vt 0.9041270017623901 0.6280099749565125
vt 0.8141310214996338 0.2233240008354187
vt 0.16227500140666962 0.24730299413204193
vt 0.7980560064315796 0.21787700057029724
vt 0.17671099305152893 0.23666800558567047
vt 0.8665599822998047 0.25537198781967163
vt 0.859138011932373 0.253013014793396
vt 0.11987199634313583 0.2964540123939514
vt 0.12656399607658386 0.29168400168418884
vt 0.8838289976119995 0.4224030077457428
vt 0.8933280110359192 0.421205997467041
vt 0.8969799876213074 0.4368729889392853
vt 0.08784899860620499 0.4761179983615875
vt 0.07523500174283981 0.490790992975235
vt 0.07839000225067139 0.4752100110054016
vt 0.8861700296401978 0.4401099979877472
vt 0.08597700297832489 0.4936540126800537
vt 0.8729829788208008 0.5033469796180725
vt 0.8737390041351318 0.5109789967536926
vt 0.8662859797477722 0.5098609924316406
vt 0.10030599683523178 0.5551170110702515
vt 0.10679399967193604 0.5613049864768982
vt 0.09971299767494202 0.562421977519989
vt 0.8640779852867126 0.5019239783287048
vt 0.10892599821090698 0.5536789894104004
vt 0.8575239777565002 0.43848198652267456
vt 0.11416299641132355 0.4912649989128113
vt 0.8507180213928223 0.5060989856719971
vt 0.12208700180053711 0.5578950047492981
vt 0.8454570174217224 0.4998970031738281
vt 0.12733399868011475 0.5516939759254456
vt 0.49849799275398254 0.3187290132045746
vt 0.5163210034370422 0.32183799147605896
vt 0.48067399859428406 0.32183799147605896
vt 0.5977339744567871 0.376228004693985
vt 0.399262011051178 0.3762289881706238
vt 0.6042060256004333 0.3362869918346405
vt 0.5817099809646606 0.344897985458374
vt 0.3927899897098541 0.3362869918346405
vt 0.41528600454330444 0.3448989987373352
vt 0.583145022392273 0.33046600222587585
vt 0.4138509929180145 0.33046600222587585
vt 0.6346060037612915 0.3498530089855194
vt 0.3623889982700348 0.3498530089855194
vt 0.6570109724998474 0.3536520004272461
vt 0.3399850130081177 0.3536530137062073
vt 0.7703239917755127 0.37801799178123474
vt 0.7578679919242859 0.37417298555374146
vt 0.20464099943637848 0.6022530198097229
vt 0.1928279995918274 0.5966899991035461
vt 0.8013529777526855 0.41160500049591064
vt 0.1681700050830841 0.46310898661613464
vt 0.7430559992790222 0.45605701208114624
vt 0.22819000482559204 0.5040259957313538
vt 0.7672230005264282 0.4593389928340912
vt 0.2041890025138855 0.5085039734840393
vt 0.7672100067138672 0.49505001306533813
vt 0.7956950068473816 0.4835500121116638
vt 0.2058739960193634 0.5442140102386475
vt 0.17681199312210083 0.5339499711990356
vt 0.7989599704742432 0.49504899978637695
vt 0.17397700250148773 0.5456079840660095
vt 0.9330440163612366 0.4186420142650604
vt 0.9308670163154602 0.4138079881668091
vt 0.9381030201911926 0.41179800033569336
vt 0.03963400050997734 0.47437798976898193
vt 0.034609001129865646 0.4683220088481903
vt 0.04139000177383423 0.46977698802948
vt 0.9416540265083313 0.4174189865589142
vt 0.03179800137877464 0.473347008228302
vt 0.9245280027389526 0.46111300587654114
vt 0.9175930023193359 0.46645599603652954
vt 0.9181439876556396 0.4607909917831421
vt 0.048836998641490936 0.5156390070915222
vt 0.05513399839401245 0.515064001083374
vt 0.055941998958587646 0.5205690264701843
vt 0.9261800050735474 0.45687100291252136
vt 0.0469839982688427 0.5114880204200745
vt 0.541159987449646 0.3293989896774292
vt 0.5402230024337769 0.33582499623298645
vt 0.5334429740905762 0.3343279957771301
vt 0.4558350145816803 0.3293989896774292
vt 0.46355199813842773 0.3343279957771301
vt 0.4567730128765106 0.33582499623298645
vt 0.5340009927749634 0.32886001467704773
vt 0.4629949927330017 0.32886001467704773
vt 0.676393985748291 0.3515630066394806
vt 0.6953930258750916 0.34289100766181946
vt 0.6971849799156189 0.3553450107574463
vt 0.3206009864807129 0.3515630066394806
vt 0.2998110055923462 0.3553459942340851
vt 0.3016029894351959 0.34289100766181946
vt 0.564985990524292 0.3270550072193146
vt 0.5632719993591309 0.3393329977989197
vt 0.5509080290794373 0.33796799182891846
vt 0.4320090115070343 0.3270550072193146
vt 0.4460870027542114 0.33796799182891846
vt 0.43372398614883423 0.3393329977989197
vt 0.5515859723091125 0.32826098799705505
vt 0.44541001319885254 0.32826200127601624
vt 0.558896005153656 0.3786180019378662
vt 0.574317991733551 0.372063010931015
vt 0.4380989968776703 0.3786180019378662
vt 0.42267799377441406 0.372063010931015
vt 0.8674629926681519 0.3818550109863281
vt 0.8748970031738281 0.3783780038356781
vt 0.8779929876327515 0.38698500394821167
vt 0.10381399840116501 0.43569299578666687
vt 0.09327699989080429 0.440528005361557
vt 0.0966539978981018 0.4319399893283844
vt 0.921546995639801 0.4867100119590759
vt 0.9141780138015747 0.4840019941329956
vt 0.053126998245716095 0.5401939749717712
vt 0.06003199890255928 0.5373679995536804
vt 0.8878870010375977 0.4690679907798767
vt 0.0850759968161583 0.5220699906349182
vt 0.8931450247764587 0.45649901032447815
vt 0.0795620009303093 0.5099419951438904
vt 0.8993549942970276 0.49116000533103943
vt 0.8870639801025391 0.4899669885635376
vt 0.8908630013465881 0.48403599858283997
vt 0.07450699806213379 0.5438309907913208
vt 0.082566998898983 0.5367299914360046
vt 0.08639500290155411 0.5424100160598755
vt 0.90556800365448 0.4835909903049469
vt 0.06829900294542313 0.5366780161857605
vt 0.8548830151557922 0.42350101470947266
vt 0.8600389957427979 0.4109579920768738
vt 0.11112000048160553 0.4642530083656311
vt 0.11641799658536911 0.4764620065689087
vt 0.8812749981880188 0.41029998660087585
vt 0.09011299908161163 0.4640040099620819
vt 0.8275820016860962 0.3794099986553192
vt 0.8327419757843018 0.39013901352882385
vt 0.803970992565155 0.38823598623275757
vt 0.14190800487995148 0.4334770143032074
vt 0.16446499526500702 0.4407680034637451
vt 0.13723500072956085 0.44368401169776917
vt 0.8034409880638123 0.37288200855255127
vt 0.1640789955854416 0.42604300379753113
vt 0.8668720126152039 0.48942801356315613
vt 0.8464710116386414 0.4899440109729767
vt 0.8478839993476868 0.48142099380493164
vt 0.10607600212097168 0.5415120124816895
vt 0.12466499954462051 0.5333449840545654
vt 0.1262110024690628 0.5417760014533997
vt 0.7973629832267761 0.45859000086784363
vt 0.7891150116920471 0.4453040063381195
vt 0.8270249962806702 0.4480290114879608
vt 0.1741590052843094 0.509132981300354
vt 0.14444200694561005 0.49979498982429504
vt 0.18177199363708496 0.495606005191803
vt 0.8307530283927917 0.4606499969959259
vt 0.1411380022764206 0.5123770236968994
vt 0.5393099784851074 0.10989399999380112
vt 0.5465919971466064 0.10901200026273727
vt 0.5443519949913025 0.12814100086688995
vt 0.45768600702285767 0.10989399999380112
vt 0.4526430070400238 0.12814100086688995
vt 0.45040398836135864 0.10901200026273727
vt 0.5364090204238892 0.12933599948883057
vt 0.4605869948863983 0.12933599948883057
vt 0.49849799275398254 0.14944300055503845
vt 0.49849799275398254 0.1386599987745285
vt 0.5158330202102661 0.14218799769878387
vt 0.48116201162338257 0.14218799769878387
vt 0.517274022102356 0.1583150029182434
vt 0.4797219932079315 0.1583150029182434
vt 0.3267050087451935 0.07289399951696396
vt 0.34700098633766174 0.07401899993419647
vt 0.3469589948654175 0.08018700033426285
vt 0.32670700550079346 0.04446500167250633
vt 0.34696298837661743 0.03717299923300743
vt 0.3470030128955841 0.04334099963307381
vt 0.3240149915218353 0.07777900248765945
vt 0.3240180015563965 0.03957900032401085
vt 0.42156198620796204 0.07728199660778046
vt 0.46347999572753906 0.07792799919843674
vt 0.451896995306015 0.0878639966249466
vt 0.4215649962425232 0.040084000676870346
vt 0.45190298557281494 0.029505999758839607
vt 0.463483989238739 0.039441999047994614
vt 0.41499701142311096 0.0857739970088005
vt 0.4150030016899109 0.031592000275850296
vt 0.5218110084533691 0.0784429982304573
vt 0.5163649916648865 0.08809900283813477
vt 0.5163699984550476 0.029277000576257706
vt 0.5218150019645691 0.03893300145864487
vt 0.5888710021972656 0.07473699748516083
vt 0.588886022567749 0.08399999886751175
vt 0.5888910293579102 0.03338199853897095
vt 0.5888739824295044 0.04264400154352188
vt 0.6252520084381104 0.07153300195932388
vt 0.6302679777145386 0.08073300123214722
vt 0.6302719712257385 0.03665199875831604
vt 0.6252539753913879 0.045850999653339386
vt 0.6485580205917358 0.06813599914312363
vt 0.6574509739875793 0.07375200092792511
vt 0.6574530005455017 0.04363600164651871
vt 0.6485589742660522 0.049251001328229904
vt 0.6605160236358643 0.06714200228452682
vt 0.6695460081100464 0.06979800015687943
vt 0.669547975063324 0.047589998692274094
vt 0.6605169773101807 0.05024600028991699
vt 0.6856319904327393 0.0647059977054596
vt 0.6797019839286804 0.06763800233602524
vt 0.6688950061798096 0.06479000300168991
vt 0.6856330037117004 0.0526840016245842
vt 0.6688960194587708 0.052597999572753906
vt 0.6797029972076416 0.04975099861621857
vt 0.6752449870109558 0.0629820004105568
vt 0.675246000289917 0.05440700054168701
vt 0.8634570240974426 0.4943940043449402
vt 0.10948000103235245 0.5463330149650574
vt 0.8436620235443115 0.4944559931755066
vt 0.12906800210475922 0.5462300181388855
vt 0.8512340188026428 0.4732620120048523
vt 0.12118799984455109 0.5253480076789856
vt 0.8498929738998413 0.3786669969558716
vt 0.12076199799776077 0.432792991399765
vt 0.8336439728736877 0.4006989896297455
vt 0.13660000264644623 0.4538300037384033
vt 0.8309059739112854 0.4119719862937927
vt 0.13954399526119232 0.4646419882774353
vt 0.8257830142974854 0.4714309871196747
vt 0.14637699723243713 0.5229150056838989
vt 0.8236410021781921 0.48149698972702026
vt 0.1488029956817627 0.5328840017318726
vt 0.831013023853302 0.36845800280570984
vt 0.8497819900512695 0.3689199984073639
vt 0.14334799349308014 0.5588780045509338
vt 0.1219640001654625 0.5681899785995483
vt 0.14413200318813324 0.57122802734375
vt 0.822996973991394 0.4916459918022156
vt 0.14972999691963196 0.543034017086029
vt 0.6603429913520813 0.5050809979438782
vt 0.6584929823875427 0.49589499831199646
vt 0.6773449778556824 0.5157110095024109
vt 0.3366529941558838 0.5050809979438782
vt 0.3196510076522827 0.5157110095024109
vt 0.3385019898414612 0.49589499831199646
vt 0.6732149720191956 0.5220010280609131
vt 0.32378101348876953 0.5220019817352295
vt 0.5783550143241882 0.9229270219802856
vt 0.5827329754829407 0.9541140198707581
vt 0.4285849928855896 0.9239500164985657
vt 0.4246389865875244 0.9551910161972046
vt 0.9571689963340759 0.8659629821777344
vt 0.9579240083694458 0.9129670262336731
vt 0.9375849962234497 0.9137830138206482
vt 0.07001899927854538 0.8041080236434937
vt 0.08684399724006653 0.864421010017395
vt 0.06247499957680702 0.8606259822845459
vt 0.9329689741134644 0.8838750123977661
vt 0.09661400318145752 0.8291029930114746
vt 0.9330639839172363 0.9418410062789917
vt 0.08846800029277802 0.8986920118331909
vt 0.9515269994735718 0.9451180100440979
vt 0.06582500040531158 0.9002119898796082
vt 0.9370610117912292 0.9660419821739197
vt 0.9495940208435059 0.9673920273780823
vt 0.9495570063591003 0.9905930161476135
vt 0.9353209733963013 0.9882829785346985
vt 0.7632610201835632 0.9103710055351257
vt 0.747418999671936 0.9137099981307983
vt 0.7480430006980896 0.886542022228241
vt 0.25601300597190857 0.9198459982872009
vt 0.22761300206184387 0.9078289866447449
vt 0.25729599595069885 0.901773989200592
vt 0.7678449749946594 0.8852810263633728
vt 0.2297700047492981 0.9285420179367065
vt 0.8010119795799255 0.8785020112991333
vt 0.7850689888000488 0.8927339911460876
vt 0.785302996635437 0.8730340003967285
vt 0.22733399271965027 0.9646649956703186
vt 0.21935699880123138 0.9487659931182861
vt 0.2402690052986145 0.9457820057868958
vt 0.7960159778594971 0.846996009349823
vt 0.19342400133609772 0.9637240171432495
vt 0.941199004650116 0.845317006111145
vt 0.9432520270347595 0.8289899826049805
vt 0.09207499772310257 0.7615659832954407
vt 0.09221100062131882 0.7815240025520325
vt 0.9523789882659912 0.824774980545044
vt 0.08168599754571915 0.7551820278167725
vt 0.9110749959945679 0.920274019241333
vt 0.11769499629735947 0.8758710026741028
vt 0.9035300016403198 0.9029110074043274
vt 0.12922699749469757 0.8561649918556213
vt 0.9154769778251648 0.943947970867157
vt 0.10922399908304214 0.9035660028457642
vt 0.9211249947547913 0.9656559824943542
vt 0.0996130034327507 0.9287390112876892
vt 0.07946199923753738 0.9537360072135925
vt 0.08060099929571152 0.9270489811897278
vt 0.9150670170783997 0.981469988822937
vt 0.10467199981212616 0.9484639763832092
vt 0.755096971988678 0.9365950226783752
vt 0.28347501158714294 0.906889021396637
vt 0.7676349878311157 0.9372850060462952
vt 0.28608399629592896 0.9205120205879211
vt 0.8058080077171326 0.914605975151062
vt 0.7857490181922913 0.9233099818229675
vt 0.26665401458740234 0.9651389718055725
vt 0.2734200060367584 0.9422829747200012
vt 0.8965809941291809 0.9309309720993042
vt 0.8961600065231323 0.9148499965667725
vt 0.13626399636268616 0.8715500235557556
vt 0.1334639936685562 0.8905760049819946
vt 0.9038220047950745 0.950435996055603
vt 0.12228800356388092 0.9128620028495789
vt 0.9059829711914062 0.9723169803619385
vt 0.9091590046882629 0.9635850191116333
vt 0.11417999863624573 0.9278680086135864
vt 0.11680299788713455 0.9387419819831848
vt 0.7687180042266846 0.9521949887275696
vt 0.7710769772529602 0.9629470109939575
vt 0.7604420185089111 0.96219801902771
vt 0.30257099866867065 0.9194750189781189
vt 0.31222298741340637 0.9088770151138306
vt 0.31472301483154297 0.9203519821166992
vt 0.7552809715270996 0.9516209959983826
vt 0.29990899562835693 0.9048680067062378
vt 0.7725459933280945 0.8369529843330383
vt 0.7583630084991455 0.8605740070343018
vt 0.7495290040969849 0.8571339845657349
vt 0.32429900765419006 0.8591259717941284
vt 0.37044399976730347 0.8744300007820129
vt 0.36043599247932434 0.8853330016136169
vt 0.63503098487854 0.8726549744606018
vt 0.6737620234489441 0.853754997253418
vt 0.6807929873466492 0.8579400181770325
vt 0.3313640058040619 0.8549799919128418
vt 0.7125530242919922 0.8389570116996765
vt 0.7038729786872864 0.8289120197296143
vt 0.7291679978370667 0.8073469996452332
vt 0.2925879955291748 0.8400980234146118
vt 0.275967001914978 0.8085049986839294
vt 0.301272988319397 0.8300600051879883
vt 0.7291100025177002 0.8271139860153198
vt 0.27603501081466675 0.828266978263855
vt 0.9423189759254456 0.8273199796676636
vt 0.9372739791870117 0.8262990117073059
vt 0.9408789873123169 0.821628987789154
vt 0.09343799948692322 0.7596880197525024
vt 0.0959869995713234 0.7530400156974792
vt 0.09966100007295609 0.759181022644043
vt 0.9425410032272339 0.8198630213737488
vt 0.09423799812793732 0.7506750226020813
vt 0.9294260144233704 0.8445900082588196
vt 0.10649199783802032 0.78233402967453
vt 0.9220250248908997 0.8439890146255493
vt 0.11549100279808044 0.7826709747314453
vt 0.9006779789924622 0.8748210072517395
vt 0.13673600554466248 0.8228510022163391
vt 0.8182529807090759 0.9334549903869629
vt 0.8096929788589478 0.9296839833259583
vt 0.8162050247192383 0.8951910138130188
vt 0.28867900371551514 0.976302981376648
vt 0.2470490038394928 0.9787390232086182
vt 0.28353801369667053 0.9674779772758484
vt 0.7835339903831482 0.979108989238739
vt 0.795395016670227 0.9647030234336853
vt 0.8012120127677917 0.9728590250015259
vt 0.154122993350029 0.9093220233917236
vt 0.1597529947757721 0.8918300271034241
vt 0.8778200149536133 0.9448879957199097
vt 0.7673739790916443 0.9835879802703857
vt 0.7683299779891968 0.971114993095398
vt 0.3364560008049011 0.912900984287262
vt 0.3343620002269745 0.9309750199317932
vt 0.323172003030777 0.9159989953041077
vt 0.7535449862480164 0.9703180193901062
vt 0.7374489903450012 0.9623389840126038
vt 0.7466009855270386 0.9538249969482422
vt 0.3199479877948761 0.9001269936561584
vt 0.3010070025920868 0.8950909972190857
vt 0.30890199542045593 0.8838980197906494
vt 0.7565670013427734 0.9641439914703369
vt 0.3137330114841461 0.9043539762496948
vt 0.7333539724349976 0.8949000239372253
vt 0.7309370040893555 0.9234189987182617
vt 0.7105129957199097 0.9239450097084045
vt 0.23462499678134918 0.8888059854507446
vt 0.2634119987487793 0.8599330186843872
vt 0.26562100648880005 0.8823310136795044
vt 0.7142509818077087 0.9051759839057922
vt 0.24334700405597687 0.8665170073509216
vt 0.9307900071144104 0.8255599737167358
vt 0.10757499933242798 0.7592189908027649
vt 0.9394540190696716 0.8197159767150879
vt 0.09797699749469757 0.7509400248527527
vt 0.8180270195007324 0.8505600094795227
vt 0.8080419898033142 0.857388973236084
vt 0.8029549717903137 0.8332319855690002
vt 0.20013800263404846 0.9863190054893494
vt 0.18002499639987946 0.9728890061378479
vt 0.2059759944677353 0.9749450087547302
vt 0.8089479804039001 0.9271939992904663
vt 0.2807379961013794 0.9669740200042725
vt 0.8104519844055176 0.8992699980735779
vt 0.2507050037384033 0.9720699787139893
vt 0.7832109928131104 0.9633430242538452
vt 0.7957580089569092 0.954783022403717
vt 0.31718799471855164 0.9336699843406677
vt 0.32088300585746765 0.9474359750747681
vt 0.3094489872455597 0.949114978313446
vt 0.8864390254020691 0.17973099648952484
vt 0.893405020236969 0.17621099948883057
vt 0.8926889896392822 0.18585699796676636
vt 0.07509800046682358 0.226610004901886
vt 0.07070299983024597 0.23488600552082062
vt 0.06687700003385544 0.22526299953460693
vt 0.8885179758071899 0.19310399889945984
vt 0.07731900364160538 0.24091100692749023
vt 0.8940119743347168 0.16721400618553162
vt 0.8981469869613647 0.16524499654769897
vt 0.8982549905776978 0.16941100358963013
vt 0.06341099739074707 0.21630999445915222
vt 0.05978599935770035 0.21986399590969086
vt 0.058619000017642975 0.215597003698349
vt 0.8937370181083679 0.17200100421905518
vt 0.06519900262355804 0.22108100354671478
vt 0.8770149946212769 0.14845000207424164
vt 0.8813120126724243 0.15263299643993378
vt 0.8749359846115112 0.16409599781036377
vt 0.07443500310182571 0.1918559968471527
vt 0.08171799778938293 0.20700499415397644
vt 0.07148200273513794 0.1975100040435791
vt 0.8695129752159119 0.15715700387954712
vt 0.08494699746370316 0.19818900525569916
vt 0.8639169931411743 0.15223200619220734
vt 0.856378972530365 0.14401699602603912
vt 0.866828978061676 0.14022600650787354
vt 0.08902700245380402 0.1913439929485321
vt 0.08206800371408463 0.18002399802207947
vt 0.09407199919223785 0.1804639995098114
vt 0.8724210262298584 0.14252200722694397
vt 0.07712099701166153 0.18428200483322144
vt 0.8516950011253357 0.12650899589061737
vt 0.85692298412323 0.13186000287532806
vt 0.8440099954605103 0.13420599699020386
vt 0.09362900257110596 0.16092200577259064
vt 0.1037599965929985 0.16655300557613373
vt 0.08964899927377701 0.1679770052433014
vt 0.8459950089454651 0.12641799449920654
vt 0.09946800023317337 0.15921400487422943
vt 0.8546079993247986 0.17602799832820892
vt 0.8570619821548462 0.16448499262332916
vt 0.10620299726724625 0.2125380039215088
vt 0.09999100118875504 0.20159800350666046
vt 0.8616880178451538 0.16785800457000732
vt 0.09638000279664993 0.20652499794960022
vt 0.49849799275398254 0.2762480080127716
vt 0.5085110068321228 0.23663100600242615
vt 0.4884850084781647 0.23663100600242615
vt 0.49849799275398254 0.23824800550937653
vt 0.5362730026245117 0.24865899980068207
vt 0.5272110104560852 0.23533299565315247
vt 0.4607219994068146 0.24865899980068207
vt 0.46978500485420227 0.23533299565315247
vt 0.5356529951095581 0.2353450059890747
vt 0.461342990398407 0.2353460043668747
vt 0.5486469864845276 0.2740429937839508
vt 0.4483479857444763 0.2740429937839508
vt 0.51767498254776 0.23635399341583252
vt 0.4793210029602051 0.23635399341583252
vt 0.5968369841575623 0.2632429897785187
vt 0.40015798807144165 0.2632429897785187
vt 0.571524977684021 0.2236039936542511
vt 0.4254710078239441 0.2236039936542511
vt 0.5853449702262878 0.21581900119781494
vt 0.41165000200271606 0.21581900119781494
vt 0.5639330148696899 0.2693270146846771
vt 0.43306198716163635 0.2693270146846771
vt 0.5787850022315979 0.2668130099773407
vt 0.4182110130786896 0.2668130099773407
vt 0.5457730293273926 0.24706700444221497
vt 0.5448009967803955 0.23264800012111664
vt 0.4521940052509308 0.23264800012111664
vt 0.4512220025062561 0.24706700444221497
vt 0.5589249730110168 0.227975994348526
vt 0.43806999921798706 0.227975994348526
vt 0.6009179949760437 0.20554399490356445
vt 0.3960770070552826 0.20554399490356445
vt 0.6175270080566406 0.1953909993171692
vt 0.37946799397468567 0.1953909993171692
vt 0.6712520122528076 0.6536939740180969
vt 0.333528995513916 0.6549479961395264
vt 0.6475430130958557 0.6255930066108704
vt 0.357109010219574 0.6269469857215881
vt 0.6850259900093079 0.6889070272445679
vt 0.6979089975357056 0.6652039885520935
vt 0.7132530212402344 0.6968849897384644
vt 0.3198930025100708 0.6900680065155029
vt 0.2917250096797943 0.6980819702148438
vt 0.3069950044155121 0.6664320230484009
vt 0.6945080161094666 0.7227749824523926
vt 0.31049400568008423 0.7239099740982056
vt 0.6732360124588013 0.7097330093383789
vt 0.6580349802970886 0.739799976348877
vt 0.3316900134086609 0.710860013961792
vt 0.3469719886779785 0.7408530116081238
vt 0.6928859949111938 0.8172609806060791
vt 0.6796759963035583 0.7973700165748596
vt 0.6955919861793518 0.7687060236930847
vt 0.3122679889202118 0.8184090256690979
vt 0.3095029890537262 0.7698280215263367
vt 0.32547900080680847 0.7985190153121948
vt 0.7161650061607361 0.790461003780365
vt 0.2889550030231476 0.7916110157966614
vt 0.9422060251235962 0.466264009475708
vt 0.9399780035018921 0.47126901149749756
vt 0.03158799931406975 0.5225690007209778
vt 0.03472999855875969 0.5270180106163025
vt 0.9351649880409241 0.4636389911174774
vt 0.038350000977516174 0.5188699960708618
vt 0.9504179954528809 0.4240190088748932
vt 0.9432579874992371 0.4250980019569397
vt 0.9420179724693298 0.42128700017929077
vt 0.02369000017642975 0.4789299964904785
vt 0.031550001353025436 0.4768010079860687
vt 0.03028699941933155 0.4802649915218353
vt 0.9511520266532898 0.4208509922027588
vt 0.023221999406814575 0.4759860038757324
vt 0.9432809948921204 0.43514201045036316
vt 0.9519400000572205 0.4353620111942291
vt 0.9526969790458679 0.43771299719810486
vt 0.029962999746203423 0.4897960126399994
vt 0.020785000175237656 0.4919919967651367
vt 0.021612999960780144 0.4897240102291107
vt 0.9452260136604309 0.43647700548171997
vt 0.028043000027537346 0.4910289943218231
vt 0.9383040070533752 0.43623998761177063
vt 0.9366739988327026 0.43396899104118347
vt 0.03473899886012077 0.4909670054912567
vt 0.03633899986743927 0.48878899216651917
vt 0.9340680241584778 0.44901999831199646
vt 0.9414290189743042 0.4494520127773285
vt 0.9422609806060791 0.452921986579895
vt 0.0388140007853508 0.5036429762840271
vt 0.03036300092935562 0.5073639750480652
vt 0.03134100139141083 0.5039029717445374
vt 0.9337990283966064 0.453029990196228
vt 0.039069999009370804 0.5077080130577087
vt 0.9207299947738647 0.449878990650177
vt 0.9182299971580505 0.44974398612976074
vt 0.9192410111427307 0.4445039927959442
vt 0.052202001214027405 0.5043519735336304
vt 0.05352399870753288 0.498989999294281
vt 0.054673999547958374 0.504144012928009
vt 0.9200090169906616 0.44389399886131287
vt 0.052747998386621475 0.4984090030193329
vt 0.9510250091552734 0.4409579932689667
vt 0.9454119801521301 0.4400840103626251
vt 0.9450479745864868 0.4380660057067871
vt 0.022342000156641006 0.49511799216270447
vt 0.028168000280857086 0.49257200956344604
vt 0.027747999876737595 0.4945319890975952
vt 0.9522039890289307 0.43897199630737305
vt 0.021219000220298767 0.49322500824928284
vt 0.9478600025177002 0.4499320089817047
vt 0.024886000901460648 0.5041210055351257
vt 0.948872983455658 0.4529010057449341
vt 0.023731999099254608 0.5070930123329163
vt 0.9354860186576843 0.420973002910614
vt 0.9330700039863586 0.42041099071502686
vt 0.9404590129852295 0.41965600848197937
vt 0.037445999681949615 0.47658100724220276
vt 0.032875001430511475 0.4753609895706177
vt 0.03965900093317032 0.47602298855781555
vt 0.9431049823760986 0.41989898681640625
vt 0.030611999332904816 0.4755130112171173
vt 0.9494500160217285 0.418285995721817
vt 0.02554900012910366 0.4739629924297333
vt 0.9519129991531372 0.4195449948310852
vt 0.02259800024330616 0.4747520089149475
vt 0.946349024772644 0.4549559950828552
vt 0.9405789971351624 0.45401498675346375
vt 0.9397439956665039 0.45365598797798157
vt 0.025016000494360924 0.5092530250549316
vt 0.032868001610040665 0.508184015750885
vt 0.03196899965405464 0.5085219740867615
vt 0.9487149715423584 0.4543049931526184
vt 0.023838000372052193 0.5085139870643616
vt 0.6377559900283813 0.7563400268554688
vt 0.6262369751930237 0.7602490186691284
vt 0.6238009929656982 0.7435719966888428
vt 0.36731699109077454 0.7573310136795044
vt 0.3812069892883301 0.7444919943809509
vt 0.3788599967956543 0.7611839771270752
vt 0.6350229978561401 0.7322620153427124
vt 0.36993399262428284 0.7332450151443481
vt 0.6251389980316162 0.774416983127594
vt 0.6373699903488159 0.780119001865387
vt 0.6128420233726501 0.7929360270500183
vt 0.3800329864025116 0.7753589749336243
vt 0.39244699478149414 0.7938349843025208
vt 0.367810994386673 0.7811310291290283
vt 0.6112899780273438 0.7865930199623108
vt 0.3939720094203949 0.7874730229377747
vt 0.6124910116195679 0.6973909735679626
vt 0.6255509853363037 0.7074990272521973
vt 0.618511974811554 0.7276930212974548
vt 0.3922390043735504 0.6983069777488708
vt 0.3864060044288635 0.7285929918289185
vt 0.37926599383354187 0.7084670066833496
vt 0.6064509749412537 0.7213259935379028
vt 0.3984139859676361 0.7221620082855225
vt 0.5528820157051086 0.7652050256729126
vt 0.5618230104446411 0.7649109959602356
vt 0.5678709745407104 0.7759720087051392
vt 0.45228299498558044 0.765637993812561
vt 0.43737199902534485 0.7765300273895264
vt 0.44333600997924805 0.7654150128364563
vt 0.5581889748573303 0.7851330041885376
vt 0.4471360146999359 0.7856190204620361
vt 0.5121830105781555 0.6218289732933044
vt 0.5188210010528564 0.6220059990882874
vt 0.5206170082092285 0.6267859935760498
vt 0.49148300290107727 0.621973991394043
vt 0.48313000798225403 0.6270409822463989
vt 0.48485299944877625 0.6222440004348755
vt 0.5146459937095642 0.6275720000267029
vt 0.4891049861907959 0.6277440190315247
vt 0.5384560227394104 0.6187959909439087
vt 0.5424079895019531 0.6134499907493591
vt 0.5456529855728149 0.6233199834823608
vt 0.46521300077438354 0.6193180084228516
vt 0.45810699462890625 0.6239280104637146
vt 0.46118998527526855 0.6140459775924683
vt 0.5386450290679932 0.6205639839172363
vt 0.46505001187324524 0.6210820078849792
vt 0.9362369775772095 0.4319770038127899
vt 0.927594006061554 0.43278899788856506
vt 0.926476001739502 0.42777499556541443
vt 0.03677700087428093 0.4868839979171753
vt 0.046066999435424805 0.48282599449157715
vt 0.045086998492479324 0.4876280128955841
vt 0.935276985168457 0.4274809956550598
vt 0.03768699988722801 0.4826210141181946
vt 0.9178060293197632 0.4185509979724884
vt 0.9166709780693054 0.4139609932899475
vt 0.9224780201911926 0.41395801305770874
vt 0.054069001227617264 0.4736729860305786
vt 0.04928499832749367 0.46946901082992554
vt 0.05489199981093407 0.46911200881004333
vt 0.9249500036239624 0.4198789894580841
vt 0.0472479984164238 0.47523701190948486
vt 0.9099689722061157 0.489888995885849
vt 0.917227029800415 0.49124300479888916
vt 0.06425300240516663 0.542868971824646
vt 0.057363998144865036 0.5443699955940247
vt 0.9319300055503845 0.4559229910373688
vt 0.9308630228042603 0.4598970115184784
vt 0.04241099953651428 0.5147429704666138
vt 0.041085999459028244 0.5107259750366211
vt 0.9353089928627014 0.4221540093421936
vt 0.936273992061615 0.42558398842811584
vt 0.9279729723930359 0.4248510003089905
vt 0.037620000541210175 0.47766101360321045
vt 0.04456299915909767 0.48006001114845276
vt 0.03674999997019768 0.4808399975299835
vt 0.928754985332489 0.4223949909210205
vt 0.04375600069761276 0.4777440130710602
vt 0.9375309944152832 0.43703699111938477
vt 0.9378780126571655 0.4392299950122833
vt 0.9302769899368286 0.43899399042129517
vt 0.03548000007867813 0.49174800515174866
vt 0.0425570011138916 0.4936720132827759
vt 0.03511599823832512 0.4938789904117584
vt 0.9305959939956665 0.43702900409698486
vt 0.04223699867725372 0.4917449951171875
vt 0.9334980249404907 0.45363399386405945
vt 0.9271849989891052 0.4547330141067505
vt 0.9281089901924133 0.4543299973011017
vt 0.03939099982380867 0.5083590149879456
vt 0.04493299871683121 0.5089870095252991
vt 0.04589100182056427 0.5093830227851868
vt 0.9333950281143188 0.4531489908695221
vt 0.039500001817941666 0.507839024066925
vt 0.9254260063171387 0.8550779819488525
vt 0.10980500280857086 0.7955319881439209
vt 0.9274359941482544 0.8575770258903503
vt 0.10702800005674362 0.7982519865036011
vt 0.91144198179245 0.8585050106048584
vt 0.12613800168037415 0.8016700148582458
vt 0.727512001991272 0.9476270079612732
vt 0.2915189862251282 0.8752470016479492
vt 0.7456300258636475 0.9372090101242065
vt 0.28276899456977844 0.8964530229568481
vt 0.8215039968490601 0.8702369928359985
vt 0.22124099731445312 0.9874420166015625
vt 0.8119609951972961 0.8802629709243774
vt 0.23063600063323975 0.9760839939117432
vt 0.606719970703125 0.7724679708480835
vt 0.6002600193023682 0.7723289728164673
vt 0.6129170060157776 0.770097017288208
vt 0.39846399426460266 0.773298978805542
vt 0.39224499464035034 0.7709659934043884
vt 0.4049299955368042 0.7731170058250427
vt 0.6137760281562805 0.7709940075874329
vt 0.39139100909233093 0.7718690037727356
vt 0.6124029755592346 0.7567129731178284
vt 0.611952006816864 0.7541570067405701
vt 0.6147549748420715 0.7591739892959595
vt 0.39267998933792114 0.7575680017471313
vt 0.39034101366996765 0.7600449919700623
vt 0.39311501383781433 0.7550079822540283
vt 0.6133880019187927 0.7601879835128784
vt 0.3917140066623688 0.7610499858856201
vt 0.5884870290756226 0.7385680079460144
vt 0.586965024471283 0.7357810139656067
vt 0.5949000120162964 0.7392730116844177
vt 0.4164769947528839 0.7392719984054565
vt 0.41007199883461 0.7400190234184265
vt 0.4179779887199402 0.7364739775657654
vt 0.595641016960144 0.7404450178146362
vt 0.4093399941921234 0.7411959767341614
vt 0.5594249963760376 0.710519015789032
vt 0.5685009956359863 0.7183169722557068
vt 0.567799985408783 0.7327569723129272
vt 0.44530001282691956 0.7110289931297302
vt 0.43710899353027344 0.7333109974861145
vt 0.4362950026988983 0.7188900113105774
vt 0.556430995464325 0.725820004940033
vt 0.44841501116752625 0.7262889742851257
vt 0.5704209804534912 0.7600340247154236
vt 0.4346979856491089 0.7606040239334106
vt 0.5767269730567932 0.7715849876403809
vt 0.4284749925136566 0.7722079753875732
vt 0.5924469828605652 0.7718319892883301
vt 0.5942339897155762 0.7753729820251465
vt 0.5867649912834167 0.774383008480072
vt 0.41274601221084595 0.7725669741630554
vt 0.4184510111808777 0.7750809788703918
vt 0.4109809994697571 0.7761240005493164
vt 0.5881850123405457 0.7710700035095215
vt 0.4170050024986267 0.771776020526886
vt 0.6013669967651367 0.7885730266571045
vt 0.6061840057373047 0.7805860042572021
vt 0.3990499973297119 0.7814239859580994
vt 0.4039280116558075 0.7893930077552795
vt 0.6139910221099854 0.7781220078468323
vt 0.39121899008750916 0.7790049910545349
vt 0.6180109977722168 0.7584270238876343
vt 0.38707900047302246 0.759315013885498
vt 0.6136400103569031 0.7478650212287903
vt 0.39138999581336975 0.7487249970436096
vt 0.588811993598938 0.7879469990730286
vt 0.5781450271606445 0.7854549884796143
vt 0.5846199989318848 0.7761859893798828
vt 0.4165000021457672 0.788677990436554
vt 0.4206089973449707 0.7768710255622864
vt 0.4271630048751831 0.7861009836196899
vt 0.5939310193061829 0.7786329984664917
vt 0.4113079905509949 0.7793859839439392
vt 0.4284999966621399 0.06871200352907181
vt 0.4738430082798004 0.06761199980974197
vt 0.42850199341773987 0.048656001687049866
vt 0.4738439917564392 0.04975900053977966
vt 0.5326150059700012 0.06754299998283386
vt 0.5326160192489624 0.0498340018093586
vt 0.5913659930229187 0.06551200151443481
vt 0.5913670063018799 0.05186900123953819
vt 0.6231759786605835 0.064130999147892
vt 0.6231769919395447 0.05325400084257126
vt 0.6427710056304932 0.06314200162887573
vt 0.6427710056304932 0.05424400046467781
vt 0.6565889716148376 0.06393499672412872
vt 0.6565899848937988 0.05345200002193451
vt 0.6642739772796631 0.06232700124382973
vt 0.6642739772796631 0.05506100133061409
vt 0.6722440123558044 0.06129999831318855
vt 0.6722440123558044 0.056088998913764954
vt 0.5485560297966003 0.259768009185791
vt 0.44843900203704834 0.259768009185791
vt 0.5518190264701843 0.18088799715042114
vt 0.5421280264854431 0.18637099862098694
vt 0.45486700534820557 0.18637099862098694
vt 0.44517600536346436 0.18088799715042114
vt 0.5792739987373352 0.3611069917678833
vt 0.4177210032939911 0.3611069917678833
vt 0.5120769739151001 0.17109599709510803
vt 0.49849799275398254 0.17532099783420563
vt 0.4849179983139038 0.17109599709510803
vt 0.6790220141410828 0.6333000063896179
vt 0.32580798864364624 0.6345890164375305
vt 0.6829169988632202 0.6079279780387878
vt 0.3219279944896698 0.609279990196228
vt 0.9172930121421814 0.6549410223960876
vt 0.9066830277442932 0.6528260111808777
vt 0.9225419759750366 0.6395710110664368
vt 0.9077860116958618 0.6365780234336853
vt 0.5447400212287903 0.37578099966049194
vt 0.4522550106048584 0.37578099966049194
vt 0.5272729992866516 0.6344450116157532
vt 0.5179340243339539 0.6339690089225769
vt 0.4859119951725006 0.6341789960861206
vt 0.4765929877758026 0.6347770094871521
vt 0.639041006565094 0.7223889827728271
vt 0.6345419883728027 0.6924930214881897
vt 0.37022000551223755 0.6935399770736694
vt 0.365884006023407 0.723380982875824
vt 0.6605579853057861 0.6083850264549255
vt 0.34417399764060974 0.6098089814186096
vt 0.9318259954452515 0.6341999769210815
vt 0.9013199806213379 0.6279889941215515
vt 0.9314129948616028 0.6255199909210205
vt 0.9051079750061035 0.6201500296592712
vt 0.9399669766426086 0.6360660195350647
vt 0.9357089996337891 0.621275007724762
vt 0.9028180241584778 0.614549994468689
vt 0.8930699825286865 0.6265149712562561
vt 0.9336850047111511 0.6223790049552917
vt 0.9344789981842041 0.6216769814491272
vt 0.9380819797515869 0.6343209743499756
vt 0.9042479991912842 0.616362988948822
vt 0.8954970240592957 0.6256459951400757
vt 0.9037929773330688 0.6154050230979919
vt 0.9359380006790161 0.6337860226631165
vt 0.8976870179176331 0.6259949803352356
vt 0.9334080219268799 0.6151059865951538
vt 0.934345006942749 0.6107789874076843
vt 0.907364010810852 0.6097739934921265
vt 0.908204972743988 0.6054210066795349
vt 0.9482229948043823 0.6470249891281128
vt 0.9461950063705444 0.6529459953308105
vt 0.8811209797859192 0.6333879828453064
vt 0.8806599974632263 0.6396639943122864
vt 0.954138994216919 0.6422939896583557
vt 0.8775190114974976 0.6266779899597168
vt 0.5072559714317322 0.5151780247688293
vt 0.4897400140762329 0.5151780247688293
vt 0.5111209750175476 0.5538449883460999
vt 0.5051900148391724 0.5487499833106995
vt 0.4858750104904175 0.5538449883460999
vt 0.4918060004711151 0.5487499833106995
vt 0.9436010122299194 0.6549839973449707
vt 0.8822569847106934 0.6425729990005493
vt 0.9309020042419434 0.6149569749832153
vt 0.9097300171852112 0.6106230020523071
vt 0.9354329705238342 0.6441370248794556
vt 0.9349709749221802 0.6443690061569214
vt 0.9330549836158752 0.6331290006637573
vt 0.8940849900245667 0.6357489824295044
vt 0.9006069898605347 0.6265190243721008
vt 0.8944209814071655 0.6361460089683533
vt 0.9338200092315674 0.6301249861717224
vt 0.9010819792747498 0.6234480142593384
vt 0.931073009967804 0.6130300164222717
vt 0.9283310174942017 0.6080930233001709
vt 0.9147980213165283 0.605318009853363
vt 0.9103320240974426 0.6087809801101685
vt 0.5057799816131592 0.558089017868042
vt 0.4912160038948059 0.558089017868042
vt 0.9358689785003662 0.7082039713859558
vt 0.9275109767913818 0.7130669951438904
vt 0.9244920015335083 0.7087579965591431
vt 0.8677819967269897 0.6972619891166687
vt 0.878607988357544 0.6994659900665283
vt 0.8738600015640259 0.7065709829330444
vt 0.9342439770698547 0.7043589949607849
vt 0.8711950182914734 0.69405597448349
vt 0.49849799275398254 0.17880800366401672
vt 0.5361530184745789 0.3799229860305786
vt 0.4608420133590698 0.3799229860305786
vt 0.5471810102462769 0.22444100677967072
vt 0.5354049801826477 0.22762799263000488
vt 0.4615899920463562 0.22762799263000488
vt 0.44981399178504944 0.22444100677967072
vt 0.5331090092658997 0.21763800084590912
vt 0.4638870060443878 0.21763800084590912
vt 0.9457499980926514 0.6668969988822937
vt 0.8755589723587036 0.6527659893035889
vt 0.5392940044403076 0.34317898750305176
vt 0.45770201086997986 0.34317898750305176
vt 0.5282300114631653 0.3163270056247711
vt 0.4687660038471222 0.3163270056247711
vt 0.5274810194969177 0.18262700736522675
vt 0.5350520014762878 0.19150400161743164
vt 0.5266969799995422 0.19231800734996796
vt 0.46951499581336975 0.18262700736522675
vt 0.47029900550842285 0.19231800734996796
vt 0.46194300055503845 0.19150400161743164
vt 0.5230209827423096 0.18609599769115448
vt 0.47397398948669434 0.18609599769115448
vt 0.8367919921875 0.2858310043811798
vt 0.8461419939994812 0.2671630084514618
vt 0.8555880188941956 0.27347901463508606
vt 0.15959300100803375 0.3174540102481842
vt 0.13673600554466248 0.31109699606895447
vt 0.1441890001296997 0.30170801281929016
vt 0.8480910062789917 0.29161500930786133
vt 0.15010400116443634 0.32690000534057617
vt 0.7855790257453918 0.23111000657081604
vt 0.7989450097084045 0.231672003865242
vt 0.1935030072927475 0.24598699808120728
vt 0.18023699522018433 0.25083398818969727
vt 0.8463839888572693 0.24134600162506104
vt 0.8508309721946716 0.23825199902057648
vt 0.8586990237236023 0.2455900013446808
vt 0.1356150060892105 0.27583199739456177
vt 0.1246040016412735 0.2840830087661743
vt 0.1301410049200058 0.2741580009460449
vt 0.853413999080658 0.24982799589633942
vt 0.13128800690174103 0.2866330146789551
vt 0.8325780034065247 0.23431499302387238
vt 0.14723999798297882 0.2643029987812042
vt 0.5479519963264465 0.16630999743938446
vt 0.44904398918151855 0.16630999743938446
vt 0.5636100172996521 0.1917569935321808
vt 0.4333850145339966 0.1917569935321808
vt 0.5249919891357422 0.1350100040435791
vt 0.4720030128955841 0.1350100040435791
vt 0.8031629920005798 0.9388750195503235
vt 0.7884340286254883 0.9484599828720093
vt 0.2927759885787964 0.9592189788818359
vt 0.3013960123062134 0.941785991191864
vt 0.5542659759521484 0.5680860280990601
vt 0.5704410076141357 0.5673159956932068
vt 0.5663170218467712 0.5793349742889404
vt 0.4484669864177704 0.5690780282020569
vt 0.4368009865283966 0.5805860161781311
vt 0.43223801255226135 0.5687940120697021
vt 0.5525320172309875 0.581013023853302
vt 0.4505299925804138 0.5819540023803711
vt 0.6451349854469299 0.7498000264167786
vt 0.3599109947681427 0.7508040070533752
vt 0.9045730233192444 0.4542289972305298
vt 0.0682620033621788 0.5081089735031128
vt 0.906836986541748 0.43738800287246704
vt 0.06552200019359589 0.49161699414253235
vt 0.8951650261878967 0.47831401228904724
vt 0.07823099941015244 0.531279981136322
vt 0.9071919918060303 0.47644299268722534
vt 0.06648100167512894 0.5298320055007935
vt 0.829721987247467 0.5071820020675659
vt 0.8915089964866638 0.5119450092315674
vt 0.8823789954185486 0.5104079842567444
vt 0.8820160031318665 0.5030689835548401
vt 0.09156499803066254 0.5550469756126404
vt 0.8932650089263916 0.5045560002326965
vt 0.08065400272607803 0.5566980242729187
vt 0.8944349884986877 0.38441601395606995
vt 0.8853359818458557 0.38401100039482117
vt 0.08149199932813644 0.43075400590896606
vt 0.08586899936199188 0.4373970031738281
vt 0.07643400132656097 0.43770599365234375
vt 0.09036300331354141 0.4303930103778839
vt 0.9049789905548096 0.42155900597572327
vt 0.8905069828033447 0.4081760048866272
vt 0.06683299690485 0.4759939908981323
vt 0.08080799877643585 0.46209999918937683
vt 0.9021289944648743 0.407600998878479
vt 0.06903400272130966 0.4619159996509552
vt 0.9000409841537476 0.4686940014362335
vt 0.9132639765739441 0.4596180021762848
vt 0.07318100333213806 0.5220639705657959
vt 0.05988699942827225 0.5137050151824951
vt 0.9104290008544922 0.47101399302482605
vt 0.06312400102615356 0.5246919989585876
vt 0.8769819736480713 0.49098798632621765
vt 0.0962269976735115 0.5431990027427673
vt 0.8028680086135864 0.39866799116134644
vt 0.16605700552463531 0.4506939947605133
vt 0.8010420203208923 0.5118650197982788
vt 0.1724579930305481 0.5626500248908997
vt 0.32795700430870056 0.06735300272703171
vt 0.32795900106430054 0.050005000084638596
vt 0.3445799946784973 0.06898900121450424
vt 0.3445819914340973 0.04837099835276604
vt 0.7650099992752075 0.28529098629951477
vt 0.23154599964618683 0.2938559949398041
vt 0.7544649839401245 0.30275100469589233
vt 0.24773800373077393 0.30801400542259216
vt 0.8840600252151489 0.1638440042734146
vt 0.8880869746208191 0.15727099776268005
vt 0.8903840184211731 0.16199299693107605
vt 0.07238999754190445 0.20972399413585663
vt 0.06541799753904343 0.20989499986171722
vt 0.06618300080299377 0.20442000031471252
vt 0.8875730037689209 0.1706710010766983
vt 0.07103600353002548 0.21776700019836426
vt 0.7252370119094849 0.28839799761772156
vt 0.27249500155448914 0.2842310070991516
vt 0.7205569744110107 0.27850401401519775
vt 0.2740280032157898 0.2727949917316437
vt 0.49849799275398254 0.21804699301719666
vt 0.6124269962310791 0.18243899941444397
vt 0.6235730051994324 0.17104500532150269
vt 0.6330829858779907 0.18266400694847107
vt 0.384568989276886 0.18243999779224396
vt 0.3639119863510132 0.18266400694847107
vt 0.3734219968318939 0.17104500532150269
vt 0.5105609893798828 0.342741996049881
vt 0.49849799275398254 0.3471260070800781
vt 0.4864340126514435 0.342741996049881
vt 0.19559499621391296 0.4289740025997162
vt 0.5329189896583557 0.3407759964466095
vt 0.4640769958496094 0.3407770097255707
vt 0.8941439986228943 0.3951759934425354
vt 0.8880159854888916 0.38927099108695984
vt 0.8956649899482727 0.3887690007686615
vt 0.07681000232696533 0.4489299952983856
vt 0.07513699680566788 0.4422760009765625
vt 0.08307000249624252 0.44277599453926086
vt 0.9007570147514343 0.3936919867992401
vt 0.06987900286912918 0.44756999611854553
vt 0.7975879907608032 0.4712499976158142
vt 0.1744379997253418 0.5217339992523193
vt 0.8156579732894897 0.30398300290107727
vt 0.8083249926567078 0.32472699880599976
vt 0.7886030077934265 0.31411200761795044
vt 0.1866620033979416 0.3288950026035309
vt 0.21709300577640533 0.33037900924682617
vt 0.2006939947605133 0.3473759889602661
vt 0.7964270114898682 0.2884010076522827
vt 0.20097699761390686 0.30706098675727844
vt 0.8311750292778015 0.3087669909000397
vt 0.17261099815368652 0.33868899941444397
vt 0.8447110056877136 0.3191959857940674
vt 0.1623689979314804 0.35351699590682983
vt 0.8403639793395996 0.342290997505188
vt 0.1741590052843094 0.37531599402427673
vt 0.8252890110015869 0.32503700256347656
vt 0.18375399708747864 0.3531399965286255
vt 0.8232399821281433 0.28093600273132324
vt 0.1716350018978119 0.3081760108470917
vt 0.8063340187072754 0.26894301176071167
vt 0.18477100133895874 0.29068899154663086
vt 0.5297520160675049 0.20573100447654724
vt 0.4672439992427826 0.20573100447654724
vt 0.49849799275398254 0.22847799956798553
vt 0.8355839848518372 0.2666589915752411
vt 0.15463699400424957 0.2978000044822693
vt 0.8607810139656067 0.23991000652313232
vt 0.12067200243473053 0.27904701232910156
vt 0.8790079951286316 0.22371900081634521
vt 0.8714820146560669 0.2346940040588379
vt 0.8675289750099182 0.23029400408267975
vt 0.09706900268793106 0.2687090039253235
vt 0.11076200008392334 0.27156999707221985
vt 0.10822200030088425 0.2772809863090515
vt 0.8753029704093933 0.2181120067834854
vt 0.0989530012011528 0.26184800267219543
vt 0.8908529877662659 0.20243099331855774
vt 0.895346999168396 0.19741199910640717
vt 0.8994569778442383 0.2034350037574768
vt 0.07803399860858917 0.2511650025844574
vt 0.06961199641227722 0.25509899854660034
vt 0.07178100198507309 0.24755999445915222
vt 0.8957809805870056 0.20889699459075928
vt 0.07521700114011765 0.2593719959259033
vt 0.8519459962844849 0.2326350063085556
vt 0.12720200419425964 0.26886600255966187
vt 0.8582959771156311 0.22266100347042084
vt 0.11757300049066544 0.2608810067176819
vt 0.8936910033226013 0.19015799462795258
vt 0.894307017326355 0.19370900094509125
vt 0.07107999920845032 0.23960299789905548
vt 0.0716169998049736 0.24343499541282654
vt 0.5237169861793518 0.3539830148220062
vt 0.4732779860496521 0.3539830148220062
vt 0.5157529711723328 0.35200798511505127
vt 0.4812430143356323 0.35200798511505127
vt 0.8978350162506104 0.4971739947795868
vt 0.07610300183296204 0.5496150255203247
vt 0.8679959774017334 0.1530819982290268
vt 0.8781750202178955 0.14182999730110168
vt 0.07103999704122543 0.18553300201892853
vt 0.08514600247144699 0.19355399906635284
vt 0.8887010216712952 0.15277400612831116
vt 0.8811990022659302 0.16647200286388397
vt 0.0761450007557869 0.21144700050354004
vt 0.0640920028090477 0.200096994638443
vt 0.8866580128669739 0.14618299901485443
vt 0.06394200026988983 0.1927880048751831
vt 0.8938379883766174 0.14880399405956268
vt 0.05760300159454346 0.1978369951248169
vt 0.8534129858016968 0.1404310017824173
vt 0.8638619780540466 0.13385599851608276
vt 0.08296900242567062 0.1723960041999817
vt 0.09597700089216232 0.1757899969816208
vt 0.8783419728279114 0.13586999475955963
vt 0.06882999837398529 0.1795559972524643
vt 0.8838779926300049 0.1343960016965866
vt 0.06275399774312973 0.17997899651527405
vt 0.8384100198745728 0.11958099901676178
vt 0.8438389897346497 0.11842700093984604
vt 0.8416249752044678 0.12296699732542038
vt 0.10511399805545807 0.15009599924087524
vt 0.10288000106811523 0.15446799993515015
vt 0.09933199733495712 0.15060900151729584
vt 0.8358029723167419 0.12390299886465073
vt 0.10900600254535675 0.15367500483989716
vt 0.852603018283844 0.13839499652385712
vt 0.8413220047950745 0.14012999832630157
vt 0.09617900103330612 0.17343400418758392
vt 0.10831700265407562 0.17177900671958923
vt 0.8616129755973816 0.13384400308132172
vt 0.08534800261259079 0.1715880036354065
vt 0.8665879964828491 0.12921200692653656
vt 0.07839000225067139 0.16847600042819977
vt 0.8687499761581421 0.12836900353431702
vt 0.07586000114679337 0.16845999658107758
vt 0.5292400121688843 0.4788450002670288
vt 0.5249469876289368 0.4856930077075958
vt 0.5122179985046387 0.4864549934864044
vt 0.4677560031414032 0.4788450002670288
vt 0.4847790002822876 0.4864549934864044
vt 0.4720489978790283 0.4856930077075958
vt 0.5208370089530945 0.47821998596191406
vt 0.48189499974250793 0.47821998596191406
vt 0.5488899946212769 0.484703004360199
vt 0.5454480051994324 0.48945000767707825
vt 0.5357959866523743 0.4871079921722412
vt 0.44810599088668823 0.484703004360199
vt 0.4611999988555908 0.4871079921722412
vt 0.4515480101108551 0.48945000767707825
vt 0.5394219756126404 0.4804219901561737
vt 0.4575740098953247 0.4804219901561737
vt 0.6384819746017456 0.8553370237350464
vt 0.6272919774055481 0.8278520107269287
vt 0.6549249887466431 0.8146650195121765
vt 0.366892009973526 0.8567929863929749
vt 0.3503139913082123 0.8158159852027893
vt 0.3780989944934845 0.8289939761161804
vt 0.6671590209007263 0.8377709984779358
vt 0.33802300691604614 0.838994026184082
vt 0.5588269829750061 0.9006220102310181
vt 0.55690598487854 0.8513069748878479
vt 0.58406001329422 0.850130021572113
vt 0.44779399037361145 0.9013519883155823
vt 0.4218069911003113 0.8510550260543823
vt 0.44907599687576294 0.8519229888916016
vt 0.5827919840812683 0.8925510048866272
vt 0.4236670136451721 0.8936110138893127
vt 0.7630550265312195 0.7124000191688538
vt 0.7465749979019165 0.6928589940071106
vt 0.7579879760742188 0.6700320243835449
vt 0.24199800193309784 0.7136420011520386
vt 0.2470169961452484 0.671317994594574
vt 0.25843900442123413 0.694104015827179
vt 0.5605940222740173 0.48906999826431274
vt 0.43640199303627014 0.48906999826431274
vt 0.5503429770469666 0.6743490099906921
vt 0.5581459999084473 0.6899710297584534
vt 0.5422229766845703 0.6877539753913879
vt 0.45406800508499146 0.674830973148346
vt 0.4622870087623596 0.6881470084190369
vt 0.44640299677848816 0.6905030012130737
vt 0.5371609926223755 0.6707959771156311
vt 0.46718400716781616 0.6711570024490356
vt 0.5865600109100342 0.7032870054244995
vt 0.5797619819641113 0.6788589954376221
vt 0.5931599736213684 0.6873409748077393
vt 0.41815298795700073 0.7040190100669861
vt 0.4114750027656555 0.688156008720398
vt 0.42476600408554077 0.6796039938926697
vt 0.5968809723854065 0.7112029790878296
vt 0.4079039990901947 0.7119920253753662
vt 0.5293840169906616 0.688506007194519
vt 0.5271720290184021 0.6760200262069702
vt 0.4772129952907562 0.6775540113449097
vt 0.4751090109348297 0.688772976398468
vt 0.607243001461029 0.6739599704742432
vt 0.397365003824234 0.6748819947242737
vt 0.9297770261764526 0.6165779829025269
vt 0.9101290106773376 0.6125569939613342
vt 0.9305109977722168 0.6154630184173584
vt 0.9098910093307495 0.6112419962882996
vt 0.928816020488739 0.6137409806251526
vt 0.927154004573822 0.6138529777526855
vt 0.9251940250396729 0.6118860244750977
vt 0.9121289849281311 0.6103240251541138
vt 0.9161909818649292 0.6100419759750366
vt 0.9136149883270264 0.6110810041427612
vt 0.9260110259056091 0.6117290258407593
vt 0.9155009984970093 0.6095759868621826
vt 0.9246010184288025 0.6164320111274719
vt 0.9272199869155884 0.6179260015487671
vt 0.9119539856910706 0.6148030161857605
vt 0.9149500131607056 0.6144570112228394
vt 0.929498016834259 0.6197289824485779
vt 0.9091479778289795 0.615568995475769
vt 0.9275659918785095 0.615323007106781
vt 0.9126579761505127 0.6122710108757019
vt 0.9255070090293884 0.6138349771499634
vt 0.915136992931366 0.6117110252380371
vt 0.9293969869613647 0.6179180145263672
vt 0.9099519848823547 0.6139410138130188
vt 0.9318090081214905 0.6257140040397644
vt 0.9046670198440552 0.6201729774475098
vt 0.9271190166473389 0.6505079865455627
vt 0.8992879986763 0.6448919773101807
vt 0.9414200186729431 0.6501150131225586
vt 0.8861979842185974 0.6389229893684387
vt 0.9212030172348022 0.608473002910614
vt 0.9217849969863892 0.6056370139122009
vt 0.9359989762306213 0.6918780207633972
vt 0.9353160262107849 0.6920509934425354
vt 0.9371169805526733 0.6838719844818115
vt 0.8746129870414734 0.6806989908218384
vt 0.8766160011291504 0.6723889708518982
vt 0.8752070069313049 0.6811249852180481
vt 0.9389839768409729 0.6832669973373413
vt 0.8750259876251221 0.6710720062255859
vt 0.9340819716453552 0.6569240093231201
vt 0.9379069805145264 0.6596860289573669
vt 0.9364370107650757 0.6603279709815979
vt 0.8903359770774841 0.6481119990348816
vt 0.8868269920349121 0.6503810286521912
vt 0.8856890201568604 0.6491910219192505
vt 0.9349290132522583 0.6618819832801819
vt 0.8875970244407654 0.6523839831352234
vt 0.9030309915542603 0.7131760120391846
vt 0.9017639756202698 0.7098029851913452
vt 0.9142529964447021 0.7084609866142273
vt 0.8990070223808289 0.7125629782676697
vt 0.8894709944725037 0.7040690183639526
vt 0.9012550115585327 0.7097179889678955
vt 0.9137639999389648 0.7115300297737122
vt 0.8886849880218506 0.7074970006942749
vt 0.9376940131187439 0.6767399907112122
vt 0.939365029335022 0.676019012928009
vt 0.8788890242576599 0.6651290059089661
vt 0.8775500059127808 0.6637200117111206
vt 0.9366869926452637 0.6669790148735046
vt 0.9373630285263062 0.6651440262794495
vt 0.8839579820632935 0.6563180088996887
vt 0.8840939998626709 0.654371976852417
vt 0.9305359721183777 0.7007259726524353
vt 0.9319440126419067 0.701557993888855
vt 0.9242759943008423 0.7058150172233582
vt 0.8768799901008606 0.6923779845237732
vt 0.8797060251235962 0.6975600123405457
vt 0.874925971031189 0.692333996295929
vt 0.9227880239486694 0.7050110101699829
vt 0.8837100267410278 0.6974430084228516
vt 0.9110779762268066 0.7139340043067932
vt 0.9027900099754333 0.7136489748954773
vt 0.8909329771995544 0.7107909917831421
vt 0.8990970253944397 0.713096022605896
vt 0.9407979846000671 0.6748089790344238
vt 0.8766589760780334 0.6619219779968262
vt 0.9395509958267212 0.6633430123329163
vt 0.8828849792480469 0.6519020199775696
vt 0.674223005771637 0.6002309918403625
vt 0.3305779993534088 0.6016539931297302
vt 0.656020998954773 0.5894839763641357
vt 0.3487670123577118 0.5910080075263977
vt 0.9273120164871216 0.6568470001220703
vt 0.8966460227966309 0.6506869792938232
vt 0.9389410018920898 0.6565210223197937
vt 0.8859739899635315 0.6458349823951721
vt 0.9405720233917236 0.6609349846839905
vt 0.8827130198478699 0.6492949724197388
vt 0.9391130208969116 0.645700991153717
vt 0.8900690078735352 0.6357489824295044
vt 0.936240017414093 0.6520500183105469
vt 0.8902379870414734 0.6427459716796875
vt 0.9323840141296387 0.6221470236778259
vt 0.9055389761924744 0.616661012172699
vt 0.929440975189209 0.6163970232009888
vt 0.9105100035667419 0.6125230193138123
vt 0.9270439743995667 0.6139559745788574
vt 0.9136760234832764 0.6112189888954163
vt 0.9250580072402954 0.612188994884491
vt 0.9161970019340515 0.6103739738464355
vt 0.9038169980049133 0.7077059745788574
vt 0.9076110124588013 0.702413022518158
vt 0.9166589975357056 0.699599027633667
vt 0.9000099897384644 0.7070239782333374
vt 0.8907300233840942 0.6949470043182373
vt 0.898285984992981 0.700747013092041
vt 0.9142600297927856 0.7063760161399841
vt 0.8903430104255676 0.7020390033721924
vt 0.9332960247993469 0.6833279728889465
vt 0.9349439740180969 0.6836919784545898
vt 0.933722972869873 0.6908400058746338
vt 0.880545973777771 0.673334002494812
vt 0.8772479891777039 0.6805350184440613
vt 0.8787950277328491 0.6730489730834961
vt 0.9296650290489197 0.6907020211219788
vt 0.881305992603302 0.6819139719009399
vt 0.9349030256271362 0.6626120209693909
vt 0.9305899739265442 0.6611030101776123
vt 0.8873370289802551 0.6530539989471436
vt 0.891933023929596 0.6533499956130981
vt 0.9316200017929077 0.6583960056304932
vt 0.8920450210571289 0.6504330039024353
vt 0.9223679900169373 0.6980339884757996
vt 0.8861070275306702 0.6915979981422424
vt 0.9222829937934875 0.7027950286865234
vt 0.884784996509552 0.6957539916038513
vt 0.9352220296859741 0.6673399806022644
vt 0.9328590035438538 0.667182981967926
vt 0.8851609826087952 0.657256007194519
vt 0.8874239921569824 0.6580700278282166
vt 0.9267140030860901 0.6956239938735962
vt 0.8825340270996094 0.6878759860992432
vt 0.9281859993934631 0.6977779865264893
vt 0.8803470134735107 0.689640998840332
vt 0.9353979825973511 0.6497640013694763
vt 0.8919100165367126 0.6409670114517212
vt 0.5409579873085022 0.3954640030860901
vt 0.4560370147228241 0.3954640030860901
vt 0.5200250148773193 0.4399409890174866
vt 0.4769720137119293 0.4399409890174866
vt 0.5200030207633972 0.4689539968967438
vt 0.519225001335144 0.4717809855937958
vt 0.49849799275398254 0.4738979935646057
vt 0.47699299454689026 0.4689539968967438
vt 0.47777101397514343 0.4717809855937958
vt 0.49849799275398254 0.4695329964160919
vt 0.5125449895858765 0.38551899790763855
vt 0.4844509959220886 0.38551899790763855
vt 0.5245929956436157 0.38353899121284485
vt 0.47240200638771057 0.38353899121284485
vt 0.49849799275398254 0.39126500487327576
vt 0.49849799275398254 0.3779340088367462
vt 0.6014080047607422 0.3233030140399933
vt 0.3955869972705841 0.3233030140399933
vt 0.5327550172805786 0.3229939937591553
vt 0.46424001455307007 0.3229939937591553
vt 0.9079200029373169 0.5150889754295349
vt 0.8995389938354492 0.5132970213890076
vt 0.06670799851417542 0.5668929815292358
vt 0.07463199645280838 0.5651249885559082
vt 0.8747869729995728 0.4962390065193176
vt 0.09845300018787384 0.5482689738273621
vt 0.8859120011329651 0.49587899446487427
vt 0.08763699978590012 0.5481290221214294
vt 0.5227839946746826 0.31771498918533325
vt 0.4742110073566437 0.31771498918533325
vt 0.8626329898834229 0.26274600625038147
vt 0.8532900214195251 0.2590849995613098
vt 0.12619799375534058 0.3025889992713928
vt 0.13440099358558655 0.2958959937095642
vt 0.7900109887123108 0.20641599595546722
vt 0.18114499747753143 0.2225620001554489
vt 0.7844129800796509 0.18934300541877747
vt 0.1813330054283142 0.20359699428081512
vt 0.778315007686615 0.17641200125217438
vt 0.771573007106781 0.1657000035047531
vt 0.18672800064086914 0.17574499547481537
vt 0.18335400521755219 0.18865199387073517
vt 0.8839679956436157 0.22796200215816498
vt 0.09348399937152863 0.27459999918937683
vt 0.8741250038146973 0.23871900141239166
vt 0.10687799751758575 0.28218498826026917
vt 0.6581990122795105 0.1907700002193451
vt 0.3387959897518158 0.1907700002193451
vt 0.6404650211334229 0.1589689999818802
vt 0.35653001070022583 0.1589689999818802
vt 0.650609016418457 0.1742600053548813
vt 0.34638598561286926 0.17426100373268127
vt 0.3438569903373718 0.08797299861907959
vt 0.3140150010585785 0.08556800335645676
vt 0.34386199712753296 0.02938699908554554
vt 0.3140200078487396 0.03178900107741356
vt 0.3338890075683594 0.05868000164628029
vt 0.3468089997768402 0.05868000164628029
vt 0.40417999029159546 0.09498599916696548
vt 0.4041860103607178 0.02237899973988533
vt 0.4208129942417145 0.05868300050497055
vt 0.44003498554229736 0.09731099754571915
vt 0.44004300236701965 0.02005700021982193
vt 0.4540889859199524 0.058685000985860825
vt 0.5017380118370056 0.09886100143194199
vt 0.5017449855804443 0.018512999638915062
vt 0.5181599855422974 0.058687999844551086
vt 0.6012269854545593 0.09493099898099899
vt 0.6012340188026428 0.02245200052857399
vt 0.5777260065078735 0.05869000032544136
vt 0.6576690077781677 0.0863649994134903
vt 0.65767502784729 0.031022999435663223
vt 0.609857976436615 0.058692000806331635
vt 0.6818699836730957 0.07740700244903564
vt 0.6818739771842957 0.03998300060629845
vt 0.6373410224914551 0.05869299918413162
vt 0.6889939904212952 0.07235699892044067
vt 0.6889969706535339 0.04503399878740311
vt 0.6499099731445312 0.05869400128722191
vt 0.6678529977798462 0.0683709979057312
vt 0.6898390054702759 0.07181800156831741
vt 0.6898419857025146 0.04557200148701668
vt 0.6678540110588074 0.049017999321222305
vt 0.6600819826126099 0.05869400128722191
vt 0.6773840188980103 0.058694999665021896
vt 0.0654039978981018 0.9272819757461548
vt 0.6783469915390015 0.7486850023269653
vt 0.6656460165977478 0.7730600237846375
vt 0.3267059922218323 0.749770998954773
vt 0.33946800231933594 0.7741469740867615
vt 0.6448019742965698 0.7885969877243042
vt 0.3603900074958801 0.7896379828453064
vt 0.9115059971809387 0.7208830118179321
vt 0.888467013835907 0.7177510261535645
vt 0.6055030226707458 0.5901139974594116
vt 0.5977960228919983 0.5793589949607849
vt 0.6276310086250305 0.5991719961166382
vt 0.3983460068702698 0.5920659899711609
vt 0.37686601281166077 0.6007599830627441
vt 0.40617701411247253 0.5819389820098877
vt 0.6150760054588318 0.622596025466919
vt 0.38930898904800415 0.6239029765129089
vt 0.9391070008277893 0.7131189703941345
vt 0.9296140074729919 0.716401994228363
vt 0.8617690205574036 0.7010250091552734
vt 0.8705090284347534 0.7092750072479248
vt 0.5468279719352722 0.7248160243034363
vt 0.5475299954414368 0.7027239799499512
vt 0.4571149945259094 0.703141987323761
vt 0.4580039978027344 0.7252069711685181
vt 0.5308489799499512 0.7257959842681885
vt 0.5317140221595764 0.7055010199546814
vt 0.47293901443481445 0.7057740092277527
vt 0.4739820063114166 0.72604900598526
vt 0.5426949858665466 0.792972981929779
vt 0.5391460061073303 0.767221987247467
vt 0.4660379886627197 0.7675409913063049
vt 0.4627169966697693 0.7933359742164612
vt 0.5799180269241333 0.8231109976768494
vt 0.5557339787483215 0.8208270072937012
vt 0.5678219795227051 0.7974010109901428
vt 0.42569100856781006 0.8238599896430969
vt 0.4375990033149719 0.7979850172996521
vt 0.44991400837898254 0.8213469982147217
vt 0.5812829732894897 0.7992150187492371
vt 0.4241270124912262 0.7999089956283569
vt 0.6216179728507996 0.8109670281410217
vt 0.3837369978427887 0.8119770288467407
vt 0.5874289870262146 0.6611509919166565
vt 0.41700100898742676 0.6620039939880371
vt 0.5830749869346619 0.6639249920845032
vt 0.4330640137195587 0.6591230034828186
vt 0.5250309705734253 0.6598719954490662
vt 0.5379859805107117 0.6602789759635925
vt 0.4791719913482666 0.6601269841194153
vt 0.46623098850250244 0.6606860160827637
vt 0.5145540237426758 0.6750169992446899
vt 0.5167859792709351 0.6633849740028381
vt 0.48980700969696045 0.6751449704170227
vt 0.4874350130558014 0.6635500192642212
vt 0.5568349957466125 0.7469490170478821
vt 0.44818198680877686 0.7474129796028137
vt 0.5681970119476318 0.7478650212287903
vt 0.43682900071144104 0.7484179735183716
vt 0.5170739889144897 0.7040359973907471
vt 0.5169240236282349 0.6903709769248962
vt 0.48755601048469543 0.7041749954223633
vt 0.4875760078430176 0.6905159950256348
vt 0.5472130179405212 0.746707022190094
vt 0.4578000009059906 0.7470920085906982
vt 0.5360280275344849 0.7416830062866211
vt 0.46894100308418274 0.7419750094413757
vt 0.5189110040664673 0.7352039813995361
vt 0.4860000014305115 0.7353500127792358
vt 0.5733190178871155 0.748091995716095
vt 0.5782949924468994 0.7519410252571106
vt 0.5789870023727417 0.762395977973938
vt 0.43171000480651855 0.748682975769043
vt 0.4261470139026642 0.7630289793014526
vt 0.42676299810409546 0.7525680065155029
vt 0.5762050151824951 0.7614290118217468
vt 0.42892101407051086 0.7620429992675781
vt 0.5870720148086548 0.7278419733047485
vt 0.41781699657440186 0.7285439968109131
vt 0.5950919985771179 0.730305016040802
vt 0.4098210036754608 0.7310580015182495
vt 0.5799310207366943 0.7699130177497864
vt 0.5790929794311523 0.7697589993476868
vt 0.42609500885009766 0.7703970074653625
vt 0.42525699734687805 0.7705590128898621
vt 0.5733240246772766 0.7605000138282776
vt 0.43179699778556824 0.761093020439148
vt 0.6156929731369019 0.7634739875793457
vt 0.614503026008606 0.7572720050811768
vt 0.3894279897212982 0.764352023601532
vt 0.39058199524879456 0.7581400275230408
vt 0.6164810061454773 0.7657060027122498
vt 0.3886519968509674 0.7665899991989136
vt 0.5709819793701172 0.736191987991333
vt 0.5737259984016418 0.7384560108184814
vt 0.43395599722862244 0.7367690205574036
vt 0.43123099207878113 0.7390519976615906
vt 0.5707280039787292 0.7487429976463318
vt 0.43430399894714355 0.74931401014328
vt 0.5853130221366882 0.7743440270423889
vt 0.4199039936065674 0.7750319838523865
vt 0.534155011177063 0.64546799659729
vt 0.5441650152206421 0.64723801612854
vt 0.4599120020866394 0.6477490067481995
vt 0.46987301111221313 0.6458629965782166
vt 0.5516660213470459 0.6644780039787292
vt 0.45980900526046753 0.6593319773674011
vt 0.565904974937439 0.6481029987335205
vt 0.5774120092391968 0.6448040008544922
vt 0.43826401233673096 0.6488590240478516
vt 0.4267770051956177 0.6456969976425171
vt 0.5741379857063293 0.6642469763755798
vt 0.4406700134277344 0.6593250036239624
vt 0.5255650281906128 0.6478019952774048
vt 0.47847598791122437 0.6480889916419983
vt 0.9462090134620667 0.6746829748153687
vt 0.3678320050239563 0.5879219770431519
vt 0.39966100454330444 0.5700250267982483
vt 0.6368979811668396 0.5862950086593628
vt 0.9354550242424011 0.6781790256500244
vt 0.9342120289802551 0.6765260100364685
vt 0.8804900050163269 0.6674519777297974
vt 0.8823559880256653 0.6663619875907898
vt 0.5160639882087708 0.6194279789924622
vt 0.48756998777389526 0.619629979133606
vt 0.5095840096473694 0.6183580160140991
vt 0.4940280020236969 0.6184669733047485
vt 0.5037879943847656 0.9698010087013245
vt 0.5034670233726501 0.9220510125160217
vt 0.49849799275398254 0.5289030075073242
vt 0.49849799275398254 0.5434589982032776
vt 0.5084450244903564 0.626937985420227
vt 0.495292991399765 0.6270269751548767
vt 0.5064420104026794 0.6207839846611023
vt 0.4972040057182312 0.6208490133285522
vt 0.49849799275398254 0.5505359768867493
vt 0.5050190091133118 0.6175010204315186
vt 0.4985780119895935 0.6175469756126404
vt 0.5131930112838745 0.6472659707069397
vt 0.5094850063323975 0.6352319717407227
vt 0.49082499742507935 0.6474030017852783
vt 0.4943700134754181 0.6353309750556946
vt 0.5327739715576172 0.8955479860305786
vt 0.5293390154838562 0.8483819961547852
vt 0.47380301356315613 0.895924985408783
vt 0.47665899991989136 0.8486790060997009
vt 0.9205089807510376 0.6118649840354919
vt 0.9200670123100281 0.6140239834785461
vt 0.920756995677948 0.6106510162353516
vt 0.5153530240058899 0.7204729914665222
vt 0.48942598700523376 0.7205899953842163
vt 0.5021849870681763 0.6776459813117981
vt 0.5021139979362488 0.6644499897956848
vt 0.5308150053024292 0.8150380253791809
vt 0.47481200098991394 0.8153110146522522
vt 0.5024399757385254 0.7317289710044861
vt 0.6069869995117188 0.7380369901657104
vt 0.6069279909133911 0.7434899806976318
vt 0.6010900139808655 0.7378450036048889
vt 0.39798301458358765 0.7388610243797302
vt 0.40387699007987976 0.7386320233345032
vt 0.39807501435279846 0.7443119883537292
vt 0.6011149883270264 0.7345219850540161
vt 0.40383100509643555 0.735310971736908
vt 0.9318919777870178 0.7228670120239258
vt 0.8668590188026428 0.7154510021209717
vt 0.6105279922485352 0.8727009892463684
vt 0.3953920006752014 0.8741520047187805
vt 0.6073330044746399 0.8395209908485413
vt 0.39830100536346436 0.8406100273132324
vt 0.541812002658844 0.5922930240631104
vt 0.54202800989151 0.5795339941978455
vt 0.5561850070953369 0.5910279750823975
vt 0.4614279866218567 0.592939019203186
vt 0.4470759928226471 0.5919309854507446
vt 0.46099698543548584 0.5802379846572876
vt 0.5514100193977356 0.6002629995346069
vt 0.45200100541114807 0.6010479927062988
vt 0.5675370097160339 0.5986170172691345
vt 0.43593600392341614 0.5996879935264587
vt 0.5864589810371399 0.6118950247764587
vt 0.4174079895019531 0.6131600141525269
vt 0.5614500045776367 0.609466016292572
vt 0.4421690106391907 0.610368013381958
vt 0.577593982219696 0.6236140131950378
vt 0.4263499975204468 0.6246539950370789
vt 0.5358250141143799 0.599075973033905
vt 0.5295140147209167 0.5937979817390442
vt 0.4737290143966675 0.5942379832267761
vt 0.46751898527145386 0.5996090173721313
vt 0.5336290001869202 0.5860769748687744
vt 0.46950700879096985 0.5866090059280396
vt 0.7411839962005615 0.4987170100212097
vt 0.23209600150585175 0.5465480089187622
vt 0.8994640111923218 0.95763099193573
vt 0.8952410221099854 0.9646829962730408
vt 0.12655900418758392 0.9220200181007385
vt 0.1307000070810318 0.9310179948806763
vt 0.6780639886856079 0.5342959761619568
vt 0.3189319968223572 0.534296989440918
vt 0.6858429908752441 0.5312989950180054
vt 0.31115299463272095 0.5313000082969666
vt 0.3924260139465332 0.9093919992446899
vt 0.4119740128517151 0.9083679914474487
vt 0.6027849912643433 0.8202970027923584
vt 0.5941789746284485 0.7999340295791626
vt 0.4027169942855835 0.8212249875068665
vt 0.4112060070037842 0.800728976726532
vt 0.6057270169258118 0.7730000019073486
vt 0.39945998787879944 0.7738249897956848
vt 0.6126869916915894 0.7737200260162354
vt 0.3924979865550995 0.774590015411377
vt 0.610722005367279 0.7515450119972229
vt 0.3943290114402771 0.7523880004882812
vt 0.5944380164146423 0.7351940274238586
vt 0.4105069935321808 0.7359399795532227
vt 0.5864310264587402 0.7344210147857666
vt 0.4185029864311218 0.7351120114326477
vt 0.5923759937286377 0.7760530114173889
vt 0.41284599900245667 0.7767919898033142
vt 0.5795400142669678 0.7378590106964111
vt 0.5792040228843689 0.7422369718551636
vt 0.4254150092601776 0.7384989857673645
vt 0.4257819950580597 0.7428719997406006
vt 0.5736259818077087 0.7299519777297974
vt 0.43126600980758667 0.7305529713630676
vt 0.5839200019836426 0.768805980682373
vt 0.42125800251960754 0.7694799900054932
vt 0.6135410070419312 0.763670027256012
vt 0.39158299565315247 0.7645350098609924
vt 0.6016730070114136 0.7426149845123291
vt 0.6020039916038513 0.74406898021698
vt 0.4033240079879761 0.743403971195221
vt 0.403001993894577 0.7448599934577942
vt 0.5995000004768372 0.7674620151519775
vt 0.6073390245437622 0.7676169872283936
vt 0.39781299233436584 0.7684469819068909
vt 0.40565699338912964 0.7682420015335083
vt 0.5830789804458618 0.7641440033912659
vt 0.42206600308418274 0.7648079991340637
vt 0.5860660076141357 0.768339991569519
vt 0.41910699009895325 0.7690290212631226
vt 0.5847610235214233 0.7462189793586731
vt 0.5828940272331238 0.7480760216712952
vt 0.42025598883628845 0.746891975402832
vt 0.42213600873947144 0.7487360239028931
vt 0.5962880253791809 0.742950975894928
vt 0.5925289988517761 0.7419099807739258
vt 0.41245898604393005 0.7426390051841736
vt 0.40870898962020874 0.7437040209770203
vt 0.6000369787216187 0.7482140064239502
vt 0.40499499440193176 0.7489920258522034
vt 0.6080499887466431 0.7503430247306824
vt 0.6103079915046692 0.7571139931678772
vt 0.3969939947128296 0.7511699795722961
vt 0.39477699995040894 0.7579579949378967
vt 0.6070640087127686 0.7533619999885559
vt 0.39799898862838745 0.7541840076446533
vt 0.6121249794960022 0.7643799781799316
vt 0.6117479801177979 0.7605180144309998
vt 0.3933579921722412 0.7613710165023804
vt 0.39300400018692017 0.7652379870414734
vt 0.5891799926757812 0.7436410188674927
vt 0.41582000255584717 0.744346022605896
vt 0.5858790278434753 0.7377560138702393
vt 0.4190770089626312 0.738440990447998
vt 0.5838109850883484 0.7537029981613159
vt 0.42125898599624634 0.7543699741363525
vt 0.5889229774475098 0.7703379988670349
vt 0.4162620007991791 0.7710480093955994
vt 0.5918599963188171 0.7682790160179138
vt 0.4133079946041107 0.7690079808235168
vt 0.7729790210723877 0.8670849800109863
vt 0.7849479913711548 0.8579239845275879
vt 0.21131500601768494 0.9365339875221252
vt 0.20333200693130493 0.9505329728126526
vt 0.7653759717941284 0.8680109977722168
vt 0.21127000451087952 0.9283350110054016
vt 0.7676290273666382 0.8569769859313965
vt 0.19975100457668304 0.932233989238739
vt 0.20229299366474152 0.9214950203895569
vt 0.7826709747314453 0.8373200297355652
vt 0.1814049929380417 0.9511460065841675
vt 0.17949999868869781 0.9405679702758789
vt 0.7931780219078064 0.827813982963562
vt 0.792514979839325 0.831483006477356
vt 0.17300699651241302 0.9634799957275391
vt 0.17673300206661224 0.9622629880905151
vt 0.7922570109367371 0.8393740057945251
vt 0.18492799997329712 0.9608759880065918
vt 0.8368030190467834 0.13508999347686768
vt 0.11137200146913528 0.16526100039482117
vt 0.8275229930877686 0.13720400631427765
vt 0.12144599854946136 0.16454100608825684
vt 0.686182975769043 0.06173200160264969
vt 0.6945549845695496 0.062105998396873474
vt 0.6861839890480042 0.0556580014526844
vt 0.6945549845695496 0.055284999310970306
vt 0.6819970011711121 0.06040399894118309
vt 0.6819970011711121 0.0569860003888607
vt 0.6998590230941772 0.0606359988451004
vt 0.7021229863166809 0.06393499672412872
vt 0.7021239995956421 0.053456999361515045
vt 0.6998590230941772 0.056756000965833664
vt 0.6822569966316223 0.058694999665021896
vt 0.6942600011825562 0.058694999665021896
vt 0.5551930069923401 0.6601660251617432
vt 0.561618983745575 0.6806049942970276
vt 0.44909000396728516 0.660735011100769
vt 0.4428679943084717 0.6811919808387756
vt 0.5362989902496338 0.6362389922142029
vt 0.46761399507522583 0.6366829872131348
vt 0.55451899766922 0.6482890248298645
vt 0.44960400462150574 0.6489160060882568
vt 0.9015970230102539 0.7156460285186768
vt 0.8996850252151489 0.7153810262680054
vt 0.8052340149879456 0.17392100393772125
vt 0.15546999871730804 0.1946830004453659
vt 0.8696479797363281 0.1768990010023117
vt 0.09122899919748306 0.21828199923038483
vt 0.7870180010795593 0.1571580022573471
vt 0.168503999710083 0.17205899953842163
vt 0.7947390079498291 0.16469599306583405
vt 0.1631229966878891 0.18207600712776184
vt 0.8173580169677734 0.13451099395751953
vt 0.1309729963541031 0.15870800614356995
vt 0.8631430268287659 0.17496199905872345
vt 0.09719999879598618 0.21421100199222565
vt 0.8877379894256592 0.2154739946126938
vt 0.8841469883918762 0.20872199535369873
vt 0.08692800253629684 0.255295991897583
vt 0.08555900305509567 0.2633030116558075
vt 0.8963130116462708 0.21950200200080872
vt 0.07830999791622162 0.27021899819374084
vt 0.9049670100212097 0.21431399881839752
vt 0.06789500266313553 0.26802700757980347
vt 0.8530700206756592 0.15153299272060394
vt 0.09988699853420258 0.18711400032043457
vt 0.8057140111923218 0.36178699135780334
vt 0.16913999617099762 0.573835015296936
vt 0.20660200715065002 0.42309799790382385
vt 0.9160569906234741 0.4252279996871948
vt 0.9172130227088928 0.42849698662757874
vt 0.9167349934577942 0.4319629967212677
vt 0.05607200041413307 0.48007598519325256
vt 0.05562499910593033 0.4866490066051483
vt 0.05505000054836273 0.48329201340675354
vt 0.916126012802124 0.4361650049686432
vt 0.056352000683546066 0.4907130002975464
vt 0.9135900139808655 0.4681609869003296
vt 0.9140620231628418 0.4645400047302246
vt 0.05931299924850464 0.5185440182685852
vt 0.05992500111460686 0.5220540165901184
vt 0.894428014755249 0.3701159954071045
vt 0.8984230160713196 0.37942400574684143
vt 0.07270599901676178 0.5753899812698364
vt 0.9158830046653748 0.46989500522613525
vt 0.057773999869823456 0.523842990398407
vt 0.9151970148086548 0.41959500312805176
vt 0.9151620268821716 0.4134399890899658
vt 0.9154360294342041 0.41454699635505676
vt 0.056683000177145004 0.4745450019836426
vt 0.05613499879837036 0.46961700916290283
vt 0.056345000863075256 0.468515008687973
vt 0.915988028049469 0.41635799407958984
vt 0.055702999234199524 0.4714210033416748
vt 0.8818479776382446 0.1401679962873459
vt 0.06676200032234192 0.18509699404239655
vt 0.8720089793205261 0.13362400233745575
vt 0.07447399944067001 0.17504900693893433
vt 0.8912990093231201 0.1537330001592636
vt 0.0618010014295578 0.2019219994544983
vt 0.7099679708480835 0.5239179730415344
vt 0.6957709789276123 0.5292559862136841
vt 0.6928849816322327 0.5149570107460022
vt 0.2870280146598816 0.5239189863204956
vt 0.3041110038757324 0.5149580240249634
vt 0.3012250065803528 0.5292569994926453
vt 0.7087339758872986 0.5082319974899292
vt 0.2882620096206665 0.5082330107688904
vt 0.8852099776268005 0.3984070122241974
vt 0.08596599847078323 0.45205798745155334
vt 0.9049109816551208 0.3960239887237549
vt 0.9109640121459961 0.4056450128555298
vt 0.06559299677610397 0.4501439929008484
vt 0.06002600118517876 0.4604870080947876
vt 0.8969630002975464 0.39977699518203735
vt 0.07401899993419647 0.4537700116634369
vt 0.6332089900970459 0.4965440034866333
vt 0.6256099939346313 0.4900369942188263
vt 0.3637860119342804 0.4965449869632721
vt 0.37138500809669495 0.4900369942188263
vt 0.6900240182876587 0.4965429902076721
vt 0.30697101354599 0.4965429902076721
vt 0.9208679795265198 0.6101109981536865
vt 0.5863289833068848 0.47424399852752686
vt 0.5832890272140503 0.48373499512672424
vt 0.5679100155830383 0.476375013589859
vt 0.4106670022010803 0.47424399852752686
vt 0.42908599972724915 0.4763759970664978
vt 0.4137069880962372 0.48373499512672424
vt 0.5692769885063171 0.46886101365089417
vt 0.42771801352500916 0.46886101365089417
vt 0.5335220098495483 0.4694019854068756
vt 0.5316069722175598 0.4741080105304718
vt 0.46347400546073914 0.4694019854068756
vt 0.4653890132904053 0.4741080105304718
vt 0.5554860234260559 0.4712879955768585
vt 0.5522980093955994 0.4775789976119995
vt 0.5428450107574463 0.4742709994316101
vt 0.44150999188423157 0.4712879955768585
vt 0.4541510045528412 0.4742709994316101
vt 0.4446980059146881 0.4775789976119995
vt 0.5424010157585144 0.4712640047073364
vt 0.45459499955177307 0.4712640047073364
vt 0.7635480165481567 0.8111299872398376
vt 0.7506880164146423 0.783312976360321
vt 0.7691580057144165 0.7571049928665161
vt 0.24160100519657135 0.812313973903656
vt 0.23594500124454498 0.7583190202713013
vt 0.25443199276924133 0.7844970226287842
vt 0.5769910216331482 0.48757100105285645
vt 0.5975779891014099 0.48894500732421875
vt 0.4200049936771393 0.48757100105285645
vt 0.3994179964065552 0.48894500732421875
vt 0.5647820234298706 0.48356398940086365
vt 0.43221399188041687 0.48356398940086365
vt 0.9602699875831604 0.8138800263404846
vt 0.9483789801597595 0.8100280165672302
vt 0.07374099642038345 0.7409300208091736
vt 0.08861400187015533 0.7379930019378662
vt 0.7463350296020508 0.8321409821510315
vt 0.2588219940662384 0.8333010077476501
vt 0.5196260213851929 0.4617120027542114
vt 0.5371630191802979 0.46264201402664185
vt 0.4598329961299896 0.46264201402664185
vt 0.4773699939250946 0.4617120027542114
vt 0.5489619970321655 0.4630500078201294
vt 0.5608140230178833 0.4622940123081207
vt 0.44803398847579956 0.4630500078201294
vt 0.4361819922924042 0.4622940123081207
vt 0.6046450138092041 0.4824810028076172
vt 0.3923499882221222 0.4824810028076172
vt 0.6058909893035889 0.4947980046272278
vt 0.3911049962043762 0.4947980046272278
vt 0.755636990070343 0.22871200740337372
vt 0.22284099459648132 0.2339950054883957
vt 0.7395089864730835 0.1889200061559677
vt 0.7503799796104431 0.2061470001935959
vt 0.22091099619865417 0.20963500440120697
vt 0.22633300721645355 0.18885500729084015
vt 0.5447530150413513 0.5680660009384155
vt 0.45799699425697327 0.5688250064849854
vt 0.5431060194969177 0.5736100077629089
vt 0.45977699756622314 0.574334979057312
vt 0.57123202085495 0.7221699953079224
vt 0.43359899520874023 0.7227590084075928
vt 0.6187769770622253 0.7673659920692444
vt 0.38636499643325806 0.7682650089263916
vt 0.5846319794654846 0.7332469820976257
vt 0.4202919900417328 0.7339270114898682
vt 0.5835729837417603 0.7179210186004639
vt 0.5785809755325317 0.6977980136871338
vt 0.4212389886379242 0.718608021736145
vt 0.4260750114917755 0.6984819769859314
vt 0.5685420036315918 0.6753339767456055
vt 0.4359300136566162 0.6759740114212036
vt 0.5551509857177734 0.6345700025558472
vt 0.44880199432373047 0.6352599859237671
vt 0.5444390177726746 0.6340069770812988
vt 0.45946699380874634 0.6345630288124084
vt 0.5188930034637451 0.591884970664978
vt 0.5185620188713074 0.5964450240135193
vt 0.5098059773445129 0.5972390174865723
vt 0.4843040108680725 0.5921570062637329
vt 0.49347200989723206 0.5973640084266663
vt 0.4847100079059601 0.5967069864273071
vt 0.5079749822616577 0.5890719890594482
vt 0.495169997215271 0.5891720056533813
vt 0.8640409708023071 0.37093299627304077
vt 0.10443200170993805 0.5729650259017944
vt 0.8708850145339966 0.3712249994277954
vt 0.09631399810314178 0.5702660083770752
vt 0.7092810273170471 0.26520198583602905
vt 0.2810960114002228 0.25582200288772583
vt 0.5340070128440857 0.11007899791002274
vt 0.4629879891872406 0.11007899791002274
vt 0.5291590094566345 0.12628500163555145
vt 0.4678359925746918 0.12628500163555145
vt 0.7081019878387451 0.4899510145187378
vt 0.28889399766921997 0.4899510145187378
vt 0.49849799275398254 0.45959600806236267
vt 0.49849799275398254 0.4344229996204376
vt 0.509315013885498 0.49424201250076294
vt 0.48768100142478943 0.49424201250076294
vt 0.5207269787788391 0.49495598673820496
vt 0.476269006729126 0.49495598673820496
vt 0.5296059846878052 0.4950830042362213
vt 0.4673910140991211 0.4950830042362213
vt 0.5364720225334167 0.49722298979759216
vt 0.4605239927768707 0.49722298979759216
vt 0.5032659769058228 0.8910220265388489
vt 0.5947210192680359 0.9070829749107361
vt 0.5229020118713379 0.6186519861221313
vt 0.48072800040245056 0.6189519762992859
vt 0.5244619846343994 0.6210209727287292
vt 0.47920599579811096 0.6213390231132507
vt 0.5983380079269409 0.6406750082969666
vt 0.40600401163101196 0.6417409777641296
vt 0.5019999742507935 0.6461420059204102
vt 0.5028340220451355 0.8181719779968262
vt 0.9156000018119812 0.6359429955482483
vt 0.9125159978866577 0.6512550115585327
vt 0.9139440059661865 0.6537870168685913
vt 0.9102240204811096 0.6530460119247437
vt 0.49849799275398254 0.5058460235595703
vt 0.5072519779205322 0.5024510025978088
vt 0.48974400758743286 0.50245201587677
vt 0.49849799275398254 0.5162050127983093
vt 0.5030580163002014 0.8574299812316895
vt 0.49849799275398254 0.4815720021724701
vt 0.5018529891967773 0.6248499751091003
vt 0.5018060207366943 0.6184399724006653
vt 0.5017920136451721 0.6167759895324707
vt 0.49849799275398254 0.3607099950313568
vt 0.901390016078949 0.7105159759521484
vt 0.9010379910469055 0.7127659916877747
vt 0.5033990144729614 0.5764380097389221
vt 0.5015619993209839 0.5864570140838623
vt 0.49957698583602905 0.5764690041542053
vt 0.5014690160751343 0.5740650296211243
vt 0.524101972579956 0.6152380108833313
vt 0.5318430066108704 0.6168519854545593
vt 0.5313860177993774 0.6196010112762451
vt 0.47947800159454346 0.6155610084533691
vt 0.4722749888896942 0.6200190186500549
vt 0.471778005361557 0.6172829866409302
vt 0.508355975151062 0.6007689833641052
vt 0.5016729831695557 0.6014320254325867
vt 0.49497899413108826 0.6008700132369995
vt 0.5083150267601013 0.6027539968490601
vt 0.4950520098209381 0.6028550267219543
vt 0.5337759852409363 0.5703849792480469
vt 0.46905800700187683 0.5709159970283508
vt 0.5328789949417114 0.5763400197029114
vt 0.4700759947299957 0.5768610239028931
vt 0.5660139918327332 0.6323729753494263
vt 0.43796399235725403 0.6332079768180847
vt 0.5294910073280334 0.6268500089645386
vt 0.47427400946617126 0.6272259950637817
vt 0.5934849977493286 0.6443870067596436
vt 0.4107910096645355 0.6454340219497681
vt 0.5472720265388489 0.6066539883613586
vt 0.5341209769248962 0.6029419898986816
vt 0.45623400807380676 0.6073470115661621
vt 0.46928301453590393 0.6034380197525024
vt 0.5272769927978516 0.5985999703407288
vt 0.4760429859161377 0.5989969968795776
vt 0.5546309947967529 0.6198620200157166
vt 0.44911399483680725 0.6206110119819641
vt 0.9147319793701172 0.7294830083847046
vt 0.8831430077552795 0.7257320284843445
vt 0.5176730155944824 0.5771579742431641
vt 0.48531100153923035 0.5774170160293579
vt 0.6073650121688843 0.7484549880027771
vt 0.3976680040359497 0.7492780089378357
vt 0.5738400220870972 0.7159649729728699
vt 0.5763949751853943 0.7250149846076965
vt 0.42846301198005676 0.7256420254707336
vt 0.4309459924697876 0.7165820002555847
vt 0.5839419960975647 0.7278159856796265
vt 0.4209429919719696 0.7284939885139465
vt 0.5809940099716187 0.7152799963951111
vt 0.42379501461982727 0.7159519791603088
vt 0.5801780223846436 0.728193998336792
vt 0.42470601201057434 0.72884601354599
vt 0.5701010227203369 0.6992359757423401
vt 0.4345490038394928 0.699849009513855
vt 0.902446985244751 0.7043399810791016
vt 0.901544988155365 0.7095419764518738
vt 0.9369699954986572 0.4604809880256653
vt 0.036132000386714935 0.5157189965248108
vt 0.9393129944801331 0.45543599128723145
vt 0.033326998353004456 0.5101569890975952
vt 0.932778000831604 0.43594399094581604
vt 0.9300130009651184 0.4345870018005371
vt 0.04278299957513809 0.4893760085105896
vt 0.0401029996573925 0.4906899929046631
vt 0.9288390278816223 0.45311298966407776
vt 0.9273480176925659 0.45055198669433594
vt 0.04563400149345398 0.5051720142364502
vt 0.044179998338222504 0.5077810287475586
vt 0.9292759895324707 0.42146000266075134
vt 0.9272739887237549 0.42141199111938477
vt 0.045104000717401505 0.4767810106277466
vt 0.04323999956250191 0.47687599062919617
vt 0.9428399801254272 0.42858999967575073
vt 0.9436900019645691 0.433569997549057
vt 0.030571000650525093 0.48355600237846375
vt 0.029611999168992043 0.4882740080356598
vt 0.9254599809646606 0.4482710063457489
vt 0.9264159798622131 0.44238901138305664
vt 0.046404000371694565 0.49701398611068726
vt 0.04747200012207031 0.5028640031814575
vt 0.8475220203399658 0.12189800292253494
vt 0.09666900336742401 0.15508900582790375
vt 0.8536700010299683 0.122359998524189
vt 0.09050299972295761 0.15713700652122498
vt 0.8327019810676575 0.12939800322055817
vt 0.8222200274467468 0.12998199462890625
vt 0.8266479969024658 0.12428800016641617
vt 0.11378499865531921 0.15824399888515472
vt 0.11821399629116058 0.15120400488376617
vt 0.12459000200033188 0.15548400580883026
vt 0.9111430048942566 0.3943899869918823
vt 0.0589199997484684 0.4488070011138916
vt 0.9191470146179199 0.3983359932899475
vt 0.05099499970674515 0.45377400517463684
vt 0.8974789977073669 0.17674799263477325
vt 0.8968430161476135 0.17968200147151947
vt 0.06447599828243256 0.2299019992351532
vt 0.06289300322532654 0.2271060049533844
vt 0.9067419767379761 0.1931000053882599
vt 0.9044640064239502 0.19588999450206757
vt 0.9021940231323242 0.19300299882888794
vt 0.05866700038313866 0.24694499373435974
vt 0.06329800188541412 0.2453240007162094
vt 0.061935000121593475 0.24904699623584747
vt 0.9035959839820862 0.1908939927816391
vt 0.06115100160241127 0.2436240017414093
vt 0.9009010195732117 0.18627099692821503
vt 0.8975980281829834 0.1895419955253601
vt 0.8973850011825562 0.18568900227546692
vt 0.06241000071167946 0.23796899616718292
vt 0.06584200263023376 0.2362319976091385
vt 0.06687600165605545 0.2402530014514923
vt 0.8999800086021423 0.18353700637817383
vt 0.062483999878168106 0.2348569929599762
vt 0.9008079767227173 0.20789100229740143
vt 0.9031720161437988 0.2099580019712448
vt 0.06810600310564041 0.26304998993873596
vt 0.06977999955415726 0.260113000869751
vt 0.840038001537323 0.1281599998474121
vt 0.10600800067186356 0.15922799706459045
vt 0.8205029964447021 0.2583959996700287
vt 0.1671369969844818 0.28463900089263916
vt 0.5600450038909912 0.219527006149292
vt 0.43695101141929626 0.219527006149292
vt 0.5981550216674805 0.1923159956932068
vt 0.3988400101661682 0.19231699407100677
vt 0.7306789755821228 0.30266299843788147
vt 0.27160000801086426 0.30030301213264465
vt 0.8168460130691528 0.238304004073143
vt 0.16435499489307404 0.26325398683547974
vt 0.8438230156898499 0.25318801403045654
vt 0.14201399683952332 0.28691399097442627
vt 0.8346890211105347 0.2440659999847412
vt 0.1482580006122589 0.2747960090637207
vt 0.579230010509491 0.7350649833679199
vt 0.4257040023803711 0.7357040047645569
vt 0.5832369923591614 0.7366629838943481
vt 0.4217109978199005 0.7373300194740295
vt 0.8860660195350647 0.9137700200080872
vt 0.14847800135612488 0.8717560172080994
vt 0.49849799275398254 0.5601279735565186
vt 0.9507380127906799 0.44304201006889343
vt 0.9496939778327942 0.44673600792884827
vt 0.023243000730872154 0.500855028629303
vt 0.0224239993840456 0.4971669912338257
vt 0.9453150033950806 0.4074009954929352
vt 0.9503539800643921 0.4151639938354492
vt 0.02788499929010868 0.4649829864501953
vt 0.025025999173521996 0.4717960059642792
vt 0.9441059827804565 0.46100300550460815
vt 0.027865000069141388 0.5172719955444336
vt 0.9454140067100525 0.4560920000076294
vt 0.026074999943375587 0.5107269883155823
vt 0.9518560171127319 0.43321698904037476
vt 0.021782999858260155 0.487650990486145
vt 0.9515799880027771 0.4275380074977875
vt 0.02237899973988533 0.48219799995422363
vt 0.8596550226211548 0.12751999497413635
vt 0.08531700074672699 0.16409200429916382
vt 0.8948259949684143 0.15987400710582733
vt 0.8990489840507507 0.1499989926815033
vt 0.060304999351501465 0.20918799936771393
vt 0.05277499929070473 0.20079800486564636
vt 0.9016129970550537 0.1571750044822693
vt 0.05289100110530853 0.20867900550365448
vt 0.5371000170707703 0.6249520182609558
vt 0.46665599942207336 0.625436007976532
vt 0.9450579881668091 0.8149759769439697
vt 0.09190600365400314 0.7444279789924622
vt 0.8794659972190857 0.9174309968948364
vt 0.15585699677467346 0.8772199749946594
vt 0.8082910180091858 0.9569119811058044
vt 0.8030809760093689 0.9495310187339783
vt 0.3044719994068146 0.957830011844635
vt 0.313044011592865 0.9626989960670471
vt 0.8039420247077942 0.9431509971618652
vt 0.2975730001926422 0.9595509767532349
vt 0.9007109999656677 0.7231060266494751
vt 0.8985069990158081 0.7228140234947205
vt 0.501911997795105 0.6333190202713013
vt 0.49849799275398254 0.4967159926891327
vt 0.49849799275398254 0.488662987947464
vt 0.502377986907959 0.7178980112075806
vt 0.5023099780082703 0.7030850052833557
vt 0.5022339820861816 0.6873720288276672
vt 0.49849799275398254 0.3674300014972687
vt 0.9238889813423157 0.4542689919471741
vt 0.04919100180268288 0.5088139772415161
vt 0.9235630035400391 0.4549030065536499
vt 0.049536000937223434 0.5094419717788696
vt 0.9266120195388794 0.4366919994354248
vt 0.04611700028181076 0.49139899015426636
vt 0.9253600239753723 0.437949001789093
vt 0.0473489984869957 0.4926150143146515
vt 0.9103699922561646 0.41920900344848633
vt 0.06140400096774101 0.47392600774765015
vt 0.9185810089111328 0.42406898736953735
vt 0.05356999859213829 0.47904399037361145
vt 0.9187300205230713 0.4212239980697632
vt 0.053300000727176666 0.47629401087760925
vt 0.9191139936447144 0.4568229913711548
vt 0.9147650003433228 0.45302799344062805
vt 0.054023001343011856 0.5112019777297974
vt 0.05819299817085266 0.5072799921035767
vt 0.920960009098053 0.45307299494743347
vt 0.05207100138068199 0.5075370073318481
vt 0.9302440285682678 0.46288999915122986
vt 0.04324299842119217 0.5177239775657654
vt 0.9243659973144531 0.4654029905796051
vt 0.04923500120639801 0.5198559761047363
vt 0.9167450070381165 0.44315099716186523
vt 0.9125919938087463 0.4430750012397766
vt 0.060029998421669006 0.49739301204681396
vt 0.05594500154256821 0.49759000539779663
vt 0.919966995716095 0.43964099884033203
vt 0.05268000066280365 0.4942309856414795
vt 0.9207379817962646 0.4354720115661621
vt 0.05182800069451332 0.49015098810195923
vt 0.9160879850387573 0.38799598813056946
vt 0.05287899821996689 0.44222500920295715
vt 0.923462986946106 0.39107200503349304
vt 0.045145001262426376 0.4467979967594147
vt 0.8846039772033691 0.3027690052986145
vt 0.8927239775657654 0.318462997674942
vt 0.8787739872932434 0.32491400837898254
vt 0.04197800159454346 0.45860499143600464
vt 0.03658900037407875 0.45201998949050903
vt 0.929000973701477 0.40173399448394775
vt 0.9246709942817688 0.4229139983654022
vt 0.04763299971818924 0.47812899947166443
vt 0.9249230027198792 0.4220980107784271
vt 0.047366999089717865 0.4773600101470947
vt 0.9417700171470642 0.40259701013565063
vt 0.9356459975242615 0.4085719883441925
vt 0.030500000342726707 0.4602769911289215
vt 0.03660599887371063 0.4652320146560669
vt 0.8973230123519897 0.33508598804473877
vt 0.9294559955596924 0.41134101152420044
vt 0.9236099720001221 0.4098980128765106
vt 0.047912999987602234 0.46567100286483765
vt 0.04254300147294998 0.467399001121521
vt 0.9022250175476074 0.3700360059738159
vt 0.9056670069694519 0.3780069947242737
vt 0.06515800207853317 0.5757610201835632
vt 0.9153689742088318 0.40988999605178833
vt 0.05593999847769737 0.4650309979915619
vt 0.9192990064620972 0.4321720004081726
vt 0.05313999950885773 0.48692798614501953
vt 0.9190790057182312 0.4260750114917755
vt 0.05315500125288963 0.48099198937416077
vt 0.9097579717636108 0.4516730010509491
vt 0.06308300048112869 0.5057719945907593
vt 0.9094600081443787 0.4127010107040405
vt 0.061962999403476715 0.4674380123615265
vt 0.8954949975013733 0.3016499876976013
vt 0.04056499898433685 0.4426870048046112
vt 0.8999760150909424 0.3178830146789551
vt 0.032666999846696854 0.44960299134254456
vt 0.9249429702758789 0.4898169934749603
vt 0.921779990196228 0.49365898966789246
vt 0.05003900080919266 0.5432350039482117
vt 0.053112998604774475 0.5467749834060669
vt 0.8788909912109375 0.28621599078178406
vt 0.8787739872932434 0.26510700583457947
vt 0.8904119729995728 0.27293500304222107
vt 0.05372399836778641 0.43329599499702454
vt 0.060485001653432846 0.4351330101490021
vt 0.8909389972686768 0.28748899698257446
vt 0.0478300005197525 0.4382629990577698
vt 0.9908679723739624 0.2751930058002472
vt 0.9938009977340698 0.27970701456069946
vt 0.9913319945335388 0.2806589901447296
vt 0.034449998289346695 0.37448400259017944
vt 0.037473998963832855 0.37868601083755493
vt 0.0351330004632473 0.3795410096645355
vt 0.9863700270652771 0.2769469916820526
vt 0.038770001381635666 0.37300100922584534
vt 0.9324790239334106 0.3567050099372864
vt 0.9264860153198242 0.35049399733543396
vt 0.9312930107116699 0.3416390120983124
vt 0.12493699789047241 0.40046998858451843
vt 0.11729899793863297 0.3884719908237457
vt 0.1259309947490692 0.3924509882926941
vt 0.9378049969673157 0.3488509953022003
vt 0.11651500314474106 0.3976059854030609
vt 0.9598000049591064 0.3454279899597168
vt 0.9597100019454956 0.3531309962272644
vt 0.9550060033798218 0.34555500745773315
vt 0.09821700304746628 0.40760698914527893
vt 0.10182899981737137 0.4049699902534485
vt 0.10266199707984924 0.4132530093193054
vt 0.954928994178772 0.33791300654411316
vt 0.09748800098896027 0.3992759883403778
vt 0.9579700231552124 0.35900700092315674
vt 0.9420819878578186 0.36059701442718506
vt 0.9446600079536438 0.35194000601768494
vt 0.1072859987616539 0.4166190028190613
vt 0.11315499991178513 0.4038110077381134
vt 0.11998099833726883 0.40879300236701965
vt 0.9524149894714355 0.34979501366615295
vt 0.1061680018901825 0.40663400292396545
vt 0.9548379778862 0.4397200047969818
vt 0.9529640078544617 0.44145798683166504
vt 0.08983299881219864 0.4020940065383911
vt 0.0909930020570755 0.4132240116596222
vt 0.08775000274181366 0.4090059995651245
vt 0.0947910025715828 0.40830400586128235
vt 0.9836440086364746 0.32329899072647095
vt 0.9803850054740906 0.3127020001411438
vt 0.9862380027770996 0.31674399971961975
vt 0.06786099821329117 0.4049780070781708
vt 0.062066998332738876 0.4018070101737976
vt 0.06404600292444229 0.3953549861907959
vt 0.9496899843215942 0.4511899948120117
vt 0.06549999862909317 0.41241300106048584
vt 0.9745169878005981 0.3385069966316223
vt 0.9812449812889099 0.33178600668907166
vt 0.9850410223007202 0.3378320038318634
vt 0.08321599662303925 0.41085198521614075
vt 0.07513099908828735 0.4166190028190613
vt 0.07443899661302567 0.40984100103378296
vt 0.9761760234832764 0.34457001090049744
vt 0.0858360007405281 0.41621100902557373
vt 0.9472659826278687 0.45663899183273315
vt 0.9462199807167053 0.4624679982662201
vt 0.05279500037431717 0.40072301030158997
vt 0.04173000156879425 0.3992229998111725
vt 0.04331500083208084 0.3943699896335602
vt 0.05143100023269653 0.4049749970436096
vt 0.9179630279541016 0.5085650086402893
vt 0.9169049859046936 0.517611026763916
vt 0.05702599883079529 0.5609070062637329
vt 0.05825800076127052 0.5695350170135498
vt 0.910722017288208 0.37063199281692505
vt 0.9112619757652283 0.37617599964141846
vt 0.05907899886369705 0.5752869844436646
vt 0.9192219972610474 0.5003169775009155
vt 0.05567200109362602 0.5530480146408081
vt 0.9158499836921692 0.3526490032672882
vt 0.9025179743766785 0.3436239957809448
vt 0.9083150029182434 0.3403390049934387
vt 0.023809000849723816 0.4643380045890808
vt 0.9189879894256592 0.34689998626708984
vt 0.021757999435067177 0.4721269905567169
vt 0.9631270170211792 0.3351899981498718
vt 0.9631720185279846 0.3437590003013611
vt 0.9296290278434753 0.4862399995326996
vt 0.045552998781204224 0.5400810241699219
vt 0.9038400053977966 0.33416199684143066
vt 0.026347000151872635 0.45933300256729126
vt 0.9091050028800964 0.38203999400138855
vt 0.05802199989557266 0.42841100692749023
vt 0.06435400247573853 0.4305950105190277
vt 0.8926860094070435 0.25996100902557373
vt 0.937932014465332 0.4793410003185272
vt 0.03750099986791611 0.5342170000076294
vt 0.9692000150680542 0.3402169942855835
vt 0.9903560280799866 0.3282809853553772
vt 0.9233729839324951 0.3487280011177063
vt 0.921422004699707 0.3557269871234894
vt 0.9440119862556458 0.4672990143299103
vt 0.9480969905853271 0.46414700150489807
vt 0.03729499876499176 0.38716599345207214
vt 0.044815998524427414 0.3904620110988617
vt 0.945173978805542 0.4683069884777069
vt 0.03916100040078163 0.38534700870513916
vt 0.9223960041999817 0.2718150019645691
vt 0.9136649966239929 0.2741039991378784
vt 0.9086269736289978 0.2721399962902069
vt 0.08263099938631058 0.33073899149894714
vt 0.09306500107049942 0.3225190043449402
vt 0.09052000194787979 0.3270860016345978
vt 0.9185259938240051 0.268655002117157
vt 0.08356299996376038 0.32602500915527344
vt 0.9046949744224548 0.27882200479507446
vt 0.1001640036702156 0.3250649869441986
vt 0.9011809825897217 0.27954399585723877
vt 0.10327000170946121 0.32340699434280396
vt 0.901524007320404 0.28782299160957336
vt 0.1081710010766983 0.3299570083618164
vt 0.8984770178794861 0.2897210121154785
vt 0.1117049977183342 0.3295310139656067
vt 0.9019309878349304 0.29464399814605713
vt 0.11202199757099152 0.33547601103782654
vt 0.9005110263824463 0.29700198769569397
vt 0.114546999335289 0.33644500374794006
vt 0.9062290191650391 0.30070599913597107
vt 0.11235900223255157 0.3427340090274811
vt 0.9043189883232117 0.30553099513053894
vt 0.11669500172138214 0.34530898928642273
vt 0.9123110175132751 0.30503299832344055
vt 0.11028999835252762 0.34965598583221436
vt 0.9120889902114868 0.3076319992542267
vt 0.11199899762868881 0.351502001285553
vt 0.9202430248260498 0.3059990108013153
vt 0.10485000163316727 0.355089008808136
vt 0.9195600152015686 0.30839499831199646
vt 0.10678499937057495 0.35649800300598145
vt 0.9283990263938904 0.31272000074386597
vt 0.10267399996519089 0.3649739921092987
vt 0.9278590083122253 0.3152259886264801
vt 0.10455600172281265 0.3665409982204437
vt 0.938513994216919 0.3172920048236847
vt 0.09776300191879272 0.374345988035202
vt 0.9384480118751526 0.32037800550460815
vt 0.0996209979057312 0.37661799788475037
vt 0.9455029964447021 0.31618499755859375
vt 0.9452639818191528 0.319225013256073
vt 0.09384799748659134 0.3797380030155182
vt 0.0918940007686615 0.3776099979877472
vt 0.9509400129318237 0.31295499205589294
vt 0.9570419788360596 0.3119089901447296
vt 0.9570819735527039 0.31599798798561096
vt 0.08595599979162216 0.378385990858078
vt 0.08317700028419495 0.3842340111732483
vt 0.08081699907779694 0.381181001663208
vt 0.9511849880218506 0.31762900948524475
vt 0.08850499987602234 0.3820050060749054
vt 0.9637370109558105 0.3089820146560669
vt 0.9615380167961121 0.30636799335479736
vt 0.9666360020637512 0.2991830110549927
vt 0.07416000217199326 0.3829230070114136
vt 0.06628499925136566 0.37741199135780334
vt 0.07425200194120407 0.37971198558807373
vt 0.969419002532959 0.2984519898891449
vt 0.06381600350141525 0.3785080015659332
vt 0.967993974685669 0.28806400299072266
vt 0.05872900038957596 0.37007901072502136
vt 0.9704189896583557 0.2865540087223053
vt 0.056067999452352524 0.3704180121421814
vt 0.9728279709815979 0.2812039852142334
vt 0.05113200098276138 0.36795300245285034
vt 0.974789023399353 0.2807669937610626
vt 0.04944499954581261 0.368804007768631
vt 0.975346028804779 0.2739189863204956
vt 0.04493999853730202 0.3641600012779236
vt 0.977603018283844 0.2730740010738373
vt 0.0427899993956089 0.36490100622177124
vt 0.9748610258102417 0.26725301146507263
vt 0.04128500074148178 0.35901200771331787
vt 0.9754670262336731 0.2645600140094757
vt 0.03922099992632866 0.3574120104312897
vt 0.9697859883308411 0.26134198904037476
vt 0.04143200069665909 0.3516409993171692
vt 0.9691169857978821 0.2575420141220093
vt 0.03963200002908707 0.34845998883247375
vt 0.9619190096855164 0.2568419873714447
vt 0.04447599872946739 0.3436090052127838
vt 0.9603660106658936 0.2522430121898651
vt 0.04283899813890457 0.33930501341819763
vt 0.9521970152854919 0.2589449882507324
vt 0.05286899954080582 0.33928999304771423
vt 0.948818027973175 0.2537730038166046
vt 0.052225999534130096 0.33345699310302734
vt 0.9412959814071655 0.26335498690605164
vt 0.9389209747314453 0.2581399977207184
vt 0.06353999674320221 0.3359540104866028
vt 0.06213099882006645 0.3306809961795807
vt 0.9301319718360901 0.26449498534202576
vt 0.9269639849662781 0.2610439956188202
vt 0.07269100099802017 0.3255630135536194
vt 0.07244999706745148 0.33003100752830505
vt 0.9806820154190063 0.27691400051116943
vt 0.9812890291213989 0.27867400646209717
vt 0.9775140285491943 0.28162598609924316
vt 0.04286399856209755 0.3695409893989563
vt 0.04797999933362007 0.371055006980896
vt 0.04348300024867058 0.37117999792099
vt 0.9764209985733032 0.2809709906578064
vt 0.048381999135017395 0.36992698907852173
vt 0.9751660227775574 0.2875730097293854
vt 0.05321799963712692 0.37397000193595886
vt 0.9737319946289062 0.28809401392936707
vt 0.05456700176000595 0.3734999895095825
vt 0.9768199920654297 0.2968460023403168
vt 0.057468999177217484 0.3816719949245453
vt 0.9755610227584839 0.29925400018692017
vt 0.059794001281261444 0.38268598914146423
vt 0.9831550121307373 0.3034000098705292
vt 0.05666299909353256 0.3900949954986572
vt 0.9832580089569092 0.30657100677490234
vt 0.05841600149869919 0.39246898889541626
vt 0.9885029792785645 0.30247700214385986
vt 0.05227699875831604 0.3924649953842163
vt 0.990867018699646 0.30464300513267517
vt 0.05182100087404251 0.39534100890159607
vt 0.991657018661499 0.2968370020389557
vt 0.04677800089120865 0.39022600650787354
vt 0.9935200214385986 0.29568201303482056
vt 0.9916769862174988 0.2901880145072937
vt 0.04295799881219864 0.38555100560188293
vt 0.9947469830513 0.2873170077800751
vt 0.9898369908332825 0.2832129895687103
vt 0.04009399935603142 0.37957701086997986
vt 0.9858689904212952 0.27885299921035767
vt 0.04028800129890442 0.3740699887275696
vt 0.9660750031471252 0.31140199303627014
vt 0.9668189883232117 0.31255000829696655
vt 0.9620739817619324 0.3160879909992218
vt 0.07384300231933594 0.3860729932785034
vt 0.07952900230884552 0.3872089982032776
vt 0.07396200299263 0.38735300302505493
vt 0.9608650207519531 0.3159489929676056
vt 0.08034399896860123 0.3864020109176636
vt 0.9609419703483582 0.3239539861679077
vt 0.08493799716234207 0.3923810124397278
vt 0.9591699838638306 0.32414400577545166
vt 0.08636199682950974 0.3914940059185028
vt 0.9646530151367188 0.3297030031681061
vt 0.9637590050697327 0.331277996301651
vt 0.0870949998497963 0.39946699142456055
vt 0.08551199734210968 0.3988029956817627
vt 0.9696279764175415 0.33366599678993225
vt 0.08401399850845337 0.4045810103416443
vt 0.9703770279884338 0.336683988571167
vt 0.08512400090694427 0.4072059988975525
vt 0.9742929935455322 0.33395299315452576
vt 0.08076100051403046 0.40743300318717957
vt 0.9769740104675293 0.33432498574256897
vt 0.07902500033378601 0.4092249870300293
vt 0.9779970049858093 0.3308750092983246
vt 0.07629799842834473 0.4072990119457245
vt 0.9798370003700256 0.33093199133872986
vt 0.07498200237751007 0.4083999991416931
vt 0.9794600009918213 0.32387399673461914
vt 0.07122799754142761 0.4030030071735382
vt 0.9813849925994873 0.3244659900665283
vt 0.0701650008559227 0.4045409858226776
vt 0.9765409827232361 0.31581899523735046
vt 0.9777500033378601 0.3155460059642792
vt 0.06764599680900574 0.39591100811958313
vt 0.06869299709796906 0.39541101455688477
vt 0.972108006477356 0.3117640018463135
vt 0.06960300356149673 0.38985100388526917
vt 0.9721869826316833 0.3107680082321167
vt 0.06896600127220154 0.38916298747062683
vt 0.9376969933509827 0.3250980079174042
vt 0.9389700293540955 0.3261989951133728
vt 0.9342899918556213 0.32936400175094604
vt 0.10293400287628174 0.37972599267959595
vt 0.10797400027513504 0.38095200061798096
vt 0.1026189997792244 0.3812919855117798
vt 0.9311000108718872 0.3281190097332001
vt 0.10965999960899353 0.37815800309181213
vt 0.9338390231132507 0.3367300033569336
vt 0.11256100237369537 0.3862389922142029
vt 0.9376479983329773 0.34488800168037415
vt 0.11437500268220901 0.3945479989051819
vt 0.942924976348877 0.3487800061702728
vt 0.11264999955892563 0.40046900510787964
vt 0.9503189921379089 0.34751200675964355
vt 0.10642100125551224 0.40374401211738586
vt 0.9528260231018066 0.342848002910614
vt 0.10188999772071838 0.40171998739242554
vt 0.9527860283851624 0.3364349901676178
vt 0.9503419995307922 0.3300740122795105
vt 0.09636399894952774 0.39078599214553833
vt 0.09822700172662735 0.3969370126724243
vt 0.9503560066223145 0.3277370035648346
vt 0.09499900043010712 0.38905200362205505
vt 0.9451360106468201 0.32585200667381287
vt 0.09780099987983704 0.3846139907836914
vt 0.9436140060424805 0.32378000020980835
vt 0.0977339968085289 0.38218000531196594
vt 0.9087790250778198 0.3120869994163513
vt 0.9094759821891785 0.31293898820877075
vt 0.9066029787063599 0.31814900040626526
vt 0.11714000254869461 0.35294800996780396
vt 0.12234299629926682 0.35628101229667664
vt 0.11711099743843079 0.35400500893592834
vt 0.905771017074585 0.3189769983291626
vt 0.1234619989991188 0.3564240038394928
vt 0.9076589941978455 0.3262909948825836
vt 0.12633399665355682 0.3629870116710663
vt 0.9074370265007019 0.32934701442718506
vt 0.1283150017261505 0.3651530146598816
vt 0.9117079973220825 0.33417901396751404
vt 0.1279439926147461 0.3713879883289337
vt 0.912168025970459 0.3379330039024353
vt 0.1298609972000122 0.3745400011539459
vt 0.9174110293388367 0.3366039991378784
vt 0.12500399351119995 0.3766140043735504
vt 0.9177370071411133 0.3393779993057251
vt 0.12636999785900116 0.3789350092411041
vt 0.923354983329773 0.32780298590660095
vt 0.922353982925415 0.32825198769569397
vt 0.9211320281028748 0.32090499997138977
vt 0.11532799899578094 0.3733919858932495
vt 0.11296799778938293 0.3668699860572815
vt 0.11635000258684158 0.3731450140476227
vt 0.9224669933319092 0.31989601254463196
vt 0.11136700212955475 0.366892009973526
vt 0.9180709719657898 0.3151710033416748
vt 0.11191000044345856 0.36074098944664
vt 0.9182950258255005 0.3134469985961914
vt 0.11072500050067902 0.3595699965953827
vt 0.9136840105056763 0.31209999322891235
vt 0.11342400312423706 0.35583698749542236
vt 0.9131379723548889 0.31075599789619446
vt 0.11304499953985214 0.3544960021972656
vt 0.9367759823799133 0.3306330144405365
vt 0.1068359985947609 0.3833470046520233
vt 0.9411910176277161 0.3290500044822693
vt 0.10260900110006332 0.38471800088882446
vt 0.9366520047187805 0.3361630141735077
vt 0.11011999845504761 0.38743001222610474
vt 0.9383469820022583 0.3413409888744354
vt 0.1118210032582283 0.39229100942611694
vt 0.9418659806251526 0.3451690077781677
vt 0.11138000339269638 0.39716899394989014
vt 0.9475430250167847 0.3445209860801697
vt 0.10677500069141388 0.39993301033973694
vt 0.9501919746398926 0.34182900190353394
vt 0.10326000303030014 0.39945098757743835
vt 0.9487320184707642 0.33244699239730835
vt 0.09893900156021118 0.39162400364875793
vt 0.9510310292243958 0.33787301182746887
vt 0.10036099702119827 0.3969930112361908
vt 0.9451670050621033 0.32997000217437744
vt 0.10016699880361557 0.38771000504493713
vt 0.9083459973335266 0.31874600052833557
vt 0.12137600034475327 0.3577460050582886
vt 0.9113730192184448 0.31621500849723816
vt 0.11759500205516815 0.35760000348091125
vt 0.9093009829521179 0.3244819939136505
vt 0.12402600049972534 0.3625980019569397
vt 0.9123089909553528 0.3300260007381439
vt 0.12501700222492218 0.36858299374580383
vt 0.9150879979133606 0.33251601457595825
vt 0.12437500059604645 0.3721199929714203
vt 0.9185659885406494 0.3314239978790283
vt 0.9213749766349792 0.3343760073184967
vt 0.12108200043439865 0.37333500385284424
vt 0.12067099660634995 0.37722399830818176
vt 0.9200959801673889 0.32736799120903015
vt 0.11754299700260162 0.37115299701690674
vt 0.9196040034294128 0.32237398624420166
vt 0.11498700082302094 0.36708399653434753
vt 0.9170460104942322 0.3183229863643646
vt 0.1145389974117279 0.3625209927558899
vt 0.9146270155906677 0.31599199771881104
vt 0.11499900370836258 0.35933899879455566
vt 0.9645029902458191 0.3176110088825226
vt 0.07861500233411789 0.3897469937801361
vt 0.9680749773979187 0.3153049945831299
vt 0.07463599741458893 0.39011698961257935
vt 0.9634910225868225 0.32275599241256714
vt 0.0823500007390976 0.3929699957370758
vt 0.965686023235321 0.32822099328041077
vt 0.08388300240039825 0.39829200506210327
vt 0.9694030284881592 0.33107298612594604
vt 0.08272500336170197 0.4025369882583618
vt 0.9722710251808167 0.3315039873123169
vt 0.08085300028324127 0.4044860005378723
vt 0.9753010272979736 0.32950499653816223
vt 0.07749199867248535 0.4047499895095825
vt 0.9766970276832581 0.32468000054359436
vt 0.07371000200510025 0.40200600028038025
vt 0.9753490090370178 0.3188660144805908
vt 0.07133899629116058 0.39695900678634644
vt 0.9716989994049072 0.3159340023994446
vt 0.07232700288295746 0.3926849961280823
vt 0.9796450138092041 0.28488901257514954
vt 0.04838100075721741 0.3746829926967621
vt 0.9823349714279175 0.28309398889541626
vt 0.04537700116634369 0.3749929964542389
vt 0.9780830144882202 0.288673996925354
vt 0.05175400152802467 0.3764890134334564
vt 0.978568971157074 0.29556599259376526
vt 0.05545099824666977 0.3817659914493561
vt 0.9828609824180603 0.29986900091171265
vt 0.05483800172805786 0.38736701011657715
vt 0.9870830178260803 0.3001840114593506
vt 0.05198200047016144 0.3900110125541687
vt 0.9891380071640015 0.2962619960308075
vt 0.048243001103401184 0.38837799429893494
vt 0.9895390272140503 0.2916960120201111
vt 0.04533100128173828 0.38537299633026123
vt 0.987546980381012 0.2873530089855194
vt 0.044186998158693314 0.38113901019096375
vt 0.98505699634552 0.28414401412010193
vt 0.04405299946665764 0.37737199664115906
vt 0.9268440008163452 0.28009599447250366
vt 0.9198750257492065 0.2806119918823242
vt 0.08986499905586243 0.335750013589859
vt 0.0843529999256134 0.3395940065383911
vt 0.9120950102806091 0.28332799673080444
vt 0.0973609983921051 0.33303898572921753
vt 0.9086440205574036 0.28727400302886963
vt 0.10238999873399734 0.3339110016822815
vt 0.9092069864273071 0.2927820086479187
vt 0.10531599819660187 0.338452011346817
vt 0.9134740233421326 0.29688501358032227
vt 0.10453999787569046 0.34414899349212646
vt 0.9199900031089783 0.2999719977378845
vt 0.10145500302314758 0.350383996963501
vt 0.9254019856452942 0.30038100481033325
vt 0.09761899709701538 0.35391899943351746
vt 0.9309830069541931 0.3059130012989044
vt 0.09670999646186829 0.3613860011100769
vt 0.9377110004425049 0.30982300639152527
vt 0.09397800266742706 0.36828601360321045
vt 0.943477988243103 0.3090530037879944
vt 0.08921799808740616 0.37110498547554016
vt 0.9489489793777466 0.3086079955101013
vt 0.952908992767334 0.30535900592803955
vt 0.08003699779510498 0.3739039897918701
vt 0.08488400280475616 0.373989999294281
vt 0.9569470286369324 0.3024289906024933
vt 0.960785984992981 0.29617801308631897
vt 0.0688140019774437 0.37176400423049927
vt 0.07532600313425064 0.374112993478775
vt 0.9600859880447388 0.28699201345443726
vt 0.06388899683952332 0.3646030128002167
vt 0.9656270146369934 0.2817330062389374
vt 0.056699998676776886 0.36404699087142944
vt 0.9676870107650757 0.2761310040950775
vt 0.05184900015592575 0.3611840009689331
vt 0.9672309756278992 0.27063900232315063
vt 0.048889998346567154 0.3568989932537079
vt 0.9634810090065002 0.2661310136318207
vt 0.0489250011742115 0.35135000944137573
vt 0.9580169916152954 0.2648890018463135
vt 0.052181001752614975 0.34715500473976135
vt 0.9524319767951965 0.26589399576187134
vt 0.05688299983739853 0.34453099966049194
vt 0.9442059993743896 0.27293500304222107
vt 0.06717299669981003 0.3447610139846802
vt 0.9328609704971313 0.2707509994506836
vt 0.07423099875450134 0.33630499243736267
vt 0.9434030055999756 0.3367159962654114
vt 0.10538200289011002 0.3917340040206909
vt 0.9700070023536682 0.3237319886684418
vt 0.07808999717235565 0.39745599031448364
vt 0.9142000079154968 0.3235990107059479
vt 0.11979900300502777 0.36483100056648254
vt 0.9845849871635437 0.2918410003185272
vt 0.04894400015473366 0.38258999586105347
vt 0.9088249802589417 0.3877600133419037
vt 0.9076529741287231 0.3853519856929779
vt 0.06220100075006485 0.43879398703575134
vt 0.06098400056362152 0.44149500131607056
vt 0.9078220129013062 0.38253098726272583
vt 0.06194299831986427 0.4356670081615448
vt 0.9048330187797546 0.38022398948669434
vt 0.06525900214910507 0.43308499455451965
vt 0.900708019733429 0.3801569938659668
vt 0.06978499889373779 0.4330750107765198
vt 0.07227300107479095 0.4323279857635498
vt 0.8979300260543823 0.38238000869750977
vt 0.07275500148534775 0.43550199270248413
vt 0.8967660069465637 0.3835040032863617
vt 0.07398200035095215 0.4367170035839081
vt 0.8980950117111206 0.3851329982280731
vt 0.07255999743938446 0.43844398856163025
vt 0.8977519869804382 0.38659799098968506
vt 0.07292299717664719 0.44000300765037537
vt 0.9010339975357056 0.38652199506759644
vt 0.9011579751968384 0.38902801275253296
vt 0.06942299753427505 0.4399459958076477
vt 0.06932500004768372 0.44262999296188354
vt 0.9048569798469543 0.38710498809814453
vt 0.06530400365591049 0.44064098596572876
vt 0.9055870175361633 0.3890889883041382
vt 0.06456699967384338 0.4428110122680664
vt 0.9019479751586914 0.38137900829315186
vt 0.06842400133609772 0.43438899517059326
vt 0.904263973236084 0.38092800974845886
vt 0.06588499993085861 0.43386998772621155
vt 0.8997640013694763 0.38185998797416687
vt 0.07078699767589569 0.43492400646209717
vt 0.8995749950408936 0.38412800431251526
vt 0.07097899913787842 0.4373689889907837
vt 0.9020040035247803 0.38543298840522766
vt 0.06836599856615067 0.43878498673439026
vt 0.9040060043334961 0.3856140077114105
vt 0.06620000302791595 0.4390070140361786
vt 0.906063973903656 0.3850170075893402
vt 0.06394200026988983 0.4383910000324249
vt 0.9033169746398926 0.38345301151275635
vt 0.06692499667406082 0.4366439878940582
vt 0.9063029885292053 0.3821749985218048
vt 0.06363199651241302 0.43525901436805725
vt 0.9423249959945679 0.4715690016746521
vt 0.9375410079956055 0.4741170108318329
vt 0.03735800087451935 0.5293949842453003
vt 0.1272139996290207 0.3523179888725281
vt 0.12123899906873703 0.3370549976825714
vt 0.11625099927186966 0.32304099202156067
vt 0.9721609950065613 0.30671700835227966
vt 0.06663099676370621 0.3861669898033142
vt 0.9880620241165161 0.31245800852775574
vt 0.05815400183200836 0.39965999126434326
vt 0.9494190216064453 0.45871099829673767
vt 0.957273006439209 0.3262929916381836
vt 0.0890209972858429 0.3919900059700012
vt 0.10719999670982361 0.3115150034427643
vt 0.09708400070667267 0.30362099409103394
vt 0.9410290122032166 0.47429099678993225
vt 0.034189000725746155 0.5299580097198486
vt 0.032614998519420624 0.5276989936828613
vt 0.0262449998408556 0.5199000239372253
vt 0.030081000179052353 0.5240830183029175
vt 0.05531800165772438 0.40459299087524414
vt 0.9836249947547913 0.26743099093437195
vt 0.03499399870634079 0.3644329905509949
vt 0.97079998254776 0.2517159879207611
vt 0.034887999296188354 0.34521400928497314
vt 0.9625049829483032 0.24348899722099304
vt 0.03598799929022789 0.3341909945011139
vt 0.9538660049438477 0.2381020039319992
vt 0.03905700147151947 0.32503101229667664
vt 0.9386339783668518 0.23727600276470184
vt 0.049695998430252075 0.3152109980583191
vt 0.9034119844436646 0.25200700759887695
vt 0.08439599722623825 0.3045009970664978
vt 0.9227160215377808 0.3365330100059509
vt 0.12091100215911865 0.3796460032463074
vt 0.12730300426483154 0.3893589973449707
vt 0.1296900063753128 0.38551801443099976
vt 0.1343500018119812 0.374099999666214
vt 0.1338530033826828 0.36657899618148804
vt 0.8801720142364502 0.08100499957799911
vt 0.8793849945068359 0.09276700019836426
vt 0.8752070069313049 0.09382399916648865
vt 0.09981399774551392 0.02638000063598156
vt 0.11204399913549423 0.02197599969804287
vt 0.11092899739742279 0.025909999385476112
vt 0.9199299812316895 0.19934700429439545
vt 0.9171580076217651 0.1956470012664795
vt 0.9186779856681824 0.19457599520683289
vt 0.09971100091934204 0.021469000726938248
vt 0.881758987903595 0.10414300113916397
vt 0.12155699729919434 0.02848000079393387
vt 0.9238659739494324 0.20129099488258362
vt 0.9243299961090088 0.2024720013141632
vt 0.12486399710178375 0.028039999306201935
vt 0.9279789924621582 0.202005997300148
vt 0.12831400334835052 0.03713399916887283
vt 0.838250994682312 0.11724700033664703
vt 0.8383749723434448 0.11822900176048279
vt 0.8342729806900024 0.1180180013179779
vt 0.13048000633716583 0.036184001713991165
vt 0.8424440026283264 0.11602599918842316
vt 0.1307770013809204 0.04714199900627136
vt 0.8428059816360474 0.11714299768209457
vt 0.13351599872112274 0.04659999907016754
vt 0.9008790254592896 0.11717899888753891
vt 0.9013829827308655 0.11428199708461761
vt 0.9106050133705139 0.11290600150823593
vt 0.12953899800777435 0.05599600076675415
vt 0.9117259979248047 0.11557000130414963
vt 0.13214899599552155 0.05711499974131584
vt 0.917110025882721 0.10710400342941284
vt 0.1237419992685318 0.06221900135278702
vt 0.9188050031661987 0.10816100239753723
vt 0.12472599744796753 0.06389900296926498
vt 0.9218400120735168 0.09786500036716461
vt 0.11466100066900253 0.06650199741125107
vt 0.9227460026741028 0.09866700321435928
vt 0.1154009997844696 0.06740199774503708
vt 0.9328089952468872 0.09130199998617172
vt 0.10795699805021286 0.07679799944162369
vt 0.9345960021018982 0.09270299971103668
vt 0.10923399776220322 0.07856299728155136
vt 0.9424639940261841 0.08205600082874298
vt 0.09875299781560898 0.08569800108671188
vt 0.9437249898910522 0.08308999985456467
vt 0.09969799965620041 0.08694099634885788
vt 0.9437559843063354 0.07347399741411209
vt 0.9458360075950623 0.07521600276231766
vt 0.09209100157022476 0.08868499845266342
vt 0.09049499779939651 0.08663299679756165
vt 0.9428210258483887 0.06674300134181976
vt 0.9423819780349731 0.059491001069545746
vt 0.945497989654541 0.06098499894142151
vt 0.08407600224018097 0.08550400286912918
vt 0.07845199853181839 0.08787400275468826
vt 0.07712899893522263 0.08482500165700912
vt 0.9454939961433411 0.06795000284910202
vt 0.08514100313186646 0.08810900151729584
vt 0.9406669735908508 0.05238499864935875
vt 0.9381170272827148 0.05192999914288521
vt 0.9309579730033875 0.043140001595020294
vt 0.07034700363874435 0.08291400223970413
vt 0.06182900071144104 0.07317999750375748
vt 0.0700099989771843 0.08043800294399261
vt 0.9315630197525024 0.04146299883723259
vt 0.06018500030040741 0.07368999719619751
vt 0.9200419783592224 0.03725399821996689
vt 0.056703999638557434 0.06237500160932541
vt 0.9193739891052246 0.034742001444101334
vt 0.05432400107383728 0.06158899888396263
vt 0.9132720232009888 0.0293550007045269
vt 0.04952999949455261 0.05543399974703789
vt 0.9120830297470093 0.02628999948501587
vt 0.04667599871754646 0.05411500111222267
vt 0.9055539965629578 0.024454999715089798
vt 0.045354001224040985 0.047798000276088715
vt 0.9030969738960266 0.020394999533891678
vt 0.04168599843978882 0.04521600157022476
vt 0.8965849876403809 0.021981000900268555
vt 0.04360999912023544 0.03920400142669678
vt 0.8934959769248962 0.018396999686956406
vt 0.040470998734235764 0.03610999882221222
vt 0.8868899941444397 0.02274099923670292
vt 0.044853001832962036 0.030215999111533165
vt 0.9031640291213989 0.17933300137519836
vt 0.9014310240745544 0.17982399463653564
vt 0.9027720093727112 0.17642700672149658
vt 0.041593000292778015 0.02695300057530403
vt 0.9035919904708862 0.18258799612522125
vt 0.049995001405477524 0.023541999980807304
vt 0.9023159742355347 0.18356500566005707
vt 0.048434000462293625 0.019565999507904053
vt 0.9066240191459656 0.1858689934015274
vt 0.06145299971103668 0.020545000210404396
vt 0.9057279825210571 0.1869020015001297
vt 0.06110600009560585 0.016844000667333603
vt 0.9114959836006165 0.18776200711727142
vt 0.9100890159606934 0.18888700008392334
vt 0.07474999874830246 0.024522999301552773
vt 0.07379200309515 0.019902000203728676
vt 0.8791400194168091 0.054249998182058334
vt 0.8799840211868286 0.06849800050258636
vt 0.8734899759292603 0.06690999865531921
vt 0.08677499741315842 0.019548999145627022
vt 0.0880580022931099 0.025748999789357185
vt 0.9136130213737488 0.1922769993543625
vt 0.916038990020752 0.022342000156641006
vt 0.918690025806427 0.02303900010883808
vt 0.9202190041542053 0.028651999309659004
vt 0.04264700040221214 0.05760800093412399
vt 0.04841500148177147 0.062043000012636185
vt 0.0431240014731884 0.06019200012087822
vt 0.9190999865531921 0.029174000024795532
vt 0.04898500069975853 0.061000000685453415
vt 0.9254029989242554 0.034077998250722885
vt 0.053360000252723694 0.06735599786043167
vt 0.9259769916534424 0.035200998187065125
vt 0.054416000843048096 0.0679749995470047
vt 0.9352869987487793 0.03613999858498573
vt 0.05486699938774109 0.07705099880695343
vt 0.9380999803543091 0.03793799877166748
vt 0.056485000997781754 0.0798719972372055
vt 0.9465479850769043 0.03181900084018707
vt 0.05022300034761429 0.08789899945259094
vt 0.9503189921379089 0.03167400136590004
vt 0.04995900020003319 0.09157299995422363
vt 0.948593020439148 0.02363000065088272
vt 0.0420599989593029 0.08972900360822678
vt 0.9504280090332031 0.019154999405145645
vt 0.037501998245716095 0.09149999916553497
vt 0.9435269832611084 0.015761999413371086
vt 0.034311000257730484 0.08436399698257446
vt 0.9430990219116211 0.01156300026923418
vt 0.030087999999523163 0.08376999944448471
vt 0.9360920190811157 0.013435999862849712
vt 0.03226400166749954 0.07666599750518799
vt 0.9358260035514832 0.009109999984502792
vt 0.05088600143790245 0.21197600662708282
vt 0.05180099979043007 0.209197998046875
vt 0.05251400172710419 0.21199500560760498
vt 0.9274510145187378 0.014495999552309513
vt 0.051072001457214355 0.21551600098609924
vt 0.9246320128440857 0.01102800015360117
vt 0.05269400030374527 0.2162330001592636
vt 0.9207389950752258 0.01769999973475933
vt 0.031160999089479446 0.06472399830818176
vt 0.03784700110554695 0.061732999980449677
vt 0.03398999944329262 0.06796900182962418
vt 0.9180819988250732 0.015500999987125397
vt 0.035985998809337616 0.05901699885725975
vt 0.9438679814338684 0.052299000322818756
vt 0.9452369809150696 0.05191199854016304
vt 0.9476730227470398 0.05769500136375427
vt 0.07015000283718109 0.08599500358104706
vt 0.0752130001783371 0.08985300362110138
vt 0.06972599774599075 0.08730199933052063
vt 0.9467949867248535 0.05862399935722351
vt 0.07613600045442581 0.08904000371694565
vt 0.9537019729614258 0.0617079995572567
vt 0.07887700200080872 0.0957849994301796
vt 0.9528970122337341 0.06357400119304657
vt 0.0806960016489029 0.0950699970126152
vt 0.9611660242080688 0.061847999691963196
vt 0.961342990398407 0.0654049962759018
vt 0.08220600336790085 0.10323400050401688
vt 0.0787929967045784 0.10296899825334549
vt 0.9697329998016357 0.0620729997754097
vt 0.9671459794044495 0.05945900082588196
vt 0.9739990234375 0.05562400072813034
vt 0.07881099730730057 0.11121399700641632
vt 0.07252299785614014 0.11525999754667282
vt 0.07634799927473068 0.10867299884557724
vt 0.9766020178794861 0.055119000375270844
vt 0.07200200110673904 0.11778999865055084
vt 0.9726089835166931 0.0465410016477108
vt 0.975292980670929 0.04478299990296364
vt 0.06355299800634384 0.11378099769353867
vt 0.06168600171804428 0.11645500361919403
vt 0.9653130173683167 0.04116399958729744
vt 0.05860399827361107 0.10632699728012085
vt 0.9669250249862671 0.03804200142621994
vt 0.0555340014398098 0.10772299766540527
vt 0.953419029712677 0.0407009981572628
vt 0.9531019926071167 0.03823100030422211
vt 0.056230999529361725 0.09442099928855896
vt 0.05860700085759163 0.0948140025138855
vt 0.9459459781646729 0.045483000576496124
vt 0.06349500268697739 0.08775699883699417
vt 0.9434660077095032 0.0453220009803772
vt 0.06342799961566925 0.08535400032997131
vt 0.9476869702339172 0.08782699704170227
vt 0.9509419798851013 0.08591800183057785
vt 0.9530389904975891 0.09204299747943878
vt 0.1040790006518364 0.0908920019865036
vt 0.10790599882602692 0.09614499658346176
vt 0.10214400291442871 0.09393099695444107
vt 0.9517539739608765 0.0956370010972023
vt 0.11137299984693527 0.09504999965429306
vt 0.9617440104484558 0.0954589992761612
vt 0.9631710052490234 0.09861499816179276
vt 0.11084699630737305 0.10453899949789047
vt 0.11379200220108032 0.10600300133228302
vt 0.969651997089386 0.09351599961519241
vt 0.10873900353908539 0.11197599768638611
vt 0.9722939729690552 0.09543900191783905
vt 0.11047500371932983 0.11454199999570847
vt 0.9759759902954102 0.08850599825382233
vt 0.1037909984588623 0.11781100183725357
vt 0.9792119860649109 0.08872299641370773
vt 0.10389599949121475 0.12088099867105484
vt 0.9795629978179932 0.0819770023226738
vt 0.09750200062990189 0.12101099640130997
vt 0.9834449887275696 0.08261600136756897
vt 0.09799499809741974 0.12469799816608429
vt 0.9761409759521484 0.07648900151252747
vt 0.9798150062561035 0.07630500197410583
vt 0.09212999790906906 0.12109299749135971
vt 0.092399001121521 0.11761900037527084
vt 0.9698399901390076 0.07112400233745575
vt 0.9686329960823059 0.07316400110721588
vt 0.959854006767273 0.07342199981212616
vt 0.08746100217103958 0.11149399727582932
vt 0.08992999792098999 0.10203400254249573
vt 0.08943799883127213 0.1103999987244606
vt 0.9560089707374573 0.07220499962568283
vt 0.08887600153684616 0.09832300245761871
vt 0.9523969888687134 0.07867400348186493
vt 0.0951789990067482 0.09507600218057632
vt 0.9498479962348938 0.07944700121879578
vt 0.096001997590065 0.09266500174999237
vt 0.9210159778594971 0.11430200189352036
vt 0.9224439859390259 0.11308100074529648
vt 0.9257450103759766 0.11804100126028061
vt 0.1306609958410263 0.06627999991178513
vt 0.13414299488067627 0.07112599909305573
vt 0.12940199673175812 0.06763400137424469
vt 0.9232500195503235 0.12016899883747101
vt 0.13641899824142456 0.06877700239419937
vt 0.9365959763526917 0.12440600246191025
vt 0.9364690184593201 0.12179499864578247
vt 0.9465699791908264 0.12077900022268295
vt 0.13946500420570374 0.08205900341272354
vt 0.13538700342178345 0.09124100208282471
vt 0.1369899958372116 0.08176200091838837
vt 0.9496039748191833 0.12279800325632095
vt 0.1370840072631836 0.09418199956417084
vt 0.9531099796295166 0.11541999876499176
vt 0.9575110077857971 0.11626099795103073
vt 0.1300709992647171 0.09713499993085861
vt 0.13068999350070953 0.10130999982357025
vt 0.9462779760360718 0.10238300263881683
vt 0.9463390111923218 0.10423800349235535
vt 0.937375009059906 0.10189499706029892
vt 0.11801400035619736 0.09010300040245056
vt 0.11792299896478653 0.08158499747514725
vt 0.11977700144052505 0.09023900330066681
vt 0.9371370077133179 0.09938699752092361
vt 0.1155330017209053 0.08125200122594833
vt 0.9286649823188782 0.1023939996957779
vt 0.11876499652862549 0.07323800027370453
vt 0.9269099831581116 0.10140399634838104
vt 0.11788100004196167 0.07150699943304062
vt 0.9229450225830078 0.10716500133275986
vt 0.12360899895429611 0.06789000332355499
vt 0.9223600029945374 0.10707099735736847
vt 0.12354099750518799 0.06731799989938736
vt 0.9562849998474121 0.08934199810028076
vt 0.10522300004959106 0.09914000332355499
vt 0.9555379748344421 0.08470200002193451
vt 0.10082799941301346 0.09827300161123276
vt 0.962693989276886 0.09199800342321396
vt 0.10752899944782257 0.10532499849796295
vt 0.9685260057449341 0.09146100282669067
vt 0.10682699829339981 0.11084199696779251
vt 0.9737060070037842 0.08801200240850449
vt 0.10339400172233582 0.11564499884843826
vt 0.9764050245285034 0.08271600306034088
vt 0.09829399734735489 0.11804299801588058
vt 0.97468101978302 0.07974500209093094
vt 0.09552700072526932 0.1163249984383583
vt 0.9625380039215088 0.07705099880695343
vt 0.09331399947404861 0.10470200330018997
vt 0.9701899886131287 0.07705499976873398
vt 0.09309700131416321 0.11198599636554718
vt 0.9581009745597839 0.07957600057125092
vt 0.09585800021886826 0.10055000334978104
vt 0.9263799786567688 0.11263299733400345
vt 0.9299880266189575 0.11735499650239944
vt 0.12878699600696564 0.07146400213241577
vt 0.13318100571632385 0.07523299753665924
vt 0.9447199702262878 0.11805900186300278
vt 0.1329369992017746 0.0893540009856224
vt 0.9368100166320801 0.1192459985613823
vt 0.13454300165176392 0.08192399889230728
vt 0.9497420191764832 0.1134909987449646
vt 0.1284009963274002 0.09387200325727463
vt 0.9489250183105469 0.10950600355863571
vt 0.952351987361908 0.10806600004434586
vt 0.12466800212860107 0.09292200207710266
vt 0.12315600365400314 0.09610799700021744
vt 0.9447730183601379 0.10630600154399872
vt 0.12181299924850464 0.08883900195360184
vt 0.938398003578186 0.10435999929904938
vt 0.12023700028657913 0.08267100155353546
vt 0.9320979714393616 0.1057090014219284
vt 0.12181100249290466 0.07668399810791016
vt 0.9282039999961853 0.10854600369930267
vt 0.12472900003194809 0.07304999977350235
vt 0.9510359764099121 0.055730998516082764
vt 0.07321000099182129 0.09302700310945511
vt 0.9497460126876831 0.051398999989032745
vt 0.06907399743795395 0.09163500368595123
vt 0.9560359716415405 0.05859199911355972
vt 0.07580500096082687 0.0979359969496727
vt 0.961575984954834 0.05901699885725975
vt 0.07605600357055664 0.10328900068998337
vt 0.969963014125824 0.05442899838089943
vt 0.07141599804162979 0.1113089993596077
vt 0.9663410186767578 0.05716300010681152
vt 0.07414799928665161 0.10784599930047989
vt 0.9695150256156921 0.0483039990067482
vt 0.06541100144386292 0.11074399948120117
vt 0.9650440216064453 0.04546999931335449
vt 0.06279899924993515 0.10624899715185165
vt 0.9574869871139526 0.04431699961423874
vt 0.061955999583005905 0.09887400269508362
vt 0.9518589973449707 0.046872999519109726
vt 0.0646279975771904 0.09352099895477295
vt 0.9238250255584717 0.027250999584794044
vt 0.046838000416755676 0.0654359981417656
vt 0.9231460094451904 0.023455999791622162
vt 0.04320000112056732 0.06451500207185745
vt 0.9275680184364319 0.03188600018620491
vt 0.05111800134181976 0.06933899968862534
vt 0.9346399903297424 0.0338749997317791
vt 0.05269400030374527 0.07631999999284744
vt 0.9424899816513062 0.031137999147176743
vt 0.0497019998729229 0.08389800041913986
vt 0.9448249936103821 0.026480000466108322
vt 0.04501299932599068 0.08604499697685242
vt 0.9408209919929504 0.01968800090253353
vt 0.03838299959897995 0.08178800344467163
vt 0.9359239935874939 0.017037000507116318
vt 0.03594300150871277 0.07671499997377396
vt 0.9302489757537842 0.017883000895380974
vt 0.03717400133609772 0.07106400281190872
vt 0.9258459806442261 0.020374000072479248
vt 0.03998899832367897 0.06690700352191925
vt 0.8895320296287537 0.080424003303051
vt 0.8849639892578125 0.09056399762630463
vt 0.10869800299406052 0.03113199956715107
vt 0.09898799657821655 0.03517000004649162
vt 0.8858550190925598 0.09929999709129333
vt 0.11691699922084808 0.0322050005197525
vt 0.8922749757766724 0.10559000074863434
vt 0.8908290266990662 0.11148200184106827
vt 0.12271899729967117 0.038398999720811844
vt 0.9003390073776245 0.10838700085878372
vt 0.1252260059118271 0.046087998896837234
vt 0.9090070128440857 0.10759899765253067
vt 0.12438999861478806 0.05437200143933296
vt 0.9153199791908264 0.10219799727201462
vt 0.11903899908065796 0.06035200133919716
vt 0.9198030233383179 0.09487000107765198
vt 0.11184799671173096 0.06444700062274933
vt 0.9284510016441345 0.08818700164556503
vt 0.10513199865818024 0.0725099965929985
vt 0.9352560043334961 0.08024799823760986
vt 0.09728299826383591 0.07873799651861191
vt 0.9367300271987915 0.07326799631118774
vt 0.09054800122976303 0.07989799976348877
vt 0.9389050006866455 0.06700500100851059
vt 0.9363610148429871 0.06179499998688698
vt 0.08446600288152695 0.08175700157880783
vt 0.07956299930810928 0.07912600040435791
vt 0.9269949793815613 0.047557998448610306
vt 0.06626500189304352 0.06955800205469131
vt 0.9344199895858765 0.055684998631477356
vt 0.0737679973244667 0.07702899724245071
vt 0.9181380271911621 0.04254399985074997
vt 0.061872001737356186 0.06082100048661232
vt 0.9126489758491516 0.03525099903345108
vt 0.0551920011639595 0.05518399924039841
vt 0.9061539769172668 0.03078800067305565
vt 0.051318999379873276 0.04875199869275093
vt 0.8988609910011292 0.028564000502228737
vt 0.04964600130915642 0.04173300042748451
vt 0.8905270099639893 0.029020000249147415
vt 0.05053500086069107 0.03393299877643585
vt 0.8854900002479553 0.03279900178313255
vt 0.8795289993286133 0.027879999950528145
vt 0.054336000233888626 0.02939699962735176
vt 0.8835139870643616 0.040477000176906586
vt 0.8756999969482422 0.03983199968934059
vt 0.06165499985218048 0.027924999594688416
vt 0.8905349969863892 0.05446799844503403
vt 0.07447099685668945 0.03518600016832352
vt 0.8892560005187988 0.06761500239372253
vt 0.0869079977273941 0.03447699919342995
vt 0.9655259847640991 0.08404000103473663
vt 0.09987399727106094 0.10775800049304962
vt 0.9606130123138428 0.051729001104831696
vt 0.06903000175952911 0.10215199738740921
vt 0.938044011592865 0.1120849996805191
vt 0.12763600051403046 0.08269599825143814
vt 0.9334589838981628 0.024529000744223595
vt 0.04356500133872032 0.07468900084495544
vt 0.8970490097999573 0.08076100051403046
vt 0.8930590152740479 0.08939100056886673
vt 0.10736899822950363 0.03876100108027458
vt 0.09907399863004684 0.04229399934411049
vt 0.891867995262146 0.09547100216150284
vt 0.11315599828958511 0.03779200091958046
vt 0.8947190046310425 0.09898000210523605
vt 0.11641199886798859 0.04057599976658821
vt 0.9009969830513 0.1019430011510849
vt 0.11909200251102448 0.04659999907016754
vt 0.9077590107917786 0.10096099972724915
vt 0.118026003241539 0.05303800106048584
vt 0.9125909805297852 0.09703399986028671
vt 0.11414500325918198 0.05758500099182129
vt 0.9155570268630981 0.08894500136375427
vt 0.10630100220441818 0.06019299849867821
vt 0.9244009852409363 0.08549299836158752
vt 0.1026960015296936 0.06853500008583069
vt 0.9295179843902588 0.07844600081443787
vt 0.09576500207185745 0.07318100333213806
vt 0.9299889802932739 0.07282599806785583
vt 0.09037099778652191 0.07342799752950668
vt 0.9317989945411682 0.0674780011177063
vt 0.931073009967804 0.06297700107097626
vt 0.08518200367689133 0.0749640017747879
vt 0.08089800179004669 0.07409700006246567
vt 0.9240319728851318 0.051851000636816025
vt 0.07051599770784378 0.06689999997615814
vt 0.9290390014648438 0.058692000806331635
vt 0.07686799764633179 0.0719819962978363
vt 0.915274977684021 0.04775499925017357
vt 0.06699299812316895 0.05833499878644943
vt 0.9118000268936157 0.04088899865746498
vt 0.06061499938368797 0.05467600002884865
vt 0.9059460163116455 0.03696100041270256
vt 0.057186998426914215 0.04890099912881851
vt 0.8998429775238037 0.03660300001502037
vt 0.057176001369953156 0.04310299828648567
vt 0.8951219916343689 0.03652599826455116
vt 0.05735199898481369 0.03864600136876106
vt 0.8924319744110107 0.038116998970508575
vt 0.05898899957537651 0.03619400039315224
vt 0.8908129930496216 0.042215000838041306
vt 0.06293100118637085 0.03487300127744675
vt 0.8978149890899658 0.054836999624967575
vt 0.07450699806213379 0.04206699877977371
vt 0.8976119756698608 0.06736300140619278
vt 0.08636700361967087 0.04236900061368942
vt 0.9162960052490234 0.07640799880027771
vt 0.0942939966917038 0.060467999428510666
vt 0.9156780242919922 0.0576849989593029
vt 0.07644899934530258 0.059158001095056534
vt 0.9022529721260071 0.09278199821710587
vt 0.11034400016069412 0.047586001455783844
vt 0.9071040153503418 0.07691500335931778
vt 0.09509799629449844 0.05172400176525116
vt 0.9026240110397339 0.04678000137209892
vt 0.06666400283575058 0.046250998973846436
vt 0.9542610049247742 0.10743600130081177
vt 0.12247999757528305 0.09788800030946732
vt 0.9636009931564331 0.028697999194264412
vt 0.04693499952554703 0.10406100004911423
vt 0.9627000093460083 0.016860000789165497
vt 0.036024000495672226 0.10344400256872177
vt 0.9449599981307983 0.00901199970394373
vt 0.04969000071287155 0.20530599355697632
vt 0.9800559878349304 0.03548799827694893
vt 0.05212000012397766 0.11986099928617477
vt 0.9798809885978699 0.06736399978399277
vt 0.08369100093841553 0.12092699855566025
vt 0.9890679717063904 0.055362001061439514
vt 0.07250399887561798 0.12960200011730194
vt 0.05187800154089928 0.1867379993200302
vt 0.057406000792980194 0.18231700360774994
vt 0.05414000153541565 0.19030000269412994
vt 0.9892309904098511 0.07412099838256836
vt 0.08981700241565704 0.12992799282073975
vt 0.9851019978523254 0.09799200296401978
vt 0.11247999966144562 0.1267399936914444
vt 0.8825680017471313 0.1270260065793991
vt 0.8841620087623596 0.12998400628566742
vt 0.8774120211601257 0.12700499594211578
vt 0.061514999717473984 0.17215299606323242
vt 0.06664399802684784 0.17034299671649933
vt 0.06095400080084801 0.17565399408340454
vt 0.969747006893158 0.10544099658727646
vt 0.12001899629831314 0.11246500164270401
vt 0.8729619979858398 0.12383899837732315
vt 0.8699340224266052 0.12358400225639343
vt 0.8679819703102112 0.11990100145339966
vt 0.06991299986839294 0.16557499766349792
vt 0.07280199974775314 0.15935499966144562
vt 0.07272200286388397 0.16403299570083618
vt 0.8298839926719666 0.12002699822187424
vt 0.10879100114107132 0.1473200023174286
vt 0.11368600279092789 0.1480569988489151
vt 0.10474900156259537 0.14872899651527405
vt 0.8626739978790283 0.12096700072288513
vt 0.864022970199585 0.11924800276756287
vt 0.14298300445079803 0.09476999938488007
vt 0.0792350023984909 0.15678399801254272
vt 0.8555539846420288 0.11782699823379517
vt 0.8590260148048401 0.11763600260019302
vt 0.08413500338792801 0.15257099270820618
vt 0.08786500245332718 0.1528339982032776
vt 0.8984379768371582 0.17380300164222717
vt 0.060979001224040985 0.22440199553966522
vt 0.9021549820899963 0.16269299387931824
vt 0.05384400114417076 0.21420300006866455
vt 0.9028429985046387 0.16027100384235382
vt 0.903689980506897 0.16426800191402435
vt 0.9024029970169067 0.16740299761295319
vt 0.0549129992723465 0.21909199655056
vt 0.9156619906425476 0.00901199970394373
vt 0.030087999999523163 0.05618700012564659
vt 0.9070190191268921 0.013896999880671501
vt 0.03530599921941757 0.048468999564647675
vt 0.897022008895874 0.1823579967021942
vt 0.06514599919319153 0.23269900679588318
vt 0.9001280069351196 0.1804260015487671
vt 0.06135199964046478 0.23170800507068634
vt 0.8989120125770569 0.19265499711036682
vt 0.06655199825763702 0.24387800693511963
vt 0.06008300185203552 0.2356330007314682
vt 0.05982699990272522 0.23149999976158142
vt 0.05757499858736992 0.24018900096416473
vt 0.9019119739532471 0.18912899494171143
vt 0.06229899823665619 0.24124400317668915
vt 0.05380500108003616 0.24377800524234772
vt 0.9108269810676575 0.21133899688720703
vt 0.9068210124969482 0.2082030028104782
vt 0.9123960137367249 0.20506399869918823
vt 0.122530996799469 0.14844800531864166
vt 0.12904800474643707 0.15187899768352509
vt 0.9163780212402344 0.2071940004825592
vt 0.9085339903831482 0.19670000672340393
vt 0.9116230010986328 0.19950799643993378
vt 0.9076709747314453 0.20253999531269073
vt 0.058028001338243484 0.2512330114841461
vt 0.06085500121116638 0.2569830119609833
vt 0.05575599893927574 0.25513699650764465
vt 0.9047979712486267 0.19981500506401062
vt 0.06290599703788757 0.25319600105285645
vt 0.9201300144195557 0.20391200482845306
vt 0.9155870079994202 0.20185600221157074
vt 0.11307500302791595 0.14302800595760345
vt 0.11847099661827087 0.14505299925804138
vt 0.052358001470565796 0.25883200764656067
vt 0.04884200170636177 0.25285598635673523
vt 0.04715700075030327 0.2574490010738373
vt 0.9285299777984619 0.1266629993915558
vt 0.08983500301837921 0.14959800243377686
vt 0.9147719740867615 0.12432599812746048
vt 0.09372600167989731 0.15135399997234344
vt 0.0952640026807785 0.14758500456809998
vt 0.09994500130414963 0.14898300170898438
vt 0.9016960263252258 0.12116800248622894
vt 0.8993380069732666 0.17862899601459503
vt 0.061590999364852905 0.22961799800395966
vt 0.90105801820755 0.1776529997587204
vt 0.059530001133680344 0.2291640043258667
vt 0.03813000023365021 0.03137499839067459
vt 0.9020230174064636 0.1745299994945526
vt 0.03663000091910362 0.039455998688936234
vt 0.8974180221557617 0.014623000286519527
vt 0.9234769940376282 0.6891630291938782
vt 0.9278669953346252 0.6899830102920532
vt 0.8833199739456177 0.6818649768829346
vt 0.887952983379364 0.6826779842376709
vt 0.9225680232048035 0.661998987197876
vt 0.920009970664978 0.6581529974937439
vt 0.9029269814491272 0.6547480225563049
vt 0.8990650177001953 0.6573089957237244
vt 0.9192699790000916 0.6931009888648987
vt 0.8905550241470337 0.6879079937934875
vt 0.9128450155258179 0.6940460205078125
vt 0.8963040113449097 0.691057026386261
vt 0.9295099973678589 0.6848469972610474
vt 0.8836529850959778 0.6762580275535583
vt 0.9268239736557007 0.678246021270752
vt 0.8887310028076172 0.670956015586853
vt 0.926127016544342 0.6722400188446045
vt 0.8917229771614075 0.6655020117759705
vt 0.9042540192604065 0.6943600177764893
vt 0.9185000061988831 0.6572539806365967
vt 0.9165250062942505 0.6580560207366943
vt 0.9061920046806335 0.6560029983520508
vt 0.9046729803085327 0.6544989943504333
vt 0.9112420082092285 0.657634973526001
vt 0.920628011226654 0.6625679731369019
vt 0.9178709983825684 0.6623129844665527
vt 0.9033070206642151 0.659421980381012
vt 0.900646984577179 0.6585919857025146
vt 0.910194993019104 0.6628990173339844
vt 0.9214739799499512 0.682233989238739
vt 0.9225119948387146 0.6778870224952698
vt 0.8929759860038757 0.6722660064697266
vt 0.8923680186271667 0.6767680048942566
vt 0.9220920205116272 0.6729199886322021
vt 0.895268976688385 0.6677160263061523
vt 0.9187589883804321 0.6742039918899536
vt 0.8979079723358154 0.670199990272522
vt 0.9092410206794739 0.6677219867706299
vt 0.9054620265960693 0.687794029712677
vt 0.9127089977264404 0.6878389716148376
vt 0.8986719846725464 0.6852440237998962
vt 0.916828989982605 0.6866440176963806
vt 0.8952170014381409 0.6826180219650269
vt 0.9159669876098633 0.6767140030860901
vt 0.9081810116767883 0.673196017742157
vt 0.8995630145072937 0.673475980758667
vt 0.9136989712715149 0.6789439916610718
vt 0.9009559750556946 0.6766449809074402
vt 0.9210420250892639 0.24239200353622437
vt 0.06565999984741211 0.3082689940929413
vt 0.05147000029683113 0.24838900566101074
vt 0.5219780206680298 0.6139280200004578
vt 0.5305820107460022 0.6150000095367432
vt 0.47300800681114197 0.6154159903526306
vt 0.48157799243927 0.6142209768295288
vt 0.5375509858131409 0.6222180128097534
vt 0.46616700291633606 0.6227160096168518
vt 0.5311440229415894 0.621944010257721
vt 0.47255200147628784 0.6223530173301697
vt 0.900924026966095 0.7135229706764221
vt 0.9000579714775085 0.7197149991989136
vt 0.9008100032806396 0.7143210172653198
vt 0.9246219992637634 0.28677698969841003
vt 0.09004800021648407 0.3432390093803406
vt 0.9300490021705627 0.2873849868774414
vt 0.08635800331830978 0.34696000814437866
vt 0.9198510050773621 0.28773701190948486
vt 0.09420499950647354 0.3410789966583252
vt 0.9163219928741455 0.2889930009841919
vt 0.09762199968099594 0.33988699316978455
vt 0.9173269867897034 0.2922540009021759
vt 0.09883499890565872 0.342958003282547
vt 0.9214349985122681 0.29440000653266907
vt 0.09702800214290619 0.34704598784446716
vt 0.9257659912109375 0.29599300026893616
vt 0.09472700208425522 0.35083699226379395
vt 0.9304860234260559 0.29648900032043457
vt 0.09148400276899338 0.35402700304985046
vt 0.9336029887199402 0.30004099011421204
vt 0.0912650004029274 0.35853999853134155
vt 0.9385809898376465 0.30274999141693115
vt 0.08915200084447861 0.3635160028934479
vt 0.9421259760856628 0.30179500579833984
vt 0.08594399690628052 0.36490198969841003
vt 0.9462429881095886 0.30206501483917236
vt 0.0830409973859787 0.36753401160240173
vt 0.9489309787750244 0.29964399337768555
vt 0.0796160027384758 0.3673259913921356
vt 0.9526519775390625 0.2989329993724823
vt 0.07644099742174149 0.3689970076084137
vt 0.9542170166969299 0.2937439978122711
vt 0.07221599668264389 0.36608999967575073
vt 0.9530500173568726 0.2877640128135681
vt 0.06952600181102753 0.36098799109458923
vt 0.9563999772071838 0.2833330035209656
vt 0.06441900134086609 0.35971999168395996
vt 0.9584980010986328 0.2788670063018799
vt 0.06021299958229065 0.35769298672676086
vt 0.960748016834259 0.27489998936653137
vt 0.05618999898433685 0.35613200068473816
vt 0.9592009782791138 0.2719689905643463
vt 0.05556600168347359 0.35305699706077576
vt 0.9547520279884338 0.273826003074646
vt 0.059944998472929 0.351749986410141
vt 0.9508090019226074 0.27611199021339417
vt 0.0642160028219223 0.351065993309021
vt 0.9451820254325867 0.28064000606536865
vt 0.07107999920845032 0.35103198885917664
vt 0.9366009831428528 0.2807610034942627
vt 0.07750300318002701 0.3459720015525818
vt 0.9053800106048584 0.06782799959182739
vt 0.08651799708604813 0.04975400120019913
vt 0.9055879712104797 0.05797199904918671
vt 0.07714799791574478 0.04956499859690666
vt 0.9349920153617859 0.8166509866714478
vt 0.1037909984588623 0.7478880286216736
vt 0.9121900200843811 0.6528909802436829
vt 0.5079429745674133 0.6082360148429871
vt 0.5077099800109863 0.6101319789886475
vt 0.4955120086669922 0.6083269715309143
vt 0.4957750141620636 0.6102190017700195
vt 0.5109379887580872 0.6121180057525635
vt 0.510791003704071 0.6141440272331238
vt 0.49257799983024597 0.6122519969940186
vt 0.49275800585746765 0.6142740249633789
vt 0.5200530290603638 0.5982609987258911
vt 0.48325100541114807 0.5985450148582458
vt 0.5281519889831543 0.5996879935264587
vt 0.4751870036125183 0.6000980138778687
vt 0.5089110136032104 0.608066976070404
vt 0.4945409893989563 0.6081740260124207
vt 0.5094959735870361 0.6022760272026062
vt 0.49386298656463623 0.6023939847946167
vt 0.5114629864692688 0.6115059852600098
vt 0.49204400181770325 0.6116470098495483
vt 0.5171509981155396 0.6119629740715027
vt 0.5154790282249451 0.6139400005340576
vt 0.488070011138916 0.6141380071640015
vt 0.4863690137863159 0.6121879816055298
vt 0.5115860104560852 0.5981760025024414
vt 0.49170899391174316 0.598330020904541
vt 0.5235919952392578 0.6120229959487915
vt 0.4799390137195587 0.6123430132865906
vt 0.5366430282592773 0.6099089980125427
vt 0.5318089723587036 0.6066089868545532
vt 0.5333359837532043 0.6047409772872925
vt 0.46688100695610046 0.610427975654602
vt 0.47009599208831787 0.6052219867706299
vt 0.47165000438690186 0.6070610284805298
vt 0.5378010272979736 0.6098729968070984
vt 0.46572399139404297 0.6104090213775635
vt 0.5206680297851562 0.6026380062103271
vt 0.5202999711036682 0.6036509871482849
vt 0.5119659900665283 0.6073930263519287
vt 0.48270800709724426 0.6029260158538818
vt 0.49147799611091614 0.607545018196106
vt 0.4830929934978485 0.6039329767227173
vt 0.5114290118217468 0.602046012878418
vt 0.49192899465560913 0.6021929979324341
vt 0.5157210230827332 0.6011390089988708
vt 0.5224360227584839 0.6020190119743347
vt 0.48762500286102295 0.6013540029525757
vt 0.48093199729919434 0.6023359894752502
vt 0.521265983581543 0.6104469895362854
vt 0.5258299708366394 0.6045510172843933
vt 0.5287370085716248 0.6073780059814453
vt 0.4822370111942291 0.6107339859008789
vt 0.474727988243103 0.6077830195426941
vt 0.47758400440216064 0.604915976524353
vt 0.5259519815444946 0.6104419827461243
vt 0.4775570034980774 0.6107990145683289
vt 0.5335959792137146 0.6028220057487488
vt 0.46980398893356323 0.6033110022544861
vt 0.5219569802284241 0.5997660160064697
vt 0.48137399554252625 0.6000779867172241
vt 0.5177779793739319 0.6148149967193604
vt 0.4857870042324066 0.6150469779968262
vt 0.5370339751243591 0.6155890226364136
vt 0.46658000349998474 0.6160989999771118
vt 0.531013011932373 0.6126570105552673
vt 0.4725410044193268 0.6130849719047546
vt 0.5387759804725647 0.6099309921264648
vt 0.46475300192832947 0.6104829907417297
vt 0.5368450284004211 0.6121119856834412
vt 0.5351690053939819 0.6106820106506348
vt 0.466715008020401 0.6126279830932617
vt 0.4683629870414734 0.6111770272254944
vt 0.5284240245819092 0.6019290089607239
vt 0.47495201230049133 0.6023390293121338
vt 0.5158510208129883 0.6091399788856506
vt 0.487623006105423 0.6093490123748779
vt 0.53050297498703 0.6113079786300659
vt 0.47302699089050293 0.6117309927940369
vt 0.5242069959640503 0.6027910113334656
vt 0.47917601466178894 0.6031339764595032
vt 0.5270259976387024 0.6031230092048645
vt 0.4763669967651367 0.6035090088844299
vt 0.5223079919815063 0.6044729948043823
vt 0.481099009513855 0.6047850251197815
vt 0.5318019986152649 0.6085829734802246
vt 0.47168898582458496 0.6090319752693176
vt 0.5017510056495667 0.6112419962882996
vt 0.8998209834098816 0.17565999925136566
vt 0.060155000537633896 0.22673599421977997
vt 0.9004369974136353 0.1955370008945465
vt 0.06594599783420563 0.24733899533748627
vt 0.9021340012550354 0.19773399829864502
vt 0.06494499742984772 0.25016000866889954
vt 0.06370600312948227 0.26260799169540405
vt 0.056749001145362854 0.26121100783348083
vt 0.9032679796218872 0.20559799671173096
vt 0.06645700335502625 0.25863298773765564
vt 0.8567230105400085 0.15732400119304657
vt 0.09802199900150299 0.19420400261878967
vt 0.8558779954910278 0.1806650012731552
vt 0.1064079999923706 0.2176479995250702
vt 0.9410979747772217 0.29148900508880615
vt 0.9437389969825745 0.29697999358177185
vt 0.9384179711341858 0.2979789972305298
vt 0.08058799803256989 0.3566269874572754
vt 0.08644499629735947 0.35986000299453735
vt 0.0818919986486435 0.36227500438690186
vt 0.935886025428772 0.2940959930419922
vt 0.08602199703454971 0.3554590046405792
vt 0.9350910186767578 0.2886219918727875
vt 0.08333999663591385 0.35090601444244385
vt 0.9394909739494324 0.28593599796295166
vt 0.07846199721097946 0.3515450060367584
vt 0.9451479911804199 0.28601300716400146
vt 0.07431799918413162 0.35498398542404175
vt 0.9479699730873108 0.2902500033378601
vt 0.07475599646568298 0.3598000109195709
vt 0.9486600160598755 0.29488199949264526
vt 0.07699699699878693 0.3636370003223419
vt 0.922577977180481 0.062477998435497284
vt 0.0807500034570694 0.06594499945640564
vt 0.9137330055236816 0.06753300130367279
vt 0.9211220145225525 0.06857399642467499
vt 0.08663199841976166 0.06478899717330933
vt 0.08592099696397781 0.057697001844644547
vt 0.9212260246276855 0.07268200069665909
vt 0.09055399894714355 0.06503999978303909
vt 0.661329984664917 0.06618700176477432
vt 0.6613309979438782 0.051201000809669495
vt 0.6570029854774475 0.0631989985704422
vt 0.6570039987564087 0.05418799817562103
vt 0.7010769844055176 0.06871999800205231
vt 0.7010790109634399 0.04867099970579147
vt 0.6545959711074829 0.05869400128722191
vt 0.8946750164031982 0.14102299511432648
vt 0.8996559977531433 0.1456110030412674
vt 0.05068200081586838 0.1965930014848709
vt 0.8877260088920593 0.1304280012845993
vt 0.05753700062632561 0.17731499671936035
vt 0.8893640041351318 0.13486599922180176
vt 0.8494049906730652 0.1176149994134903
vt 0.9031100273132324 0.17103299498558044
vt 0.05532199889421463 0.22303800284862518
vt 0.05753700062632561 0.22627900540828705
vt 0.9067850112915039 0.6806210279464722
vt 0.06247499957680702 0.9547659754753113
f 1797/1 1798/2 34/3
f 1797/1 2013/4 1798/2
f 34/3 35/5 1797/1
f 2013/4 1797/1 2014/6
f 38/7 37/8 36/9
f 38/10 2015/11 2016/12
f 36/9 1799/13 38/7
f 2015/11 38/10 1799/14
f 41/15 40/16 39/17
f 2019/18 2017/19 2018/20
f 39/17 42/21 41/15
f 2017/19 2019/18 2020/22
f 45/23 44/24 43/25
f 2023/26 2021/27 2022/28
f 43/25 42/21 45/23
f 2021/27 2023/26 2020/22
f 48/29 47/30 46/31
f 2026/32 2024/33 2025/34
f 46/31 49/35 48/29
f 2024/33 2026/32 2027/36
f 52/37 51/38 50/39
f 2030/40 2028/41 2029/42
f 50/39 53/43 52/37
f 2028/41 2030/40 2031/44
f 54/45 1801/46 1800/47
f 2032/48 1800/47 1801/46
f 1800/47 55/49 54/45
f 1800/47 2032/48 2033/50
f 58/51 57/52 56/53
f 2035/54 56/55 2034/56
f 56/53 1802/57 58/51
f 56/55 2035/54 1802/58
f 61/59 60/60 59/61
f 2038/62 2036/63 2037/64
f 59/61 62/65 61/59
f 2036/63 2038/62 2039/66
f 65/67 64/68 63/69
f 2042/70 2040/71 2041/72
f 63/69 66/73 65/67
f 2040/71 2042/70 2043/74
f 69/75 68/76 67/77
f 2046/78 2044/79 2045/80
f 67/77 70/81 69/75
f 2044/79 2046/78 2047/82
f 73/83 72/84 71/85
f 2050/86 2048/87 2049/88
f 71/85 74/89 73/83
f 2048/87 2050/86 2051/90
f 77/91 76/92 75/93
f 2054/94 2052/95 2053/96
f 75/93 54/97 77/91
f 2052/95 2054/94 2032/98
f 80/99 79/100 78/101
f 2057/102 2055/103 2056/104
f 78/105 81/106 80/107
f 2055/103 2057/102 2058/108
f 84/109 83/110 82/111
f 2061/112 2059/113 2060/114
f 82/111 85/115 84/109
f 2059/113 2061/112 2062/116
f 88/117 87/118 86/119
f 2065/120 2063/121 2064/122
f 86/119 89/123 88/117
f 2063/121 2065/120 2066/124
f 92/125 91/126 90/127
f 2069/128 2067/129 2068/130
f 90/127 93/131 92/125
f 2067/129 2069/128 2070/132
f 96/133 95/134 94/135
f 2073/136 2071/137 2072/138
f 94/135 97/139 96/133
f 2071/137 2073/136 2074/140
f 100/141 99/142 98/143
f 2077/144 2075/145 2076/146
f 98/143 101/147 100/141
f 2075/145 2077/144 2078/148
f 104/149 103/150 102/151
f 2081/152 2079/153 2080/154
f 102/151 105/155 104/149
f 2079/153 2081/152 2082/156
f 108/157 107/158 106/159
f 2085/160 2083/161 2084/162
f 106/159 109/163 108/157
f 2083/161 2085/160 2086/164
f 112/165 111/166 110/167
f 2089/168 2087/169 2088/170
f 110/167 113/171 112/165
f 2087/169 2089/168 2090/172
f 116/173 115/174 114/175
f 2093/176 2091/177 2092/178
f 114/175 117/179 116/173
f 2091/177 2093/176 2094/180
f 120/181 119/182 118/183
f 120/184 2095/185 2096/186
f 118/183 121/187 120/181
f 2095/185 120/184 121/188
f 124/189 123/190 122/191
f 2099/192 2097/193 2098/194
f 122/191 125/195 124/189
f 2097/193 2099/192 2100/196
f 128/197 127/198 126/199
f 2103/200 2101/201 2102/202
f 126/199 129/203 128/197
f 2101/201 2103/200 2104/204
f 132/205 131/206 130/207
f 2107/208 2105/209 2106/210
f 130/207 133/211 132/205
f 2105/209 2107/208 2108/212
f 2/213 1803/214 134/215
f 2/216 2109/217 1803/218
f 134/215 135/219 2/213
f 2109/217 2/216 2110/220
f 138/221 137/222 136/223
f 2113/224 2111/225 2112/226
f 136/223 139/227 138/221
f 2111/225 2113/224 2114/228
f 142/229 141/230 140/231
f 2117/232 2115/233 2116/234
f 140/231 143/235 142/229
f 2115/233 2117/232 2118/236
f 146/237 145/238 144/239
f 2121/240 2119/241 2120/242
f 144/239 147/243 146/237
f 2119/241 2121/240 2122/244
f 150/245 149/246 148/247
f 2125/248 2123/249 2124/250
f 148/247 151/251 150/245
f 2123/249 2125/248 2126/252
f 154/253 153/254 152/255
f 2129/256 2127/257 2128/258
f 152/255 155/259 154/253
f 2127/257 2129/256 2130/260
f 158/261 157/262 156/263
f 2133/264 2131/265 2132/266
f 156/263 159/267 158/261
f 2131/265 2133/264 2134/268
f 162/269 161/270 160/271
f 2137/272 2135/273 2136/274
f 160/271 163/275 162/269
f 2135/273 2137/272 2138/276
f 166/277 165/278 164/279
f 2140/280 164/279 2139/281
f 164/279 16/282 166/277
f 164/279 2140/280 16/282
f 46/31 168/283 167/284
f 2024/33 2141/285 2142/286
f 167/284 169/287 46/31
f 2141/285 2024/33 2143/288
f 172/289 171/290 170/291
f 2146/292 2144/293 2145/294
f 170/291 173/295 172/289
f 2144/293 2146/292 2147/296
f 176/297 175/298 174/299
f 2150/300 2148/301 2149/302
f 174/299 177/303 176/297
f 2148/301 2150/300 2151/304
f 180/305 179/306 178/307
f 2154/308 2152/309 2153/310
f 178/307 181/311 180/305
f 2152/309 2154/308 2155/312
f 183/313 71/314 182/315
f 2157/316 2156/317 2048/318
f 182/315 184/319 183/313
f 2156/317 2157/316 2158/320
f 187/321 186/322 185/323
f 2161/324 2159/325 2160/326
f 185/323 188/327 187/321
f 2159/325 2161/324 2162/328
f 191/329 190/330 189/331
f 2165/332 2163/333 2164/334
f 189/331 192/335 191/329
f 2163/333 2165/332 2166/336
f 195/337 194/338 193/339
f 2169/340 2167/341 2168/342
f 193/339 196/343 195/337
f 2167/341 2169/340 2170/344
f 199/345 198/346 197/347
f 2173/348 2171/349 2172/350
f 197/347 200/351 199/345
f 2171/349 2173/348 2174/352
f 201/353 204/354 203/355
f 2175/356 2177/357 2178/358
f 203/355 202/359 201/353
f 2177/357 2175/356 2176/360
f 207/361 206/362 205/363
f 2181/364 2179/365 2180/366
f 205/363 208/367 207/361
f 2179/365 2181/364 2182/368
f 1804/369 176/297 209/370
f 1804/369 2183/371 2150/300
f 209/370 210/372 1804/369
f 2183/371 1804/369 210/372
f 70/81 212/373 211/374
f 2047/82 211/375 212/376
f 211/374 213/377 70/81
f 211/375 2047/82 2184/378
f 123/190 7/379 17/380
f 2098/194 17/380 7/379
f 17/380 122/191 123/190
f 17/380 2098/194 2097/193
f 215/381 147/243 214/382
f 2185/383 214/384 2122/244
f 214/382 1805/385 215/381
f 214/384 2185/383 1805/386
f 1806/387 217/388 216/389
f 1806/390 2186/391 217/392
f 216/389 218/393 1806/387
f 2186/391 1806/390 2187/394
f 220/395 219/396 209/397
f 2189/398 2183/399 2188/400
f 209/397 176/401 220/395
f 2183/399 2189/398 2150/402
f 99/142 100/141 221/403
f 2076/146 2190/404 2077/144
f 221/403 222/405 99/142
f 2190/404 2076/146 2191/406
f 106/407 107/408 223/409
f 2083/410 2192/411 2084/412
f 223/409 224/413 106/407
f 2192/411 2083/410 2193/414
f 226/415 65/67 225/416
f 2195/417 2194/418 2042/70
f 225/416 227/419 226/415
f 2194/418 2195/417 2196/420
f 228/421 18/422 93/423
f 228/421 2070/424 18/422
f 93/423 90/425 228/421
f 2070/424 228/421 2067/426
f 231/427 230/428 229/429
f 2199/430 2197/431 2198/432
f 229/429 232/433 231/427
f 2197/431 2199/430 2200/434
f 235/435 234/436 233/437
f 2203/438 2201/439 2202/440
f 233/437 236/441 235/435
f 2201/439 2203/438 2204/442
f 238/443 237/444 126/199
f 2206/445 2101/201 2205/446
f 126/199 239/447 238/443
f 2101/201 2206/445 2207/448
f 129/203 126/199 237/444
f 2104/204 2205/446 2101/201
f 237/444 240/449 129/203
f 2205/446 2104/204 2208/450
f 243/451 242/452 241/453
f 2211/454 2209/455 2210/456
f 241/453 244/457 243/451
f 2209/455 2211/454 2212/458
f 247/459 246/460 245/461
f 2215/462 2213/463 2214/464
f 245/461 248/465 247/459
f 2213/463 2215/462 2216/466
f 249/467 163/275 160/271
f 2217/468 2135/273 2138/276
f 160/271 250/469 249/467
f 2135/273 2217/468 2218/470
f 253/471 252/472 251/473
f 2221/474 2219/475 2220/476
f 251/473 254/477 253/471
f 2219/475 2221/474 2222/478
f 257/479 256/480 255/481
f 2225/482 2223/483 2224/484
f 255/481 258/485 257/479
f 2223/483 2225/482 2226/486
f 261/487 260/488 259/489
f 2229/490 2227/491 2228/492
f 259/489 262/493 261/487
f 2227/491 2229/490 2230/494
f 1808/495 264/496 263/497
f 1808/495 2231/498 2232/499
f 263/497 1807/500 1808/495
f 2231/498 1808/495 1807/500
f 267/501 266/502 265/503
f 2235/504 2233/505 2234/506
f 265/503 268/507 267/501
f 2233/505 2235/504 2236/508
f 270/509 268/507 269/510
f 2238/511 2237/512 2236/508
f 269/510 271/513 270/509
f 2237/512 2238/511 2239/514
f 273/515 272/516 94/135
f 2241/517 2071/137 2240/518
f 94/135 274/519 273/515
f 2071/137 2241/517 2242/520
f 277/521 276/522 275/523
f 2245/524 2243/525 2244/526
f 275/523 278/527 277/521
f 2243/525 2245/524 2246/528
f 281/529 280/530 279/531
f 2249/532 2247/533 2248/534
f 279/531 282/535 281/529
f 2247/533 2249/532 2250/536
f 284/537 282/535 283/538
f 2252/539 2251/540 2250/536
f 283/538 285/541 284/537
f 2251/540 2252/539 2253/542
f 288/543 287/544 286/545
f 2256/546 2254/547 2255/548
f 286/545 289/549 288/543
f 2254/547 2256/546 2257/550
f 292/551 291/552 290/553
f 2260/554 2258/555 2259/556
f 290/553 293/557 292/551
f 2258/555 2260/554 2261/558
f 296/559 295/560 294/561
f 2264/562 2262/563 2263/564
f 294/561 297/565 296/559
f 2262/563 2264/562 2265/566
f 300/567 299/568 298/569
f 2268/570 2266/571 2267/572
f 298/569 301/573 300/567
f 2266/571 2268/570 2269/574
f 304/575 303/576 302/577
f 2272/578 2270/579 2271/580
f 302/577 305/581 304/575
f 2270/579 2272/578 2273/582
f 308/583 307/584 306/585
f 2276/586 2274/587 2275/588
f 306/585 309/589 308/583
f 2274/587 2276/586 2277/590
f 312/591 311/592 310/593
f 2280/594 2278/595 2279/596
f 310/593 313/597 312/591
f 2278/595 2280/594 2281/598
f 316/599 315/600 314/601
f 2284/602 2282/603 2283/604
f 314/601 317/605 316/599
f 2282/603 2284/602 2285/606
f 320/607 319/608 318/609
f 2288/610 2286/611 2287/612
f 318/609 321/613 320/607
f 2286/611 2288/610 2289/614
f 324/615 323/616 322/617
f 2292/618 2290/619 2291/620
f 322/617 325/621 324/615
f 2290/619 2292/618 2293/622
f 327/623 1809/624 326/625
f 327/623 2294/626 1809/624
f 326/625 328/627 327/623
f 2294/626 327/623 2295/628
f 329/629 20/630 19/631
f 2296/632 19/633 20/634
f 19/631 144/239 329/629
f 19/633 2296/632 2119/241
f 332/635 331/636 330/637
f 2299/638 2297/639 2298/640
f 330/637 333/641 332/635
f 2297/639 2299/638 2300/642
f 336/643 335/644 334/645
f 2303/646 2301/647 2302/648
f 334/645 337/649 336/643
f 2301/647 2303/646 2304/650
f 145/238 338/651 329/629
f 2120/242 2296/632 2305/652
f 329/629 144/239 145/238
f 2296/632 2120/242 2119/241
f 136/223 137/222 339/653
f 2111/225 2306/654 2112/226
f 339/653 340/655 136/223
f 2306/654 2111/225 2307/656
f 343/657 342/658 341/659
f 2310/660 2308/661 2309/662
f 341/659 344/663 343/657
f 2308/661 2310/660 2311/664
f 346/665 345/666 35/5
f 2313/667 2014/6 2312/668
f 35/5 45/23 346/665
f 2014/6 2313/667 2023/26
f 348/669 347/670 36/9
f 2315/671 2015/11 2314/672
f 36/9 49/35 348/669
f 2015/11 2315/671 2027/36
f 64/68 65/67 226/415
f 2041/72 2195/417 2042/70
f 226/415 349/673 64/68
f 2195/417 2041/72 2316/674
f 351/675 350/676 61/59
f 2318/677 2038/62 2317/678
f 61/59 69/75 351/675
f 2038/62 2318/677 2046/78
f 353/679 352/680 73/83
f 2320/681 2050/86 2319/682
f 73/83 74/89 353/679
f 2050/86 2320/681 2051/90
f 356/683 355/684 354/685
f 2323/686 2321/687 2322/688
f 354/685 357/689 356/683
f 2321/687 2323/686 2324/690
f 360/691 359/692 358/693
f 2327/694 2325/695 2326/696
f 358/693 361/697 360/691
f 2325/695 2327/694 2328/698
f 362/699 112/165 113/171
f 2329/700 2090/172 2089/168
f 113/171 183/313 362/699
f 2090/172 2329/700 2157/316
f 363/701 124/189 127/198
f 2330/702 2102/202 2099/192
f 127/198 128/197 363/701
f 2102/202 2330/702 2103/200
f 364/703 141/230 142/229
f 2331/704 2117/232 2116/234
f 142/229 365/705 364/703
f 2117/232 2331/704 2332/706
f 146/237 367/707 366/708
f 2121/240 2333/709 2334/710
f 366/708 139/227 146/237
f 2333/709 2121/240 2114/228
f 151/251 148/247 368/711
f 2126/252 2335/712 2123/249
f 368/711 369/713 151/251
f 2335/712 2126/252 2336/714
f 162/715 157/262 158/261
f 2137/716 2133/264 2132/266
f 158/717 161/270 162/269
f 2133/718 2137/272 2136/274
f 371/719 370/720 51/38
f 2338/721 2029/42 2337/722
f 51/38 52/37 371/719
f 2029/42 2338/721 2030/40
f 372/723 251/724 252/725
f 2339/726 2220/727 2219/728
f 252/725 373/729 372/723
f 2220/727 2339/726 2340/730
f 375/731 374/732 261/487
f 2342/733 2229/490 2341/734
f 261/487 376/735 375/731
f 2229/490 2342/733 2343/736
f 263/497 264/496 377/737
f 2231/498 2344/738 2232/499
f 377/737 378/739 263/497
f 2344/738 2231/498 2345/740
f 98/143 99/142 381/741
f 2075/145 2348/742 2076/146
f 381/741 382/743 98/143
f 2348/742 2075/145 2349/744
f 384/745 383/746 109/163
f 2351/747 2086/164 2350/748
f 109/163 106/159 384/745
f 2086/164 2351/747 2083/161
f 387/749 386/750 385/751
f 2354/752 2352/753 2353/754
f 385/751 388/755 387/749
f 2352/753 2354/752 2355/756
f 391/757 390/758 389/759
f 2358/760 2356/761 2357/762
f 389/759 392/763 391/757
f 2356/761 2358/760 2359/764
f 323/616 324/615 393/765
f 2291/620 2360/766 2292/618
f 393/765 388/755 323/616
f 2360/766 2291/620 2355/756
f 392/763 389/759 394/767
f 2359/764 2361/768 2356/761
f 394/767 395/769 392/763
f 2361/768 2359/764 2362/770
f 328/627 326/625 334/645
f 2295/628 2301/647 2294/626
f 334/645 335/644 328/627
f 2301/647 2295/628 2302/648
f 340/655 338/651 145/238
f 2307/656 2120/242 2305/652
f 145/238 136/223 340/655
f 2120/242 2307/656 2111/225
f 1800/47 396/771 78/772
f 1800/47 2055/773 396/771
f 78/772 55/49 1800/47
f 2055/773 1800/47 2033/50
f 115/174 187/321 397/774
f 2092/178 2363/775 2161/324
f 397/774 350/676 115/174
f 2363/775 2092/178 2317/678
f 399/776 59/61 398/777
f 2365/778 2364/779 2036/63
f 398/777 400/780 399/776
f 2364/779 2365/778 2366/781
f 351/675 213/377 118/183
f 2318/677 2095/185 2184/378
f 118/183 114/175 351/675
f 2095/185 2318/677 2091/177
f 68/76 62/65 401/782
f 2045/80 2367/783 2039/66
f 401/782 402/784 68/76
f 2367/783 2045/80 2368/785
f 79/100 403/786 55/787
f 2056/104 2033/788 2369/789
f 55/787 78/101 79/100
f 2033/788 2056/104 2055/103
f 352/680 76/92 404/790
f 2319/682 2370/791 2053/96
f 404/790 313/597 352/680
f 2370/791 2319/682 2281/598
f 182/792 71/85 72/84
f 2156/793 2049/88 2048/87
f 72/84 405/794 182/792
f 2049/88 2156/793 2371/795
f 407/796 82/111 406/797
f 2373/798 2372/799 2059/113
f 406/797 408/800 407/796
f 2372/799 2373/798 2374/801
f 411/802 410/803 409/804
f 2377/805 2375/806 2376/807
f 409/804 412/808 411/802
f 2375/806 2377/805 2378/809
f 415/810 414/811 413/812
f 2381/813 2379/814 2380/815
f 413/812 416/816 415/810
f 2379/814 2381/813 2382/817
f 418/818 417/819 85/820
f 2384/821 2062/822 2383/823
f 85/820 419/824 418/818
f 2062/822 2384/821 2385/825
f 420/826 1811/827 21/828
f 2386/829 21/830 1811/831
f 21/828 67/77 420/826
f 21/830 2386/829 2044/79
f 423/832 422/833 421/834
f 2389/835 2387/836 2388/837
f 421/834 424/838 423/832
f 2387/836 2389/835 2390/839
f 426/840 234/436 425/841
f 2392/842 2391/843 2202/440
f 425/841 188/327 426/840
f 2391/843 2392/842 2162/328
f 429/844 428/845 427/846
f 2395/847 2393/848 2394/849
f 427/846 314/601 429/844
f 2393/848 2395/847 2282/603
f 431/850 430/851 304/575
f 2397/852 2272/578 2396/853
f 304/575 305/581 431/850
f 2272/578 2397/852 2273/582
f 432/854 322/617 323/616
f 2398/855 2291/620 2290/619
f 323/616 433/856 432/854
f 2291/620 2398/855 2399/857
f 436/858 435/859 434/860
f 2402/861 2400/862 2401/863
f 434/860 437/864 436/858
f 2400/862 2402/861 2403/865
f 387/749 439/866 438/867
f 2354/752 2404/868 2405/869
f 438/867 440/870 387/749
f 2404/868 2354/752 2406/871
f 443/872 442/873 441/874
f 2409/875 2407/876 2408/877
f 441/874 444/878 443/872
f 2407/876 2409/875 2410/879
f 447/880 446/881 445/882
f 2413/883 2411/884 2412/885
f 445/882 309/589 447/880
f 2411/884 2413/883 2277/590
f 450/886 449/887 448/888
f 2416/889 2414/890 2415/891
f 448/888 451/892 450/886
f 2414/890 2416/889 2417/893
f 350/676 351/675 114/175
f 2317/678 2091/177 2318/677
f 114/175 115/174 350/676
f 2091/177 2317/678 2092/178
f 1812/894 453/895 452/896
f 1812/897 2418/898 453/899
f 452/896 454/900 1812/894
f 2418/898 1812/897 2419/901
f 1813/902 1814/903 455/904
f 1813/902 2420/905 1814/903
f 455/904 456/906 1813/902
f 2420/905 1813/902 2421/907
f 459/908 458/909 457/910
f 2424/911 2422/912 2423/913
f 457/910 460/914 459/908
f 2422/912 2424/911 2425/915
f 463/916 462/917 461/918
f 2428/919 2426/920 2427/921
f 461/918 464/922 463/916
f 2426/920 2428/919 2429/923
f 462/917 466/924 465/925
f 2427/921 2430/926 2431/927
f 465/925 461/918 462/917
f 2430/926 2427/921 2426/920
f 466/924 468/928 467/929
f 2431/927 2432/930 2433/931
f 467/929 465/925 466/924
f 2432/930 2431/927 2430/926
f 468/928 470/932 469/933
f 2433/931 2434/934 2435/935
f 469/933 467/929 468/928
f 2434/934 2433/931 2432/930
f 470/932 472/936 471/937
f 2435/935 2436/938 2437/939
f 471/937 469/933 470/932
f 2436/938 2435/935 2434/934
f 472/936 474/940 473/941
f 2437/939 2438/942 2439/943
f 473/941 471/937 472/936
f 2438/942 2437/939 2436/938
f 475/944 1967/945 1969/946
f 2440/947 3847/948 3846/949
f 1969/946 476/950 475/944
f 3847/948 2440/947 2441/951
f 387/749 388/755 393/765
f 2354/752 2360/766 2355/756
f 393/765 439/866 387/749
f 2360/766 2354/752 2405/869
f 438/867 316/599 317/605
f 2404/868 2285/606 2284/602
f 317/605 440/870 438/867
f 2285/606 2404/868 2406/871
f 477/952 392/763 395/769
f 2442/953 2362/770 2359/764
f 395/769 478/954 477/952
f 2362/770 2442/953 2443/955
f 479/956 308/583 309/589
f 2444/957 2277/590 2276/586
f 309/589 445/882 479/956
f 2277/590 2444/957 2411/884
f 429/844 314/601 315/600
f 2395/847 2283/604 2282/603
f 315/600 480/958 429/844
f 2283/604 2395/847 2445/959
f 446/881 447/880 477/952
f 2412/885 2442/953 2413/883
f 477/952 478/954 446/881
f 2442/953 2412/885 2443/955
f 481/960 316/599 438/867
f 2446/961 2404/868 2284/602
f 438/867 482/962 481/960
f 2404/868 2446/961 2447/963
f 483/964 479/956 445/882
f 2448/965 2411/884 2444/957
f 445/882 484/966 483/964
f 2411/884 2448/965 2449/967
f 448/888 311/592 393/765
f 2414/890 2360/766 2279/596
f 393/765 324/615 448/888
f 2360/766 2414/890 2292/618
f 485/968 394/969 480/958
f 2450/970 2445/971 2361/768
f 480/958 443/872 485/968
f 2445/971 2450/970 2409/972
f 482/962 438/867 439/866
f 2447/963 2405/869 2404/868
f 439/866 312/591 482/962
f 2405/869 2447/963 2280/594
f 486/973 446/881 478/954
f 2451/974 2443/955 2412/885
f 478/954 318/609 486/973
f 2443/955 2451/974 2286/611
f 489/975 488/976 487/977
f 2454/978 2452/979 2453/980
f 487/977 490/981 489/975
f 2452/979 2454/978 2455/982
f 492/983 491/984 155/259
f 2457/985 2130/260 2456/986
f 155/259 152/255 492/983
f 2130/260 2457/985 2127/257
f 494/987 489/988 493/989
f 2459/990 2458/991 2454/992
f 493/989 495/993 494/987
f 2458/991 2459/990 2460/994
f 496/995 493/989 489/988
f 2461/996 2454/992 2458/991
f 489/988 490/997 496/995
f 2454/992 2461/996 2455/998
f 497/999 491/1000 492/1001
f 492/1001 498/1002 497/999
f 501/1003 500/1004 499/1005
f 2466/1006 2464/1007 2465/1008
f 499/1005 502/1009 501/1003
f 2464/1007 2466/1006 2467/1010
f 505/1011 504/1012 503/1013
f 2470/1014 2468/1015 2469/1016
f 503/1013 506/1017 505/1011
f 2468/1015 2470/1014 2471/1018
f 494/987 509/1019 1796/1020
f 2459/990 3747/1021 2474/1022
f 1796/1020 507/1023 494/987
f 3747/1021 2459/990 2472/1024
f 495/993 493/989 510/1025
f 2460/994 2475/1026 2458/991
f 510/1025 511/1027 495/993
f 2475/1026 2460/994 2476/1028
f 512/1029 510/1025 493/989
f 2477/1030 2458/991 2475/1026
f 493/989 496/995 512/1029
f 2458/991 2477/1030 2461/996
f 513/1031 497/999 498/1002
f 2478/1032 2463/1033 2462/1034
f 498/1002 514/1035 513/1031
f 2463/1033 2478/1032 2479/1036
f 515/1037 500/1004 501/1003
f 2480/1038 2466/1006 2465/1008
f 501/1003 516/1039 515/1037
f 2466/1006 2480/1038 2481/1040
f 518/1041 517/1042 504/1012
f 2483/1043 2469/1016 2482/1044
f 504/1012 505/1011 518/1041
f 2469/1016 2483/1043 2470/1014
f 510/1025 521/1045 520/1046
f 2475/1026 2485/1047 2486/1048
f 520/1046 511/1027 510/1025
f 2485/1047 2475/1026 2476/1028
f 512/1029 522/1049 521/1045
f 2477/1030 2486/1048 2487/1050
f 521/1045 510/1025 512/1029
f 2486/1048 2477/1030 2475/1026
f 514/1035 524/1051 523/1052
f 2479/1036 2488/1053 2489/1054
f 523/1052 513/1031 514/1035
f 2488/1053 2479/1036 2478/1032
f 528/1055 527/1056 526/1057
f 2493/1058 2491/1059 2492/1060
f 526/1057 525/1061 528/1055
f 2491/1059 2493/1058 2490/1062
f 531/1063 530/1064 529/1065
f 2496/1066 2494/1067 2495/1068
f 529/1069 532/1070 531/1071
f 2494/1067 2496/1066 2497/1072
f 535/1073 534/1074 533/1075
f 2500/1076 2498/1077 2499/1078
f 533/1075 536/1079 535/1073
f 2498/1077 2500/1076 2501/1080
f 508/1081 539/1082 537/1083
f 2473/1084 2502/1085 2504/1086
f 537/1083 538/1087 508/1081
f 2502/1085 2473/1084 2503/1088
f 539/1082 508/1081 519/1089
f 2504/1086 2484/1090 2473/1084
f 519/1089 540/1091 539/1082
f 2484/1090 2504/1086 2505/1092
f 541/1093 201/353 202/359
f 2506/1094 2176/360 2175/356
f 202/1095 542/1096 541/1097
f 2176/1098 2506/1099 2507/1100
f 544/1101 543/1102 150/1103
f 2509/1104 2125/248 2508/1105
f 150/245 151/251 544/1106
f 2125/248 2509/1104 2126/252
f 544/1106 151/251 369/713
f 2509/1104 2336/714 2126/252
f 369/1107 545/1108 544/1101
f 2336/1109 2509/1110 2510/1111
f 548/1112 524/1113 547/1114
f 2513/1115 2512/1116 2489/1117
f 547/1114 546/1118 548/1112
f 2512/1116 2513/1115 2511/1119
f 550/1120 549/1121 498/1122
f 2515/1123 2463/1124 2514/1125
f 498/1122 492/1126 550/1120
f 2463/1124 2515/1123 2457/1127
f 537/1083 539/1082 551/1128
f 2502/1085 2516/1129 2504/1086
f 551/1128 1794/1130 537/1083
f 2516/1129 2502/1085 3745/1131
f 551/1128 539/1082 540/1091
f 2516/1129 2505/1092 2504/1086
f 540/1132 552/1133 551/1134
f 2505/1135 2516/1136 2517/1137
f 541/1097 542/1096 554/1138
f 2506/1099 2519/1139 2507/1100
f 554/1138 553/1140 541/1097
f 2519/1139 2506/1099 2518/1141
f 556/1142 555/1143 543/1102
f 2521/1144 2508/1145 2520/1146
f 543/1102 544/1101 556/1142
f 2508/1145 2521/1144 2509/1110
f 556/1142 544/1101 545/1108
f 2521/1144 2510/1111 2509/1110
f 545/1108 527/1056 556/1142
f 2510/1111 2521/1144 2492/1060
f 526/1057 546/1118 547/1114
f 2491/1059 2512/1116 2511/1119
f 547/1114 525/1061 526/1057
f 2512/1116 2491/1059 2490/1062
f 500/1004 549/1121 550/1120
f 2465/1008 2515/1123 2514/1125
f 550/1120 499/1005 500/1004
f 2515/1123 2465/1008 2464/1007
f 557/1147 1719/1148 559/1149
f 2522/1150 2524/1151 3671/1152
f 559/1149 558/1153 557/1147
f 2524/1151 2522/1150 2523/1154
f 560/1155 1973/1156 1972/1157
f 2525/1158 3850/1159 3851/1160
f 1972/1157 561/1161 560/1155
f 3850/1159 2525/1158 2526/1162
f 566/1163 565/1164 564/1165
f 2531/1166 2529/1167 2530/1168
f 564/1165 567/1169 566/1163
f 2529/1167 2531/1166 2532/1170
f 570/1171 569/1172 568/1173
f 2535/1174 2533/1175 2534/1176
f 568/1173 571/1177 570/1171
f 2533/1175 2535/1174 2536/1178
f 574/1179 573/1180 572/1181
f 2539/1182 2537/1183 2538/1184
f 572/1181 575/1185 574/1179
f 2537/1183 2539/1182 2540/1186
f 1942/1187 267/501 577/1188
f 3824/1189 2542/1190 2235/504
f 577/1188 1940/1191 1942/1187
f 2542/1190 3824/1189 3822/1192
f 3/1193 345/666 326/625
f 3/1193 2294/626 2312/668
f 326/625 1809/624 3/1193
f 2294/626 3/1193 1809/624
f 578/1194 34/3 1798/2
f 2543/1195 1798/2 2013/4
f 1798/2 579/1196 578/1194
f 1798/2 2543/1195 579/1196
f 581/1197 43/25 580/1198
f 2545/1199 2544/1200 2021/27
f 580/1198 582/1201 581/1197
f 2544/1200 2545/1199 2546/1202
f 331/636 40/16 583/1203
f 2298/640 2547/1204 2018/20
f 583/1203 330/637 331/636
f 2547/1204 2298/640 2297/639
f 334/645 346/665 39/17
f 2301/647 2017/19 2313/667
f 39/17 337/649 334/645
f 2017/19 2301/647 2304/650
f 43/25 44/24 584/1205
f 2021/27 2548/1206 2022/28
f 584/1205 580/1198 43/25
f 2548/1206 2021/27 2544/1200
f 340/655 47/30 48/29
f 2307/656 2026/32 2025/34
f 48/29 338/651 340/655
f 2026/32 2307/656 2305/652
f 340/655 339/653 585/1207
f 2307/656 2549/1208 2306/654
f 585/1207 47/30 340/655
f 2549/1208 2307/656 2025/34
f 167/284 232/433 586/1209
f 2141/285 2550/1210 2200/434
f 586/1209 587/1211 167/284
f 2550/1210 2141/285 2551/1212
f 344/663 341/659 588/1213
f 2311/664 2552/1214 2308/661
f 588/1213 589/1215 344/663
f 2552/1214 2311/664 2553/1216
f 229/429 591/1217 590/1218
f 2197/431 2554/1219 2555/1220
f 590/1218 592/1221 229/429
f 2554/1219 2197/431 2556/1222
f 578/1194 584/1205 44/24
f 2543/1195 2022/28 2548/1206
f 44/24 34/3 578/1194
f 2022/28 2543/1195 2013/4
f 326/625 345/666 346/665
f 2294/626 2313/667 2312/668
f 346/665 334/645 326/625
f 2313/667 2294/626 2301/647
f 48/29 37/8 329/629
f 2026/32 2296/632 2016/12
f 329/629 338/651 48/29
f 2296/632 2026/32 2305/652
f 348/669 169/287 593/1223
f 2315/671 2557/1224 2143/288
f 593/1223 594/1225 348/669
f 2557/1224 2315/671 2558/1226
f 595/1227 255/481 256/480
f 2559/1228 2224/484 2223/483
f 256/480 596/1229 595/1227
f 2224/484 2559/1228 2560/1230
f 599/1231 598/1232 597/1233
f 2563/1234 2561/1235 2562/1236
f 597/1233 600/1237 599/1231
f 2561/1235 2563/1234 2564/1238
f 602/1239 601/1240 258/485
f 2566/1241 2226/486 2565/1242
f 258/485 255/481 602/1239
f 2226/486 2566/1241 2223/483
f 605/1243 604/1244 603/1245
f 2569/1246 2567/1247 2568/1248
f 603/1245 606/1249 605/1243
f 2567/1247 2569/1246 2570/1250
f 531/1071 532/1070 534/1074
f 2496/1066 2499/1078 2497/1072
f 534/1074 535/1073 531/1071
f 2499/1078 2496/1066 2500/1076
f 608/1251 607/1252 303/576
f 2572/1253 2271/580 2571/1254
f 303/576 609/1255 608/1251
f 2271/580 2572/1253 2573/1256
f 612/1257 611/1258 610/1259
f 2576/1260 2574/1261 2575/1262
f 610/1259 613/1263 612/1257
f 2574/1261 2576/1260 2577/1264
f 616/1265 615/1266 614/1267
f 2580/1268 2578/1269 2579/1270
f 614/1267 617/1271 616/1265
f 2578/1269 2580/1268 2581/1272
f 619/1273 618/1274 616/1265
f 2583/1275 2580/1268 2582/1276
f 616/1265 617/1271 619/1273
f 2580/1268 2583/1275 2581/1272
f 622/1277 621/1278 620/1279
f 2586/1280 2584/1281 2585/1282
f 620/1279 623/1283 622/1277
f 2584/1281 2586/1280 2587/1284
f 624/1285 2006/1286 2005/1287
f 2588/1288 3882/1289 3883/1290
f 2005/1287 625/1291 624/1285
f 3882/1289 2588/1288 2589/1292
f 628/1293 627/1294 626/1295
f 2592/1296 2590/1297 2591/1298
f 626/1295 629/1299 628/1293
f 2590/1297 2592/1296 2593/1300
f 620/1279 621/1278 630/1301
f 2584/1281 2594/1302 2585/1282
f 630/1301 631/1303 620/1279
f 2594/1302 2584/1281 2595/1304
f 634/1305 633/1306 632/1307
f 2598/1308 2596/1309 2597/1310
f 632/1307 635/1311 634/1305
f 2596/1309 2598/1308 2599/1312
f 635/1311 632/1307 636/1313
f 2599/1312 2600/1314 2596/1309
f 636/1313 637/1315 635/1311
f 2600/1314 2599/1312 2601/1316
f 640/1317 639/1318 638/1319
f 2604/1320 2602/1321 2603/1322
f 638/1319 641/1323 640/1317
f 2602/1321 2604/1320 2605/1324
f 644/1325 643/1326 642/1327
f 2608/1328 2606/1329 2607/1330
f 642/1327 645/1331 644/1325
f 2606/1329 2608/1328 2609/1332
f 648/1333 647/1334 646/1335
f 2612/1336 2610/1337 2611/1338
f 646/1335 649/1339 648/1333
f 2610/1337 2612/1336 2613/1340
f 652/1341 651/1342 650/1343
f 2616/1344 2614/1345 2615/1346
f 650/1343 653/1347 652/1341
f 2614/1345 2616/1344 2617/1348
f 656/1349 655/1350 654/1351
f 2620/1352 2618/1353 2619/1354
f 654/1351 657/1355 656/1349
f 2618/1353 2620/1352 2621/1356
f 658/1357 661/1358 660/1359
f 2622/1360 2624/1361 2625/1362
f 660/1359 659/1363 658/1357
f 2624/1361 2622/1360 2623/1364
f 662/1365 1922/1366 664/1367
f 2626/1368 2628/1369 3804/1370
f 664/1367 663/1371 662/1365
f 2628/1369 2626/1368 2627/1372
f 131/206 116/173 117/179
f 2106/210 2094/180 2093/176
f 117/179 130/207 131/206
f 2094/180 2106/210 2105/209
f 120/181 2/213 135/219
f 120/184 2110/220 2/216
f 135/219 119/182 120/181
f 2110/220 120/184 2096/186
f 189/331 186/322 116/173
f 2163/333 2093/176 2160/326
f 116/173 131/206 189/331
f 2093/176 2163/333 2106/210
f 237/444 238/443 185/323
f 2205/446 2159/325 2206/445
f 185/323 190/330 237/444
f 2159/325 2205/446 2164/334
f 130/207 117/179 119/182
f 2105/209 2096/186 2094/180
f 119/182 135/219 130/207
f 2096/186 2105/209 2110/220
f 667/1373 666/1374 665/1375
f 2631/1376 2629/1377 2630/1378
f 665/1375 668/1379 667/1373
f 2629/1377 2631/1376 2632/1380
f 671/1381 670/1382 669/1383
f 2635/1384 2633/1385 2634/1386
f 669/1383 672/1387 671/1381
f 2633/1385 2635/1384 2636/1388
f 674/1389 673/1390 297/565
f 2638/1391 2265/566 2637/1392
f 297/565 294/561 674/1389
f 2265/566 2638/1391 2262/563
f 416/816 676/1393 675/1394
f 2382/817 2639/1395 2640/1396
f 675/1394 415/810 416/816
f 2639/1395 2382/817 2381/813
f 679/1397 678/1398 677/1399
f 2643/1400 2641/1401 2642/1402
f 677/1399 680/1403 679/1397
f 2641/1401 2643/1400 2644/1404
f 683/1405 682/1406 681/1407
f 2647/1408 2645/1409 2646/1410
f 681/1407 684/1411 683/1405
f 2645/1409 2647/1408 2648/1412
f 687/1413 686/1414 685/1415
f 2651/1416 2649/1417 2650/1418
f 685/1415 688/1419 687/1413
f 2649/1417 2651/1416 2652/1420
f 496/995 497/999 513/1031
f 2461/996 2478/1032 2462/1034
f 513/1031 512/1029 496/995
f 2478/1032 2461/996 2477/1030
f 501/1003 504/1012 517/1042
f 2466/1006 2482/1044 2469/1016
f 517/1042 516/1039 501/1003
f 2482/1044 2466/1006 2481/1040
f 689/1421 519/1089 509/1019
f 2653/1422 2474/1022 2484/1090
f 509/1019 690/1423 689/1421
f 2474/1022 2653/1422 2654/1424
f 540/1091 519/1089 689/1421
f 2505/1092 2653/1422 2484/1090
f 689/1421 691/1425 540/1091
f 2653/1422 2505/1092 2655/1426
f 514/1427 498/1122 549/1121
f 2479/1428 2514/1125 2463/1124
f 549/1121 692/1429 514/1427
f 2514/1125 2479/1428 2656/1430
f 552/1133 540/1132 691/1431
f 2517/1137 2655/1432 2505/1135
f 691/1431 693/1433 552/1133
f 2655/1432 2517/1137 2657/1434
f 692/1429 549/1121 500/1004
f 2656/1430 2465/1008 2514/1125
f 500/1004 515/1037 692/1429
f 2465/1008 2656/1430 2480/1038
f 696/1435 695/1436 694/1437
f 2660/1438 2658/1439 2659/1440
f 694/1437 697/1441 696/1435
f 2658/1439 2660/1438 2661/1442
f 700/1443 699/1444 698/1445
f 2664/1446 2662/1447 2663/1448
f 698/1445 701/1449 700/1443
f 2662/1447 2664/1446 2665/1450
f 704/1451 703/1452 702/1453
f 2668/1454 2666/1455 2667/1456
f 702/1453 705/1457 704/1451
f 2666/1455 2668/1454 2669/1458
f 708/1459 707/1460 706/1461
f 2672/1462 2670/1463 2671/1464
f 706/1461 709/1465 708/1459
f 2670/1463 2672/1462 2673/1466
f 654/1351 655/1350 710/1467
f 2618/1353 2674/1468 2619/1354
f 710/1467 711/1469 654/1351
f 2674/1468 2618/1353 2675/1470
f 714/1471 713/1472 712/1473
f 2678/1474 2676/1475 2677/1476
f 712/1473 715/1477 714/1471
f 2676/1475 2678/1474 2679/1478
f 649/1339 717/1479 716/1480
f 2613/1340 2680/1481 2681/1482
f 716/1480 718/1483 649/1339
f 2680/1481 2613/1340 2682/1484
f 642/1327 643/1326 719/1485
f 2606/1329 2683/1486 2607/1330
f 719/1485 720/1487 642/1327
f 2683/1486 2606/1329 2684/1488
f 723/1489 722/1490 721/1491
f 2687/1492 2685/1493 2686/1494
f 721/1491 724/1495 723/1489
f 2685/1493 2687/1492 2688/1496
f 726/1497 725/1498 462/917
f 2690/1499 2427/921 2689/1500
f 462/917 463/916 726/1497
f 2427/921 2690/1499 2428/919
f 725/1498 727/1501 466/924
f 2689/1500 2431/927 2691/1502
f 466/924 462/917 725/1498
f 2431/927 2689/1500 2427/921
f 727/1501 728/1503 468/928
f 2691/1502 2433/931 2692/1504
f 468/928 466/924 727/1501
f 2433/931 2691/1502 2431/927
f 728/1503 729/1505 470/932
f 2692/1504 2435/935 2693/1506
f 470/932 468/928 728/1503
f 2435/935 2692/1504 2433/931
f 729/1505 730/1507 472/936
f 2693/1506 2437/939 2694/1508
f 472/936 470/932 729/1505
f 2437/939 2693/1506 2435/935
f 730/1507 731/1509 474/940
f 2694/1508 2439/943 2695/1510
f 474/940 472/936 730/1507
f 2439/943 2694/1508 2437/939
f 476/950 1969/946 1970/1511
f 2441/951 3848/1512 3847/948
f 1970/1511 732/1513 476/950
f 3848/1512 2441/951 2696/1514
f 230/428 733/1515 591/1217
f 2198/432 2555/1220 2697/1516
f 591/1217 229/429 230/428
f 2555/1220 2198/432 2197/431
f 181/311 735/1517 734/1518
f 2155/312 2698/1519 2699/1520
f 734/1518 180/305 181/311
f 2698/1519 2155/312 2154/308
f 736/1521 425/841 234/436
f 2700/1522 2202/440 2391/843
f 234/436 235/435 736/1521
f 2202/440 2700/1522 2203/438
f 243/451 199/345 333/641
f 2211/454 2300/642 2173/348
f 333/641 342/658 243/451
f 2300/642 2211/454 2309/662
f 737/1523 1815/1524 1813/902
f 2701/1525 1813/902 1815/1524
f 1813/902 456/906 737/1523
f 1813/902 2701/1525 2421/907
f 249/467 598/1232 738/1526
f 2217/468 2702/1527 2562/1236
f 738/1526 739/1528 249/467
f 2702/1527 2217/468 2703/1529
f 262/493 740/1530 376/735
f 2230/494 2343/736 2704/1531
f 376/735 261/487 262/493
f 2343/736 2230/494 2229/490
f 342/658 333/641 330/637
f 2309/662 2297/639 2300/642
f 330/637 341/659 342/658
f 2297/639 2309/662 2308/661
f 178/307 179/306 737/1523
f 2152/309 2701/1525 2153/310
f 737/1523 456/906 178/307
f 2701/1525 2152/309 2421/907
f 374/732 741/1532 260/488
f 2341/734 2228/492 2705/1533
f 260/488 261/487 374/732
f 2228/492 2341/734 2229/490
f 400/780 398/777 422/833
f 2366/781 2388/837 2364/779
f 422/833 423/832 400/780
f 2388/837 2366/781 2389/835
f 426/840 742/1534 233/437
f 2392/842 2201/439 2706/1535
f 233/437 234/436 426/840
f 2201/439 2392/842 2202/440
f 341/659 330/637 583/1203
f 2308/661 2547/1204 2297/639
f 583/1203 588/1213 341/659
f 2547/1204 2308/661 2552/1214
f 232/433 229/429 592/1221
f 2200/434 2556/1222 2197/431
f 592/1221 586/1209 232/433
f 2556/1222 2200/434 2550/1210
f 660/1359 744/1536 743/1537
f 2624/1361 2707/1538 2708/1539
f 743/1537 659/1363 660/1359
f 2707/1538 2624/1361 2623/1364
f 645/1331 642/1327 650/1343
f 2609/1332 2614/1345 2606/1329
f 650/1343 651/1342 645/1331
f 2614/1345 2609/1332 2615/1346
f 258/485 746/1540 745/1541
f 2226/486 2709/1542 2710/1543
f 745/1541 257/479 258/485
f 2709/1542 2226/486 2225/482
f 747/1544 738/1526 595/1227
f 2711/1545 2559/1228 2702/1527
f 595/1227 596/1229 747/1544
f 2559/1228 2711/1545 2560/1230
f 748/1546 378/739 377/737
f 2712/1547 2344/738 2345/740
f 377/737 749/1548 748/1546
f 2344/738 2712/1547 2713/1549
f 254/477 751/1550 750/1551
f 2222/478 2714/1552 2715/1553
f 750/1551 253/471 254/477
f 2714/1552 2222/478 2221/474
f 1865/1554 753/1555 752/1556
f 3749/1557 2716/1558 2717/1559
f 752/1556 754/1560 1865/1554
f 2716/1558 3749/1557 2718/1561
f 756/1562 755/1563 252/472
f 2720/1564 2220/476 2719/1565
f 252/472 253/471 756/1562
f 2220/476 2720/1564 2221/474
f 758/1566 757/1567 254/477
f 2722/1568 2222/478 2721/1569
f 254/477 251/473 758/1566
f 2222/478 2722/1568 2219/475
f 759/1570 758/1566 251/473
f 2723/1571 2219/475 2722/1568
f 251/724 372/723 759/1572
f 2219/728 2723/1573 2339/726
f 755/1574 760/1575 373/729
f 2719/1576 2340/730 2724/1577
f 373/729 252/725 755/1574
f 2340/730 2719/1576 2220/727
f 378/739 260/488 741/1532
f 2345/740 2705/1533 2228/492
f 741/1532 263/497 378/739
f 2705/1533 2345/740 2231/498
f 748/1546 259/489 260/488
f 2712/1547 2228/492 2227/491
f 260/488 378/739 748/1546
f 2228/492 2712/1547 2345/740
f 757/1567 761/1578 751/1550
f 2721/1569 2715/1553 2725/1579
f 751/1550 254/477 757/1567
f 2715/1553 2721/1569 2222/478
f 756/1562 253/471 750/1551
f 2720/1564 2714/1552 2221/474
f 750/1551 762/1580 756/1562
f 2714/1552 2720/1564 2726/1581
f 765/1582 764/1583 763/1584
f 2729/1585 2727/1586 2728/1587
f 763/1584 766/1588 765/1582
f 2727/1586 2729/1585 2730/1589
f 755/1563 768/1590 767/1591
f 2719/1565 2731/1592 2732/1593
f 767/1594 760/1575 755/1574
f 2731/1595 2719/1576 2724/1577
f 768/1590 755/1563 756/1562
f 2732/1593 2720/1564 2719/1565
f 756/1562 762/1580 768/1590
f 2720/1564 2732/1593 2726/1581
f 771/1596 770/1597 769/1598
f 2735/1599 2733/1600 2734/1601
f 769/1598 772/1602 771/1596
f 2733/1600 2735/1599 2736/1603
f 41/15 733/1515 583/1203
f 2019/18 2547/1204 2697/1516
f 583/1203 40/16 41/15
f 2547/1204 2019/18 2018/20
f 1804/369 4/1604 175/298
f 1804/369 2149/302 4/1604
f 175/298 176/297 1804/369
f 2149/302 1804/369 2150/300
f 233/437 742/1534 773/1605
f 2201/439 2737/1606 2706/1535
f 773/1605 362/699 233/437
f 2737/1606 2201/439 2329/700
f 245/461 775/1607 774/1608
f 2213/463 2738/1609 2739/1610
f 774/1608 776/1611 245/461
f 2738/1609 2213/463 2740/1612
f 163/1613 761/1578 757/1567
f 2138/1614 2721/1569 2725/1579
f 757/1567 162/715 163/1613
f 2721/1569 2138/1614 2137/716
f 236/441 233/437 184/319
f 2204/442 2158/320 2201/439
f 184/319 777/1615 236/441
f 2158/320 2204/442 2741/1616
f 357/1617 336/643 332/635
f 2324/1618 2299/638 2303/646
f 332/635 200/351 357/1617
f 2299/638 2324/1618 2174/352
f 780/1619 779/1620 778/1621
f 2744/1622 2742/1623 2743/1624
f 778/1621 781/1625 780/1619
f 2742/1623 2744/1622 2745/1626
f 336/643 337/649 331/636
f 2303/646 2298/640 2304/650
f 331/636 332/635 336/643
f 2298/640 2303/646 2299/638
f 424/838 421/834 417/819
f 2390/839 2383/823 2387/836
f 417/819 418/818 424/838
f 2383/823 2390/839 2384/821
f 591/1217 581/1197 582/1201
f 2555/1220 2546/1202 2545/1199
f 582/1201 590/1218 591/1217
f 2546/1202 2555/1220 2554/1219
f 337/649 39/17 40/16
f 2304/650 2018/20 2017/19
f 40/16 331/636 337/649
f 2018/20 2304/650 2298/640
f 281/529 288/543 289/549
f 2249/532 2257/550 2256/546
f 289/549 280/530 281/529
f 2257/550 2249/532 2248/534
f 783/1627 782/1628 290/1629
f 2747/1630 2258/1631 2746/1632
f 290/1629 784/1633 783/1627
f 2258/1631 2747/1630 2748/1634
f 786/1635 785/1636 288/543
f 2750/1637 2256/546 2749/1638
f 288/543 281/529 786/1635
f 2256/546 2750/1637 2249/532
f 789/1639 788/1640 787/1641
f 2753/1642 2751/1643 2752/1644
f 787/1641 790/1645 789/1639
f 2751/1643 2753/1642 2754/1646
f 222/405 791/1647 381/741
f 2191/406 2348/742 2755/1648
f 381/741 99/142 222/405
f 2348/742 2191/406 2076/146
f 50/39 178/307 456/906
f 2028/41 2421/907 2152/309
f 456/906 53/43 50/39
f 2421/907 2028/41 2031/44
f 60/60 736/1521 398/777
f 2037/64 2364/779 2700/1522
f 398/777 59/61 60/60
f 2364/779 2037/64 2036/63
f 242/452 343/657 137/222
f 2210/456 2112/226 2310/660
f 137/222 138/221 242/452
f 2112/226 2210/456 2113/224
f 168/283 231/427 232/433
f 2142/286 2200/434 2199/430
f 232/433 167/284 168/283
f 2200/434 2142/286 2141/285
f 370/720 226/415 227/419
f 2337/722 2196/420 2195/417
f 227/419 792/1649 370/720
f 2196/420 2337/722 2756/1650
f 115/174 116/173 186/322
f 2092/178 2160/326 2093/176
f 186/322 187/321 115/174
f 2160/326 2092/178 2161/324
f 735/1517 793/1651 247/459
f 2699/1520 2215/462 2757/1652
f 247/459 734/1518 735/1517
f 2215/462 2699/1520 2698/1519
f 343/657 344/663 339/653
f 2310/660 2306/654 2311/664
f 339/653 137/222 343/657
f 2306/654 2310/660 2112/226
f 187/321 188/327 425/841
f 2161/324 2391/843 2162/328
f 425/841 397/774 187/321
f 2391/843 2161/324 2363/775
f 401/782 62/65 59/61
f 2367/783 2036/63 2039/66
f 59/61 399/776 401/782
f 2036/63 2367/783 2365/778
f 53/43 456/906 455/904
f 2031/44 2420/905 2421/907
f 455/904 459/1653 53/43
f 2420/905 2031/44 2424/1654
f 794/1655 795/1656 517/1042
f 2758/1657 2482/1044 2759/1658
f 517/1042 518/1041 794/1655
f 2482/1044 2758/1657 2483/1043
f 339/653 344/663 589/1215
f 2306/654 2553/1216 2311/664
f 589/1215 585/1207 339/653
f 2553/1216 2306/654 2549/1208
f 169/287 167/284 587/1211
f 2143/288 2551/1212 2141/285
f 587/1211 593/1223 169/287
f 2551/1212 2143/288 2557/1224
f 173/1659 170/1660 796/1661
f 2147/1662 2760/1663 2144/1664
f 796/1661 797/1665 173/1659
f 2760/1663 2147/1662 2761/1666
f 601/1240 798/1667 746/1540
f 2565/1242 2710/1543 2762/1668
f 746/1540 258/485 601/1240
f 2710/1543 2565/1242 2226/486
f 190/330 185/323 186/322
f 2164/334 2160/326 2159/325
f 186/322 189/331 190/330
f 2160/326 2164/334 2163/333
f 799/1669 433/856 385/751
f 2763/1670 2352/753 2399/857
f 385/751 800/1671 799/1669
f 2352/753 2763/1670 2764/1672
f 437/864 434/860 801/1673
f 2403/865 2765/1674 2400/862
f 801/1673 802/1675 437/864
f 2765/1674 2403/865 2766/1676
f 439/866 393/765 311/592
f 2405/869 2279/596 2360/766
f 311/592 312/591 439/866
f 2279/596 2405/869 2280/594
f 485/1677 321/613 395/769
f 2450/970 2362/770 2289/614
f 395/769 394/767 485/1677
f 2362/770 2450/970 2361/768
f 300/1678 301/1679 803/1680
f 2268/570 2767/1681 2269/574
f 803/1680 804/1682 300/1678
f 2767/1681 2268/570 2768/1683
f 299/568 806/1684 805/1685
f 2267/1686 2769/1687 2770/1688
f 805/1685 298/569 299/568
f 2769/1687 2267/1686 2266/1689
f 808/1690 386/750 807/1691
f 2772/1692 2771/1693 2353/754
f 807/1691 809/1694 808/1690
f 2771/1693 2772/1692 2773/1695
f 1170/1696 799/1669 810/1697
f 3128/1698 2774/1699 2763/1670
f 810/1697 1126/1700 1170/1696
f 2774/1699 3128/1698 3084/1701
f 435/859 811/1702 306/585
f 2401/863 2274/587 2775/1703
f 306/585 434/860 435/859
f 2274/587 2401/863 2400/862
f 480/958 315/600 442/873
f 2445/959 2408/877 2283/604
f 442/873 443/872 480/958
f 2408/877 2445/959 2409/875
f 451/892 448/888 324/615
f 2417/893 2292/618 2414/890
f 324/615 325/621 451/892
f 2292/618 2417/893 2293/622
f 481/960 812/1704 441/874
f 2446/961 2407/876 2776/1705
f 441/874 442/873 481/960
f 2407/876 2446/961 2408/877
f 448/888 449/887 310/593
f 2414/890 2278/595 2415/891
f 310/593 311/592 448/888
f 2278/595 2414/890 2279/596
f 321/613 485/1677 813/1706
f 2289/614 2777/1707 2450/970
f 813/1706 320/607 321/613
f 2777/1707 2289/614 2288/610
f 312/591 313/597 404/790
f 2280/594 2370/791 2281/598
f 404/790 482/962 312/591
f 2370/791 2280/594 2447/963
f 486/973 408/800 406/797
f 2451/974 2372/799 2374/801
f 406/797 484/966 486/973
f 2372/799 2451/974 2449/967
f 458/909 459/908 455/1708
f 2423/913 2420/1709 2424/911
f 455/1708 814/1710 458/909
f 2420/1709 2423/913 2778/1711
f 458/909 463/916 464/922
f 2423/913 2429/923 2428/919
f 464/922 457/910 458/909
f 2429/923 2423/913 2422/912
f 814/1710 726/1497 463/916
f 2778/1711 2428/919 2690/1499
f 463/916 458/909 814/1710
f 2428/919 2778/1711 2423/913
f 776/1611 774/1608 364/703
f 2740/1612 2331/704 2738/1609
f 364/703 365/705 776/1611
f 2331/704 2740/1612 2332/706
f 86/119 87/118 815/1712
f 2063/121 2779/1713 2064/122
f 815/1712 816/1714 86/119
f 2779/1713 2063/121 2780/1715
f 819/1716 818/1717 817/1718
f 2783/1719 2781/1720 2782/1721
f 817/1718 820/1722 819/1716
f 2781/1720 2783/1719 2784/1723
f 89/123 86/119 365/1724
f 2066/124 2332/1725 2063/121
f 365/1724 142/1726 89/123
f 2332/1725 2066/124 2117/1727
f 90/425 143/235 8/1728
f 2067/426 8/1728 2118/236
f 8/1728 228/421 90/425
f 8/1728 2067/426 228/421
f 222/405 788/1640 789/1639
f 2191/406 2753/1642 2752/1644
f 789/1639 791/1647 222/405
f 2753/1642 2191/406 2755/1648
f 345/666 3/1193 1797/1
f 2312/668 1797/1 3/1193
f 1797/1 35/5 345/666
f 1797/1 2312/668 2014/6
f 43/25 581/1197 41/15
f 2021/27 2019/18 2545/1199
f 41/15 42/21 43/25
f 2019/18 2021/27 2020/22
f 42/21 39/17 346/665
f 2020/22 2313/667 2017/19
f 346/665 45/23 42/21
f 2313/667 2020/22 2023/26
f 49/35 46/31 169/287
f 2027/36 2143/288 2024/33
f 169/287 348/669 49/35
f 2143/288 2027/36 2315/671
f 47/30 585/1207 168/283
f 2025/34 2142/286 2549/1208
f 168/283 46/31 47/30
f 2142/286 2025/34 2024/33
f 589/1215 588/1213 230/428
f 2553/1216 2198/432 2552/1214
f 230/428 231/427 589/1215
f 2198/432 2553/1216 2199/430
f 44/24 45/23 35/5
f 2022/28 2014/6 2023/26
f 35/5 34/3 44/24
f 2014/6 2022/28 2013/4
f 823/1729 822/1730 821/1731
f 2787/1732 2785/1733 2786/1734
f 821/1731 594/1225 823/1729
f 2785/1733 2787/1732 2558/1226
f 588/1213 583/1203 733/1515
f 2552/1214 2697/1516 2547/1204
f 733/1515 230/428 588/1213
f 2697/1516 2552/1214 2198/432
f 581/1197 591/1217 733/1515
f 2545/1199 2697/1516 2555/1220
f 733/1515 41/15 581/1197
f 2697/1516 2545/1199 2019/18
f 585/1207 589/1215 231/427
f 2549/1208 2199/430 2553/1216
f 231/427 168/283 585/1207
f 2199/430 2549/1208 2142/286
f 54/45 75/1735 22/1736
f 2032/48 22/1736 2052/1737
f 22/1736 1801/46 54/45
f 22/1736 2032/48 1801/46
f 350/676 397/774 60/60
f 2317/678 2037/64 2363/775
f 60/60 61/59 350/676
f 2037/64 2317/678 2038/62
f 77/91 403/786 441/874
f 2054/94 2407/876 2369/1738
f 441/874 812/1704 77/91
f 2407/876 2054/94 2776/1705
f 84/1739 85/820 417/819
f 2061/1740 2383/823 2062/822
f 417/819 777/1615 84/1739
f 2383/823 2061/1740 2741/1616
f 70/81 67/77 21/828
f 2047/82 21/830 2044/79
f 21/828 212/373 70/81
f 21/830 2047/82 212/376
f 236/441 421/834 422/833
f 2204/442 2388/837 2387/836
f 422/833 235/435 236/441
f 2388/837 2204/442 2203/438
f 68/76 69/75 61/59
f 2045/80 2038/62 2046/78
f 61/59 62/65 68/76
f 2038/62 2045/80 2039/66
f 481/960 442/873 315/600
f 2446/961 2283/604 2408/877
f 315/600 316/599 481/960
f 2283/604 2446/961 2284/602
f 235/435 422/833 398/777
f 2203/438 2364/779 2388/837
f 398/777 736/1521 235/435
f 2364/779 2203/438 2700/1522
f 777/1615 417/819 421/834
f 2741/1616 2387/836 2383/823
f 421/834 236/441 777/1615
f 2387/836 2741/1616 2204/442
f 397/774 425/841 736/1521
f 2363/775 2700/1522 2391/843
f 736/1521 60/60 397/774
f 2700/1522 2363/775 2037/64
f 824/1741 825/1742 826/1743
f 2788/1744 2790/1745 2789/1746
f 826/1743 827/1747 824/1741
f 2790/1745 2788/1744 2791/1748
f 482/962 404/790 812/1704
f 2447/963 2776/1705 2370/791
f 812/1704 481/960 482/962
f 2776/1705 2447/963 2446/961
f 484/966 406/797 828/1749
f 2449/967 2792/1750 2372/799
f 828/1749 483/964 484/966
f 2792/1750 2449/967 2448/965
f 779/1620 734/1518 247/459
f 2743/1624 2215/462 2698/1519
f 247/459 248/465 779/1620
f 2215/462 2743/1624 2216/466
f 829/1751 781/1752 778/1753
f 2793/1754 2742/1755 2745/1756
f 778/1753 830/1757 829/1751
f 2742/1755 2793/1754 2794/1758
f 831/1759 783/1627 784/1633
f 2795/1760 2748/1634 2747/1630
f 784/1633 220/1761 831/1759
f 2748/1634 2795/1760 2189/1762
f 831/1759 220/1761 176/1763
f 2795/1760 2150/1764 2189/1762
f 176/1763 177/1765 831/1759
f 2150/1764 2795/1760 2151/1766
f 832/1767 829/1751 830/1757
f 2796/1768 2794/1758 2793/1754
f 830/1757 833/1769 832/1767
f 2794/1758 2796/1768 2797/1770
f 245/461 776/1611 816/1771
f 2213/463 2780/1772 2740/1612
f 816/1771 248/465 245/461
f 2780/1772 2213/463 2216/466
f 143/235 140/231 1816/1773
f 2118/236 1816/1773 2115/233
f 1816/1773 8/1728 143/235
f 1816/1773 2118/236 8/1728
f 180/305 734/1518 779/1620
f 2154/308 2743/1624 2698/1519
f 779/1620 780/1619 180/305
f 2743/1624 2154/308 2744/1622
f 216/389 217/388 56/53
f 2186/391 56/55 217/392
f 56/53 57/52 216/389
f 56/55 2186/391 2034/56
f 816/1771 778/1621 779/1620
f 2780/1772 2743/1624 2742/1623
f 779/1620 248/465 816/1771
f 2743/1624 2780/1772 2216/466
f 452/896 453/895 1806/387
f 2418/898 1806/390 453/899
f 1806/387 218/393 452/896
f 1806/390 2418/898 2187/394
f 226/415 370/720 371/719
f 2195/417 2338/721 2337/722
f 371/719 349/673 226/415
f 2338/721 2195/417 2316/674
f 792/1649 50/39 51/38
f 2756/1650 2029/42 2028/41
f 51/38 370/720 792/1649
f 2029/42 2756/1650 2337/722
f 816/1714 815/1712 830/1757
f 2780/1715 2794/1758 2779/1713
f 830/1757 778/1753 816/1714
f 2794/1758 2780/1715 2742/1755
f 781/1625 177/303 174/299
f 2745/1626 2148/301 2151/304
f 174/299 780/1619 781/1625
f 2148/301 2745/1626 2744/1622
f 177/1765 781/1752 829/1751
f 2151/1766 2793/1754 2745/1756
f 829/1751 831/1759 177/1765
f 2793/1754 2151/1766 2795/1760
f 834/1774 782/1628 783/1627
f 2798/1775 2747/1630 2746/1632
f 783/1627 832/1767 834/1774
f 2747/1630 2798/1775 2796/1768
f 108/157 109/163 787/1641
f 2085/160 2751/1643 2086/164
f 787/1641 835/1776 108/157
f 2751/1643 2085/160 2799/1777
f 838/1778 837/1779 836/1780
f 2802/1781 2800/1782 2801/1783
f 836/1780 839/1784 838/1778
f 2800/1782 2802/1781 2803/1785
f 840/1786 842/1787 1220/1788
f 2804/1789 3173/1790 2806/1791
f 1220/1788 841/1792 840/1786
f 3173/1790 2804/1789 2805/1793
f 835/1776 787/1641 788/1640
f 2799/1777 2752/1644 2751/1643
f 788/1640 843/1794 835/1776
f 2752/1644 2799/1777 2807/1795
f 844/1796 95/134 839/1784
f 2808/1797 2803/1785 2072/138
f 839/1784 836/1780 844/1796
f 2803/1785 2808/1797 2800/1782
f 846/1798 845/1799 558/1153
f 2810/1800 2523/1154 2809/1801
f 558/1153 559/1149 846/1798
f 2523/1154 2810/1800 2524/1151
f 74/1802 71/314 183/313
f 2051/1803 2157/316 2048/318
f 183/313 113/171 74/1802
f 2157/316 2051/1803 2090/172
f 353/1804 74/1802 113/171
f 2320/1805 2090/172 2051/1803
f 113/171 110/167 353/1804
f 2090/172 2320/1805 2087/169
f 84/1739 777/1615 184/319
f 2061/1740 2158/320 2741/1616
f 184/319 182/315 84/1739
f 2158/320 2061/1740 2156/317
f 405/794 83/110 84/109
f 2371/795 2061/112 2060/114
f 84/109 182/792 405/794
f 2061/112 2371/795 2156/793
f 483/964 828/1749 450/886
f 2448/965 2416/889 2792/1750
f 450/886 451/892 483/964
f 2416/889 2448/965 2417/893
f 479/956 483/964 451/892
f 2444/957 2417/893 2448/965
f 451/892 325/621 479/956
f 2417/893 2444/957 2293/622
f 308/583 479/956 325/621
f 2276/586 2293/622 2444/957
f 325/621 322/617 308/583
f 2293/622 2276/586 2290/619
f 307/584 308/583 322/617
f 2275/588 2290/619 2276/586
f 322/617 432/854 307/584
f 2290/619 2275/588 2398/855
f 674/1389 436/858 437/864
f 2638/1391 2403/865 2402/861
f 437/864 430/851 674/1389
f 2403/865 2638/1391 2396/853
f 295/560 804/1682 847/1806
f 2263/564 2811/1807 2768/1683
f 847/1806 294/561 295/560
f 2811/1807 2263/564 2262/563
f 567/1169 849/1808 848/1809
f 2532/1170 2812/1810 2813/1811
f 848/1809 566/1163 567/1169
f 2812/1810 2532/1170 2531/1166
f 565/1164 851/1812 850/1813
f 2530/1168 2814/1814 2815/1815
f 850/1813 564/1165 565/1164
f 2814/1814 2530/1168 2529/1167
f 851/1812 565/1164 1975/1816
f 2815/1815 3853/1817 2530/1168
f 1975/1816 1974/1818 851/1812
f 3853/1817 2815/1815 3852/1819
f 569/1172 855/1820 854/1821
f 2534/1176 2818/1822 2819/1823
f 854/1821 568/1173 569/1172
f 2818/1822 2534/1176 2533/1175
f 571/1177 848/1809 849/1808
f 2536/1178 2813/1811 2812/1810
f 849/1808 570/1171 571/1177
f 2813/1811 2536/1178 2535/1174
f 848/1809 571/1177 1977/1824
f 2812/1810 3855/1825 2536/1178
f 1977/1824 1976/1826 848/1809
f 3855/1825 2812/1810 3854/1827
f 819/1716 850/1813 851/1812
f 2783/1719 2815/1815 2814/1814
f 851/1812 818/1717 819/1716
f 2815/1815 2783/1719 2782/1721
f 820/1722 557/1147 850/1813
f 2784/1723 2814/1814 2522/1150
f 850/1813 819/1716 820/1722
f 2814/1814 2784/1723 2783/1719
f 858/1828 861/1829 1979/1830
f 2822/1831 3857/1832 2825/1833
f 1979/1830 1978/1834 858/1828
f 3857/1832 2822/1831 3856/1835
f 863/1836 855/1820 862/1837
f 2827/1838 2826/1839 2819/1823
f 862/1837 572/1181 863/1836
f 2826/1839 2827/1838 2537/1183
f 864/1840 854/1821 855/1820
f 2828/1841 2819/1823 2818/1822
f 855/1820 863/1836 864/1840
f 2819/1823 2828/1841 2827/1838
f 854/1821 864/1840 1981/1842
f 2818/1822 3859/1843 2828/1841
f 1981/1842 1980/1844 854/1821
f 3859/1843 2818/1822 3858/1845
f 869/1846 868/1847 867/1848
f 2833/1849 2831/1850 2832/1851
f 867/1848 870/1852 869/1846
f 2831/1850 2833/1849 2834/1853
f 873/1854 872/1855 871/1856
f 2837/1857 2835/1858 2836/1859
f 871/1856 874/1860 873/1854
f 2835/1858 2837/1857 2838/1861
f 877/1862 876/1863 875/1864
f 2841/1865 2839/1866 2840/1867
f 875/1864 878/1868 877/1862
f 2839/1866 2841/1865 2842/1869
f 874/1860 871/1856 868/1847
f 2838/1861 2832/1851 2835/1858
f 868/1847 869/1846 874/1860
f 2832/1851 2838/1861 2833/1849
f 881/1870 880/1871 879/1872
f 2845/1873 2843/1874 2844/1875
f 879/1872 882/1876 881/1870
f 2843/1874 2845/1873 2846/1877
f 884/1878 883/1879 872/1880
f 2848/1881 2836/1882 2847/1883
f 872/1855 873/1854 884/1884
f 2836/1859 2848/1885 2837/1857
f 887/1886 886/1887 885/1888
f 2851/1889 2849/1890 2850/1891
f 885/1888 888/1892 887/1886
f 2849/1890 2851/1889 2852/1893
f 891/1894 890/1895 889/1896
f 2855/1897 2853/1898 2854/1899
f 889/1896 892/1900 891/1894
f 2853/1898 2855/1897 2856/1901
f 885/1888 894/1902 893/1903
f 2849/1890 2857/1904 2858/1905
f 893/1903 888/1892 885/1888
f 2857/1904 2849/1890 2852/1893
f 651/1342 652/1341 895/1906
f 2615/1346 2859/1907 2616/1344
f 895/1906 745/1541 651/1342
f 2859/1907 2615/1346 2709/1542
f 753/1555 1865/1554 896/1908
f 2717/1559 2860/1909 3749/1557
f 896/1908 897/1910 753/1555
f 2860/1909 2717/1559 2861/1911
f 900/1912 899/1913 898/1914
f 2864/1915 2862/1916 2863/1917
f 898/1914 901/1918 900/1912
f 2862/1916 2864/1915 2865/1919
f 897/1910 896/1908 899/1913
f 2861/1911 2863/1917 2860/1909
f 899/1913 900/1912 897/1910
f 2863/1917 2861/1911 2864/1915
f 264/496 903/1920 902/1921
f 2232/499 2866/1922 2867/1923
f 902/1921 377/737 264/496
f 2866/1922 2232/499 2344/738
f 377/737 902/1921 904/1924
f 2344/738 2868/1925 2866/1922
f 904/1924 749/1548 377/737
f 2868/1925 2344/738 2713/1549
f 905/1926 902/1921 903/1920
f 2869/1927 2867/1923 2866/1922
f 903/1920 906/1928 905/1926
f 2867/1923 2869/1927 2870/1929
f 907/1930 904/1924 902/1921
f 2871/1931 2866/1922 2868/1925
f 902/1921 905/1926 907/1930
f 2866/1922 2871/1931 2869/1927
f 908/1932 749/1548 904/1924
f 2872/1933 2868/1925 2713/1549
f 904/1924 907/1930 908/1932
f 2868/1925 2872/1933 2871/1931
f 763/1584 748/1546 749/1548
f 2727/1586 2713/1549 2712/1547
f 749/1548 908/1932 763/1584
f 2713/1549 2727/1586 2872/1933
f 764/1583 259/489 748/1546
f 2728/1587 2712/1547 2227/491
f 748/1546 763/1584 764/1583
f 2712/1547 2728/1587 2727/1586
f 909/1934 262/493 259/489
f 2873/1935 2227/491 2230/494
f 259/489 764/1583 909/1934
f 2227/491 2873/1935 2728/1587
f 752/1556 751/1550 761/1578
f 2716/1558 2725/1579 2715/1553
f 761/1578 910/1936 752/1556
f 2725/1579 2716/1558 2874/1937
f 753/1555 750/1551 751/1550
f 2717/1559 2715/1553 2714/1552
f 751/1550 752/1556 753/1555
f 2715/1553 2717/1559 2716/1558
f 897/1910 762/1580 750/1551
f 2861/1911 2714/1552 2726/1581
f 750/1551 753/1555 897/1910
f 2714/1552 2861/1911 2717/1559
f 900/1912 768/1590 762/1580
f 2864/1915 2726/1581 2732/1593
f 762/1580 897/1910 900/1912
f 2726/1581 2864/1915 2861/1911
f 901/1918 767/1591 768/1590
f 2865/1919 2732/1593 2731/1592
f 768/1590 900/1912 901/1918
f 2732/1593 2865/1919 2864/1915
f 911/1938 1817/1939 767/1591
f 911/1938 2731/1592 1817/1939
f 767/1591 901/1918 911/1938
f 2731/1592 911/1938 2865/1919
f 914/1940 913/1941 912/1942
f 2877/1943 2875/1944 2876/1945
f 912/1942 915/1946 914/1940
f 2875/1944 2877/1943 2878/1947
f 918/1948 917/1949 916/1950
f 2881/1951 2879/1952 2880/1953
f 916/1950 1866/1954 918/1948
f 2879/1952 2881/1951 3750/1955
f 920/1956 919/1957 1867/1958
f 2883/1959 3751/1960 2882/1961
f 1867/1958 921/1962 920/1956
f 3751/1960 2883/1959 2884/1963
f 923/1964 922/1965 915/1946
f 2886/1966 2878/1947 2885/1967
f 915/1946 912/1942 923/1964
f 2878/1947 2886/1966 2875/1944
f 925/1968 924/1969 922/1965
f 2888/1970 2885/1967 2887/1971
f 922/1965 923/1964 925/1968
f 2885/1967 2888/1970 2886/1966
f 928/1972 927/1973 926/1974
f 2891/1975 2889/1976 2890/1977
f 926/1974 929/1978 928/1972
f 2889/1976 2891/1975 2892/1979
f 931/1980 930/1981 920/1956
f 2894/1982 2883/1959 2893/1983
f 920/1956 921/1962 931/1980
f 2883/1959 2894/1982 2884/1963
f 927/1973 772/1602 769/1598
f 2890/1977 2733/1600 2736/1603
f 769/1598 926/1974 927/1973
f 2733/1600 2890/1977 2889/1976
f 172/289 772/1602 927/1973
f 2146/292 2890/1977 2736/1603
f 927/1973 914/1940 172/289
f 2890/1977 2146/292 2877/1943
f 922/1965 932/1984 171/290
f 2885/1967 2145/294 2895/1985
f 171/290 915/1946 922/1965
f 2145/294 2885/1967 2878/1947
f 924/1969 933/1986 932/1984
f 2887/1971 2895/1985 2896/1987
f 932/1984 922/1965 924/1969
f 2895/1985 2887/1971 2885/1967
f 917/1988 738/1526 747/1544
f 2880/1989 2711/1545 2702/1527
f 747/1544 916/1990 917/1988
f 2711/1545 2880/1989 2879/1991
f 934/1992 740/1530 262/493
f 2897/1993 2230/494 2704/1531
f 262/493 909/1934 934/1992
f 2230/494 2897/1993 2873/1935
f 935/1994 910/1936 761/1578
f 2898/1995 2725/1579 2874/1937
f 761/1578 739/1996 935/1994
f 2725/1579 2898/1995 2703/1997
f 1868/1998 910/1936 935/1994
f 3752/1999 2898/1995 2874/1937
f 935/1994 936/2000 1868/1998
f 2898/1995 3752/1999 2899/2001
f 918/1948 936/2000 935/1994
f 2881/1951 2898/1995 2899/2001
f 935/1994 917/1949 918/1948
f 2898/1995 2881/1951 2880/1953
f 917/1949 935/1994 739/1996
f 2880/1953 2703/1997 2898/1995
f 739/1528 738/1526 917/1988
f 2703/1529 2880/1989 2702/1527
f 766/1588 763/1584 908/1932
f 2730/1589 2872/1933 2727/1586
f 908/1932 937/2002 766/1588
f 2872/1933 2730/1589 2900/2003
f 754/1560 752/1556 910/1936
f 2718/1561 2874/1937 2716/1558
f 910/1936 1868/1998 754/1560
f 2874/1937 2718/1561 3752/1999
f 937/2002 908/1932 907/1930
f 2900/2003 2871/1931 2872/1933
f 907/1930 938/2004 937/2002
f 2871/1931 2900/2003 2901/2005
f 1869/2006 905/1926 906/1928
f 3753/2007 2870/1929 2869/1927
f 906/1928 939/2008 1869/2006
f 2870/1929 3753/2007 2902/2009
f 938/2004 907/1930 905/1926
f 2901/2005 2869/1927 2871/1931
f 905/1926 1869/2006 938/2004
f 2869/1927 2901/2005 3753/2007
f 942/2010 941/2011 940/2012
f 2905/2013 2903/2014 2904/2015
f 940/2012 943/2016 942/2010
f 2903/2014 2905/2013 2906/2017
f 946/2018 945/2019 944/2020
f 2909/2021 2907/2022 2908/2023
f 944/2020 947/2024 946/2018
f 2907/2022 2909/2021 2910/2025
f 949/2026 948/2027 934/1992
f 2912/2028 2897/1993 2911/2029
f 934/1992 950/2030 949/2026
f 2897/1993 2912/2028 2913/2031
f 943/2016 940/2012 951/2032
f 2906/2017 2914/2033 2903/2014
f 951/2032 952/2034 943/2016
f 2914/2033 2906/2017 2915/2035
f 954/2036 953/2037 948/2027
f 2917/2038 2911/2029 2916/2039
f 948/2027 949/2026 954/2036
f 2911/2029 2917/2038 2912/2028
f 952/2034 951/2032 955/2040
f 2915/2035 2918/2041 2914/2033
f 955/2040 956/2042 952/2034
f 2918/2041 2915/2035 2919/2043
f 957/2044 909/1934 764/1583
f 2920/2045 2728/1587 2873/1935
f 764/1583 765/1582 957/2044
f 2728/1587 2920/2045 2729/1585
f 934/1992 909/1934 957/2044
f 2897/1993 2920/2045 2873/1935
f 957/2044 950/2030 934/1992
f 2920/2045 2897/1993 2913/2031
f 126/199 127/198 958/2046
f 2101/201 2921/2047 2102/202
f 958/2046 239/447 126/199
f 2921/2047 2101/201 2207/448
f 959/2048 123/190 124/189
f 2922/2049 2099/192 2098/194
f 124/189 363/701 959/2048
f 2099/192 2922/2049 2330/702
f 124/189 125/195 958/2046
f 2099/192 2921/2047 2100/196
f 958/2046 127/198 124/189
f 2921/2047 2099/192 2102/202
f 962/2050 961/2051 960/2052
f 2924/2053 960/2052 2923/2054
f 960/2052 23/2055 962/2050
f 960/2052 2924/2053 23/2055
f 125/195 122/191 963/2056
f 2100/196 2925/2057 2097/193
f 963/2056 964/2058 125/195
f 2925/2057 2100/196 2926/2059
f 122/191 17/380 9/2060
f 2097/193 9/2060 17/380
f 9/2060 963/2056 122/191
f 9/2060 2097/193 2925/2057
f 958/2046 125/195 964/2058
f 2921/2047 2926/2059 2100/196
f 964/2058 773/1605 958/2046
f 2926/2059 2921/2047 2737/1606
f 773/1605 742/1534 239/447
f 2737/1606 2207/448 2706/1535
f 239/447 958/2046 773/1605
f 2207/448 2737/1606 2921/2047
f 426/840 238/443 239/447
f 2392/842 2207/448 2206/445
f 239/447 742/1534 426/840
f 2207/448 2392/842 2706/1535
f 188/327 185/323 238/443
f 2162/328 2206/445 2159/325
f 238/443 426/840 188/327
f 2206/445 2162/328 2392/842
f 964/2058 963/2056 111/166
f 2926/2059 2088/170 2925/2057
f 111/166 112/165 964/2058
f 2088/170 2926/2059 2089/168
f 963/2056 9/2060 965/2061
f 2925/2057 965/2061 9/2060
f 965/2061 111/166 963/2056
f 965/2061 2925/2057 2088/170
f 773/1605 964/2058 112/165
f 2737/1606 2089/168 2926/2059
f 112/165 362/699 773/1605
f 2089/168 2737/1606 2329/700
f 233/437 362/699 183/313
f 2201/439 2157/316 2329/700
f 183/313 184/319 233/437
f 2157/316 2201/439 2158/320
f 966/2062 138/221 139/227
f 2927/2063 2114/228 2113/224
f 139/227 366/708 966/2062
f 2114/228 2927/2063 2333/709
f 146/237 147/243 215/381
f 2121/240 2185/383 2122/244
f 215/381 367/707 146/237
f 2185/383 2121/240 2334/710
f 333/641 199/345 200/351
f 2300/642 2174/352 2173/348
f 200/351 332/635 333/641
f 2174/352 2300/642 2299/638
f 19/631 214/382 147/243
f 19/633 2122/244 214/384
f 147/243 144/239 19/631
f 2122/244 19/633 2119/241
f 342/658 343/657 242/452
f 2309/662 2210/456 2310/660
f 242/452 243/451 342/658
f 2210/456 2309/662 2211/454
f 145/238 146/237 139/227
f 2120/242 2114/228 2121/240
f 139/227 136/223 145/238
f 2114/228 2120/242 2111/225
f 199/345 243/451 244/457
f 2173/348 2212/458 2211/454
f 244/457 198/346 199/345
f 2212/458 2173/348 2172/350
f 356/2064 357/1617 200/351
f 2323/2065 2174/352 2324/1618
f 200/351 197/347 356/2064
f 2174/352 2323/2065 2171/349
f 241/453 242/452 138/221
f 2209/455 2113/224 2210/456
f 138/221 966/2062 241/453
f 2113/224 2209/455 2927/2063
f 968/2066 967/2067 295/560
f 2929/2068 2263/564 2928/2069
f 295/560 296/559 968/2066
f 2263/564 2929/2068 2264/562
f 477/952 969/2070 391/757
f 2442/953 2358/760 2930/2071
f 391/757 392/763 477/952
f 2358/760 2442/953 2359/764
f 395/769 321/613 318/609
f 2362/770 2286/611 2289/614
f 318/609 478/954 395/769
f 2286/611 2362/770 2443/955
f 804/1682 803/1680 970/2072
f 2768/1683 2931/2073 2767/1681
f 970/2072 847/1806 804/1682
f 2931/2073 2768/1683 2811/1807
f 813/1706 80/107 354/685
f 2777/1707 2321/687 2057/102
f 354/685 320/607 813/1706
f 2321/687 2777/1707 2288/610
f 357/1617 81/2074 335/644
f 2324/1618 2302/648 2058/2075
f 335/644 336/643 357/1617
f 2302/648 2324/1618 2303/646
f 293/2076 971/2077 383/746
f 2261/2078 2350/748 2932/2079
f 383/746 384/745 293/2076
f 2350/748 2261/2078 2351/747
f 382/743 972/2080 102/151
f 2349/744 2079/153 2933/2081
f 102/151 98/143 382/743
f 2079/153 2349/744 2075/145
f 102/151 972/2080 973/2082
f 2079/153 2934/2083 2933/2081
f 973/2082 105/155 102/151
f 2934/2083 2079/153 2082/156
f 224/413 974/2084 384/2085
f 2193/414 2351/2086 2935/2087
f 384/2085 106/407 224/413
f 2351/2086 2193/414 2083/410
f 383/746 790/1645 787/1641
f 2350/748 2751/1643 2754/1646
f 787/1641 109/163 383/746
f 2751/1643 2350/748 2086/164
f 222/405 221/403 843/1794
f 2191/406 2807/1795 2190/404
f 843/1794 788/1640 222/405
f 2807/1795 2191/406 2752/1644
f 837/1779 838/1778 276/2088
f 2801/1783 2244/2089 2802/1781
f 276/2088 975/2090 837/1779
f 2244/2089 2801/1783 2936/2091
f 38/7 20/630 329/629
f 38/10 2296/632 20/634
f 329/629 37/8 38/7
f 2296/632 38/10 2016/12
f 347/670 24/2092 1799/13
f 2314/672 1799/14 24/2093
f 1799/13 36/9 347/670
f 1799/14 2314/672 2015/11
f 821/1731 822/1730 1818/2094
f 2785/1733 1818/2095 2786/1734
f 1818/2094 1819/2096 821/1731
f 1818/2095 2785/1733 1819/2097
f 1820/2098 1821/2099 460/914
f 1820/2100 2425/915 1821/2101
f 460/914 457/910 1820/2098
f 2425/915 1820/2100 2422/912
f 1814/2102 1822/2103 814/1710
f 1814/2102 2778/1711 1822/2103
f 814/1710 455/1708 1814/2102
f 2778/1711 1814/2102 2420/1709
f 976/2104 1820/2098 457/910
f 976/2105 2422/912 1820/2100
f 457/910 464/922 976/2104
f 2422/912 976/2105 2429/923
f 814/1710 1822/2103 1823/2106
f 2778/1711 1823/2106 1822/2103
f 1823/2106 726/1497 814/1710
f 1823/2106 2778/1711 2690/1499
f 1824/2107 976/2104 464/922
f 1824/2108 2429/923 976/2105
f 464/922 461/918 1824/2107
f 2429/923 1824/2108 2426/920
f 726/1497 1823/2106 5/2109
f 2690/1499 5/2109 1823/2106
f 5/2109 725/1498 726/1497
f 5/2109 2690/1499 2689/1500
f 1/2110 1824/2107 461/918
f 1/2111 2426/920 1824/2108
f 461/918 465/925 1/2110
f 2426/920 1/2111 2430/926
f 725/1498 5/2109 1825/2112
f 2689/1500 1825/2112 5/2109
f 1825/2112 727/1501 725/1498
f 1825/2112 2689/1500 2691/1502
f 977/2113 1/2110 465/925
f 977/2114 2430/926 1/2111
f 465/925 467/929 977/2113
f 2430/926 977/2114 2432/930
f 727/1501 1825/2112 1826/2115
f 2691/1502 1826/2115 1825/2112
f 1826/2115 728/1503 727/1501
f 1826/2115 2691/1502 2692/1504
f 469/933 10/2116 977/2113
f 2434/934 977/2114 10/2117
f 977/2113 467/929 469/933
f 977/2114 2434/934 2432/930
f 728/1503 1826/2115 978/2118
f 2692/1504 978/2118 1826/2115
f 978/2118 729/1505 728/1503
f 978/2118 2692/1504 2693/1506
f 471/937 1827/2119 10/2116
f 2436/938 10/2117 1827/2120
f 10/2116 469/933 471/937
f 10/2117 2436/938 2434/934
f 729/1505 978/2118 1828/2121
f 2693/1506 1828/2121 978/2118
f 1828/2121 730/1507 729/1505
f 1828/2121 2693/1506 2694/1508
f 473/941 11/2122 1827/2119
f 2438/942 1827/2120 11/2123
f 1827/2119 471/937 473/941
f 1827/2120 2438/942 2436/938
f 730/1507 1828/2121 25/2124
f 2694/1508 25/2124 1828/2121
f 25/2124 731/1509 730/1507
f 25/2124 2694/1508 2695/1510
f 473/941 1964/2125 1961/2126
f 2438/942 1961/2127 3844/2128
f 1961/2126 11/2122 473/941
f 1961/2127 2438/942 11/2123
f 732/1513 1970/1511 1968/2129
f 2696/1514 1968/2129 3848/1512
f 1968/2129 1829/2130 732/1513
f 1968/2129 2696/1514 1829/2130
f 201/353 689/1421 690/1423
f 2175/356 2654/1424 2653/1422
f 690/1423 204/354 201/353
f 2654/1424 2175/356 2178/358
f 541/1093 691/1425 689/1421
f 2506/1094 2653/1422 2655/1426
f 689/1421 201/353 541/1093
f 2653/1422 2506/1094 2175/356
f 693/1433 691/1431 541/1097
f 2657/1434 2506/1099 2655/1432
f 541/1097 553/1140 693/1433
f 2506/1099 2657/1434 2518/1141
f 490/997 491/1000 497/999
f 2455/998 2462/1034 2456/2131
f 497/999 496/995 490/997
f 2462/1034 2455/998 2461/996
f 502/1009 503/1013 504/1012
f 2467/1010 2469/1016 2468/1015
f 504/1012 501/1003 502/1009
f 2469/1016 2467/1010 2466/1006
f 157/262 758/1566 759/1570
f 2132/266 2723/1571 2722/1568
f 759/1570 156/263 157/262
f 2723/1571 2132/266 2131/265
f 739/1996 761/1578 163/1613
f 2703/1997 2138/1614 2725/1579
f 163/275 249/467 739/1528
f 2138/276 2703/1529 2217/468
f 757/1567 758/1566 157/262
f 2721/1569 2132/266 2722/1568
f 157/262 162/715 757/1567
f 2132/266 2721/1569 2137/716
f 595/1227 738/1526 598/1232
f 2559/1228 2562/1236 2702/1527
f 598/1232 599/1231 595/1227
f 2562/1236 2559/1228 2563/1234
f 980/2132 979/2133 601/1240
f 2938/2134 2565/1242 2937/2135
f 601/1240 602/1239 980/2132
f 2565/1242 2938/2134 2566/1241
f 644/1325 647/1334 648/1333
f 2608/1328 2612/1336 2611/1338
f 648/1333 643/1326 644/1325
f 2612/1336 2608/1328 2607/1330
f 250/469 597/1233 598/1232
f 2218/470 2562/1236 2561/1235
f 598/1232 249/467 250/469
f 2562/1236 2218/470 2217/468
f 601/1240 979/2133 981/2136
f 2565/1242 2939/2137 2937/2135
f 981/2136 798/1667 601/1240
f 2939/2137 2565/1242 2762/1668
f 878/1868 875/1864 604/1244
f 2842/1869 2568/1248 2839/1866
f 604/1244 605/1243 878/1868
f 2568/1248 2842/1869 2569/1246
f 606/1249 603/1245 206/362
f 2570/1250 2180/366 2567/1247
f 206/362 207/361 606/1249
f 2180/366 2570/1250 2181/364
f 931/1980 769/1598 770/1597
f 2894/1982 2734/1601 2733/1600
f 770/1597 982/2138 931/1980
f 2734/1601 2894/1982 2940/2139
f 602/1239 599/1231 600/1237
f 2566/1241 2564/1238 2563/1234
f 600/1237 980/2132 602/1239
f 2564/1238 2566/1241 2938/2134
f 985/2140 984/2141 983/2142
f 2943/2143 2941/2144 2942/2145
f 983/2142 986/2146 985/2140
f 2941/2144 2943/2143 2944/2147
f 988/2148 987/2149 770/1597
f 2946/2150 2734/1601 2945/2151
f 770/1597 771/1596 988/2148
f 2734/1601 2946/2150 2735/1599
f 602/1239 255/481 595/1227
f 2566/1241 2559/1228 2223/483
f 595/1227 599/1231 602/1239
f 2559/1228 2566/1241 2563/1234
f 709/1465 990/2152 989/2153
f 2673/1466 2947/2154 2948/2155
f 989/2153 708/1459 709/1465
f 2947/2154 2673/1466 2672/1462
f 990/2152 992/2156 991/2157
f 2948/2155 2949/2158 2950/2159
f 991/2157 989/2153 990/2152
f 2949/2158 2948/2155 2947/2154
f 657/1355 994/2160 993/2161
f 2621/1356 2951/2162 2952/2163
f 993/2161 656/1349 657/1355
f 2951/2162 2621/1356 2620/1352
f 997/2164 996/2165 995/2166
f 2955/2167 2953/2168 2954/2169
f 995/2166 998/2170 997/2164
f 2953/2168 2955/2167 2956/2171
f 647/1334 981/2136 999/2172
f 2611/1338 2957/2173 2939/2137
f 999/2172 646/1335 647/1334
f 2957/2173 2611/1338 2610/1337
f 798/1667 981/2136 647/1334
f 2762/1668 2611/1338 2939/2137
f 647/1334 644/1325 798/1667
f 2611/1338 2762/1668 2608/1328
f 645/1331 746/1540 798/1667
f 2609/1332 2762/1668 2710/1543
f 798/1667 644/1325 645/1331
f 2762/1668 2609/1332 2608/1328
f 746/1540 645/1331 651/1342
f 2710/1543 2615/1346 2609/1332
f 651/1342 745/1541 746/1540
f 2615/1346 2710/1543 2709/1542
f 1000/2174 889/1896 890/1895
f 2958/2175 2854/1899 2853/1898
f 890/1895 1001/2176 1000/2174
f 2854/1899 2958/2175 2959/2177
f 1003/2178 1002/2179 888/1892
f 2961/2180 2852/1893 2960/2181
f 888/1892 893/1903 1003/2178
f 2852/1893 2961/2180 2857/1904
f 1005/2182 1004/2183 1003/2178
f 2963/2184 2961/2180 2962/2185
f 1003/2178 893/1903 1005/2182
f 2961/2180 2963/2184 2857/1904
f 1008/2186 709/1465 706/1461
f 2966/2187 2670/1463 2673/1466
f 706/1461 1009/2188 1008/2186
f 2670/1463 2966/2187 2967/2189
f 1011/2190 1010/2191 894/1902
f 2969/2192 2858/1905 2968/2193
f 894/1902 991/2157 1011/2190
f 2858/1905 2969/2192 2949/2158
f 1008/2186 1012/2194 990/2152
f 2966/2187 2948/2155 2970/2195
f 990/2152 709/1465 1008/2186
f 2948/2155 2966/2187 2673/1466
f 989/2153 885/1888 886/1887
f 2947/2154 2850/1891 2849/1890
f 886/1887 708/1459 989/2153
f 2850/1891 2947/2154 2672/1462
f 990/2152 1012/2194 1013/2196
f 2948/2155 2971/2197 2970/2195
f 1013/2196 992/2156 990/2152
f 2971/2197 2948/2155 2950/2159
f 991/2157 894/1902 885/1888
f 2949/2158 2849/1890 2858/1905
f 885/1888 989/2153 991/2157
f 2849/1890 2949/2158 2947/2154
f 166/277 1014/2198 1013/2196
f 2140/280 2971/2197 2972/2199
f 1013/2196 993/2161 166/277
f 2971/2197 2140/280 2951/2162
f 656/1349 1012/2194 1008/2186
f 2620/1352 2966/2187 2970/2195
f 1008/2186 655/1350 656/1349
f 2966/2187 2620/1352 2619/1354
f 722/1490 995/2166 657/1355
f 2686/1494 2621/1356 2953/2168
f 657/1355 654/1351 722/1490
f 2621/1356 2686/1494 2618/1353
f 722/1490 654/1351 711/1469
f 2686/1494 2675/1470 2618/1353
f 711/1469 721/1491 722/1490
f 2675/1470 2686/1494 2685/1493
f 1017/2200 1016/2201 1015/2202
f 2975/2203 2973/2204 2974/2205
f 1015/2202 1018/2206 1017/2200
f 2973/2204 2975/2203 2976/2207
f 710/1467 655/1350 1008/2186
f 2674/1468 2966/2187 2619/1354
f 1008/2186 1009/2188 710/1467
f 2966/2187 2674/1468 2967/2189
f 995/2166 996/2165 994/2160
f 2953/2168 2952/2163 2954/2169
f 994/2160 657/1355 995/2166
f 2952/2163 2953/2168 2621/1356
f 993/2161 1013/2196 1012/2194
f 2951/2162 2970/2195 2971/2197
f 1012/2194 656/1349 993/2161
f 2970/2195 2951/2162 2620/1352
f 1019/2208 891/1894 892/1900
f 2977/2209 2856/1901 2855/1897
f 892/1900 1020/2210 1019/2208
f 2856/1901 2977/2209 2978/2211
f 1018/2206 1022/2212 1021/2213
f 2976/2207 2979/2214 2980/2215
f 1021/2213 1023/2216 1018/2206
f 2979/2214 2976/2207 2981/2217
f 1025/2218 698/1445 1024/2219
f 2983/2220 2982/2221 2662/1447
f 1024/2219 1026/2222 1025/2218
f 2982/2221 2983/2220 2984/2223
f 1028/2224 1027/2225 1017/2200
f 2986/2226 2975/2203 2985/2227
f 1017/2200 1029/2228 1028/2224
f 2975/2203 2986/2226 2987/2229
f 1022/2212 712/1473 1030/2230
f 2980/2215 2988/2231 2676/1475
f 1030/2230 1021/2213 1022/2212
f 2988/2231 2980/2215 2979/2214
f 1002/2179 1032/2232 1031/2233
f 2960/2181 2989/2234 2990/2235
f 1031/2233 1033/2236 1002/2179
f 2989/2234 2960/2181 2991/2237
f 1035/2238 1034/2239 1001/2176
f 2993/2240 2959/2177 2992/2241
f 1001/2176 1036/2242 1035/2238
f 2959/2177 2993/2240 2994/2243
f 1002/2179 1003/2178 1037/2244
f 2960/2181 2995/2245 2961/2180
f 1037/2244 1032/2232 1002/2179
f 2995/2245 2960/2181 2990/2235
f 984/2246 932/1984 933/1986
f 2942/2145 2896/2247 2895/2248
f 933/2249 983/2142 984/2141
f 2896/2247 2942/2145 2941/2144
f 1866/1954 916/1950 924/1969
f 3750/1955 2887/1971 2879/1952
f 924/1969 925/1968 1866/1954
f 2887/1971 3750/1955 2888/1970
f 916/1990 747/1544 933/2249
f 2879/1991 2896/2247 2711/1545
f 933/1986 924/1969 916/1950
f 2896/1987 2879/1952 2887/1971
f 1039/2250 1038/2251 953/2037
f 2997/2252 2916/2039 2996/2253
f 953/2037 954/2036 1039/2250
f 2916/2039 2997/2252 2917/2038
f 596/1229 256/480 986/2146
f 2560/1230 2944/2147 2224/484
f 986/2146 983/2142 596/1229
f 2944/2147 2560/1230 2941/2144
f 1870/2254 661/1358 658/1357
f 3754/2255 2622/1360 2625/1362
f 658/1357 1879/2256 1870/2254
f 2622/1360 3754/2255 3762/2257
f 796/1661 170/1660 984/2141
f 2760/1663 2942/2145 2144/1664
f 984/2141 985/2140 796/1661
f 2942/2145 2760/1663 2943/2143
f 945/2019 946/2018 1038/2251
f 2908/2023 2996/2253 2909/2021
f 1038/2251 1039/2250 945/2019
f 2996/2253 2908/2023 2997/2252
f 170/291 171/290 932/1984
f 2144/293 2895/1985 2145/294
f 932/1984 984/2246 170/291
f 2895/2248 2144/1664 2942/2145
f 1830/2258 1831/2259 153/254
f 1830/2258 2128/258 1831/2259
f 153/254 154/253 1830/2258
f 2128/258 1830/2258 2129/256
f 993/2161 994/2160 165/278
f 2951/2162 2139/281 2952/2163
f 165/278 166/277 993/2161
f 2139/281 2951/2162 2140/280
f 6/2260 372/723 373/729
f 6/2260 2340/730 2339/726
f 373/729 1832/2261 6/2260
f 2340/730 6/2260 1832/2261
f 658/1357 659/1363 1041/2262
f 2622/1360 2999/2263 2623/1364
f 1041/2262 1040/2264 658/1357
f 2999/2263 2622/1360 2998/2265
f 1832/2261 373/729 760/1575
f 1832/2261 2724/1577 2340/730
f 760/1575 27/2266 1832/2261
f 2724/1577 1832/2261 27/2266
f 1879/2256 658/1357 1040/2264
f 3762/2257 2998/2265 2622/1360
f 1040/2264 1880/2267 1879/2256
f 2998/2265 3762/2257 3763/2268
f 1042/2269 1043/2270 743/1537
f 3000/2271 2707/1538 3001/2272
f 743/1537 1037/2244 1042/2269
f 2707/1538 3000/2271 2995/2245
f 1045/2273 1044/2274 880/1871
f 3003/2275 2844/1875 3002/2276
f 880/1871 881/1870 1045/2273
f 2844/1875 3003/2275 2845/1873
f 893/1903 894/1902 1010/2191
f 2857/1904 2968/2193 2858/1905
f 1010/2191 1005/2182 893/1903
f 2968/2193 2857/1904 2963/2184
f 1834/2277 906/1928 903/1920
f 1834/2277 2867/1923 2870/1929
f 903/1920 1833/2278 1834/2277
f 2867/1923 1834/2277 1833/2278
f 1834/2277 12/2279 939/2008
f 1834/2277 2902/2009 12/2279
f 939/2008 906/1928 1834/2277
f 2902/2009 1834/2277 2870/1929
f 991/2157 992/2156 1046/2280
f 2949/2158 3004/2281 2950/2159
f 1046/2280 1011/2190 991/2157
f 3004/2281 2949/2158 2969/2192
f 1005/2182 13/2282 28/2283
f 2963/2184 28/2283 13/2282
f 28/2283 1004/2183 1005/2182
f 28/2283 2963/2184 2962/2185
f 992/2156 1013/2196 1014/2198
f 2950/2159 2972/2199 2971/2197
f 1014/2198 1046/2280 992/2156
f 2972/2199 2950/2159 3004/2281
f 994/2160 996/2165 1047/2284
f 2952/2163 3005/2285 2954/2169
f 1047/2284 165/278 994/2160
f 3005/2285 2952/2163 2139/281
f 16/282 1835/2286 1014/2198
f 16/282 2972/2199 1835/2286
f 1014/2198 166/277 16/282
f 2972/2199 16/282 2140/280
f 1037/2244 1003/2178 1004/2183
f 2995/2245 2962/2185 2961/2180
f 1004/2183 1042/2269 1037/2244
f 2962/2185 2995/2245 3000/2271
f 1050/2287 1049/2288 1048/2289
f 3008/2290 3006/2291 3007/2292
f 1048/2289 1051/2293 1050/2287
f 3006/2291 3008/2290 3009/2294
f 929/1978 926/1974 921/1962
f 2892/1979 2884/1963 2889/1976
f 921/1962 1867/1958 929/1978
f 2884/1963 2892/1979 3751/1960
f 921/1962 926/1974 769/1598
f 2884/1963 2733/1600 2889/1976
f 769/1598 931/1980 921/1962
f 2733/1600 2884/1963 2894/1982
f 987/2149 1052/2295 982/2138
f 2945/2151 2940/2139 3010/2296
f 982/2138 770/1597 987/2149
f 2940/2139 2945/2151 2734/1601
f 876/1863 877/1862 1053/2297
f 2840/1867 3011/2298 2841/1865
f 1053/2297 1054/2299 876/1863
f 3011/2298 2840/1867 3012/2300
f 1057/2301 1056/2302 1055/2303
f 3015/2304 3013/2305 3014/2306
f 1055/2303 1058/2307 1057/2301
f 3013/2305 3015/2304 3016/2308
f 797/1665 796/1661 1059/2309
f 2761/1666 3017/2310 2760/1663
f 1059/2309 1055/2303 797/1665
f 3017/2310 2761/1666 3013/2305
f 1059/2309 796/1661 985/2140
f 3017/2310 2943/2143 2760/1663
f 985/2140 1060/2311 1059/2309
f 2943/2143 3017/2310 3018/2312
f 1061/2313 1059/2309 1060/2311
f 3019/2314 3018/2312 3017/2310
f 1060/2311 1062/2315 1061/2313
f 3018/2312 3019/2314 3020/2316
f 1057/2301 1064/2317 1063/2318
f 3015/2304 3021/2319 3022/2320
f 1063/2318 1065/2321 1057/2301
f 3021/2319 3015/2304 3023/2322
f 400/780 241/453 966/2062
f 2366/781 2927/2063 2209/455
f 966/2062 399/776 400/780
f 2927/2063 2366/781 2365/778
f 367/707 215/381 420/826
f 2334/710 2386/829 2185/383
f 420/826 402/784 367/707
f 2386/829 2334/710 2368/785
f 319/608 355/684 407/796
f 2287/612 2373/798 2322/688
f 407/796 408/800 319/608
f 2373/798 2287/612 2374/801
f 419/824 356/2064 197/347
f 2385/825 2171/349 2323/2065
f 197/347 418/818 419/824
f 2171/349 2385/825 2384/821
f 424/838 198/346 244/457
f 2390/839 2212/458 2172/350
f 244/457 423/832 424/838
f 2212/458 2390/839 2389/835
f 436/858 847/1806 970/2072
f 2402/861 2931/2073 2811/1807
f 970/2072 435/859 436/858
f 2931/2073 2402/861 2401/863
f 367/707 402/784 401/782
f 2334/710 2367/783 2368/785
f 401/782 366/708 367/707
f 2367/783 2334/710 2333/709
f 484/966 445/882 446/881
f 2449/967 2412/885 2411/884
f 446/881 486/973 484/966
f 2412/885 2449/967 2451/974
f 423/832 244/457 241/453
f 2389/835 2209/455 2212/458
f 241/453 400/780 423/832
f 2209/455 2389/835 2366/781
f 418/818 197/347 198/346
f 2384/821 2172/350 2171/349
f 198/346 424/838 418/818
f 2172/350 2384/821 2390/839
f 399/776 966/2062 366/708
f 2365/778 2333/709 2927/2063
f 366/708 401/782 399/776
f 2333/709 2365/778 2367/783
f 355/684 356/683 419/2323
f 2322/688 2385/2324 2323/686
f 419/2323 407/796 355/684
f 2385/2324 2322/688 2373/798
f 969/2070 477/952 447/880
f 2930/2071 2413/883 2442/953
f 447/880 811/1702 969/2070
f 2413/883 2930/2071 2775/1703
f 318/609 319/608 408/800
f 2286/611 2374/801 2287/612
f 408/800 486/973 318/609
f 2374/801 2286/611 2451/974
f 57/52 64/68 349/673
f 2034/56 2316/674 2041/72
f 349/673 216/389 57/52
f 2316/674 2034/56 2186/391
f 133/211 130/207 135/219
f 2108/212 2110/220 2105/209
f 135/219 134/215 133/211
f 2110/220 2108/212 2109/217
f 822/1730 823/1729 63/69
f 2786/1734 2040/71 2787/1732
f 63/69 58/51 822/1730
f 2040/71 2786/1734 2035/54
f 1066/2325 548/2326 369/713
f 3024/2327 2336/714 2513/2328
f 369/713 368/711 1066/2325
f 2336/714 3024/2327 2335/712
f 218/393 371/719 52/37
f 2187/394 2030/40 2338/721
f 52/37 452/896 218/393
f 2030/40 2187/394 2418/898
f 491/2329 490/981 487/977
f 2456/2330 2452/979 2455/982
f 487/977 155/2331 491/2329
f 2452/979 2456/2330 2130/2332
f 499/1005 550/1120 529/1065
f 2464/2333 2494/1067 2515/2334
f 529/1065 530/1064 499/1005
f 2494/1067 2464/2333 2495/1068
f 548/1112 546/1118 545/1108
f 2513/1115 2510/1111 2511/1119
f 545/1108 369/1107 548/1112
f 2510/1111 2513/1115 2336/1109
f 546/1118 526/1057 527/1056
f 2511/1119 2492/1060 2491/1059
f 527/1056 545/1108 546/1118
f 2492/1060 2511/1119 2510/1111
f 722/1490 723/1489 998/2170
f 2686/1494 2956/2171 2687/1492
f 998/2170 995/2166 722/1490
f 2956/2171 2686/1494 2953/2168
f 64/68 57/52 58/51
f 2041/72 2035/54 2034/56
f 58/51 63/69 64/68
f 2035/54 2041/72 2040/71
f 37/8 48/29 49/35
f 2016/12 2027/36 2026/32
f 49/35 36/9 37/8
f 2027/36 2016/12 2015/11
f 349/673 371/719 218/393
f 2316/674 2187/394 2338/721
f 218/393 216/389 349/673
f 2187/394 2316/674 2186/391
f 1068/2335 1067/2336 646/1335
f 3026/2337 2610/1337 3025/2338
f 646/1335 999/2172 1068/2335
f 2610/1337 3026/2337 2957/2173
f 1069/2339 696/1435 697/1441
f 3027/2340 2661/1442 2660/1438
f 697/1441 1070/2341 1069/2339
f 2661/1442 3027/2340 3028/2342
f 699/1444 1071/2343 1024/2219
f 2663/1448 2982/2221 3029/2344
f 1024/2219 698/1445 699/1444
f 2982/2221 2663/1448 2662/1447
f 1072/2345 702/1453 703/1452
f 3030/2346 2667/1456 2666/1455
f 703/1452 1073/2347 1072/2345
f 2667/1456 3030/2346 3031/2348
f 1074/2349 1030/2230 712/1473
f 3032/2350 2676/1475 2988/2231
f 712/1473 713/1472 1074/2349
f 2676/1475 3032/2350 2677/1476
f 1023/2216 1029/2228 1017/2200
f 2981/2217 2975/2203 2987/2229
f 1017/2200 1018/2206 1023/2216
f 2975/2203 2981/2217 2976/2207
f 1076/2351 1075/2352 1027/2225
f 3034/2353 2985/2227 3033/2354
f 1027/2225 1077/2355 1076/2351
f 2985/2227 3034/2353 3035/2356
f 1018/2206 1015/2202 1078/2357
f 2976/2207 3036/2358 2973/2204
f 1078/2357 1022/2212 1018/2206
f 3036/2358 2976/2207 2980/2215
f 1025/2218 1079/2359 701/1449
f 2983/2220 2665/1450 3037/2360
f 701/1449 698/1445 1025/2218
f 2665/1450 2983/2220 2662/1447
f 1027/2225 1075/2352 1016/2201
f 2985/2227 2974/2205 3033/2354
f 1016/2201 1017/2200 1027/2225
f 2974/2205 2985/2227 2975/2203
f 1022/2212 1078/2357 715/1477
f 2980/2215 2679/1478 3036/2358
f 715/1477 712/1473 1022/2212
f 2679/1478 2980/2215 2676/1475
f 1081/2361 1080/2362 705/1457
f 3039/2363 2669/1458 3038/2364
f 705/1457 702/1453 1081/2361
f 2669/1458 3039/2363 2666/1455
f 695/1436 1083/2365 1082/2366
f 2659/1440 3040/2367 3041/2368
f 1082/2366 694/1437 695/1436
f 3040/2367 2659/1440 2658/1439
f 1078/2357 1015/2202 1084/2369
f 3036/2358 3042/2370 2973/2204
f 1084/2369 1085/2371 1078/2357
f 3042/2370 3036/2358 3043/2372
f 1087/2373 1086/2374 1075/2352
f 3045/2375 3033/2354 3044/2376
f 1075/2352 1076/2351 1087/2373
f 3033/2354 3045/2375 3034/2353
f 705/1457 1089/2377 1088/2378
f 2669/1458 3046/2379 3047/2380
f 1088/2378 704/1451 705/1457
f 3046/2379 2669/1458 2668/1454
f 1080/2362 1090/2381 1089/2377
f 3038/2364 3047/2380 3048/2382
f 1089/2377 705/1457 1080/2362
f 3047/2380 3038/2364 2669/1458
f 1092/2383 700/1443 1091/2384
f 3050/2385 3049/2386 2664/1446
f 1091/2384 1093/2387 1092/2383
f 3049/2386 3050/2385 3051/2388
f 1079/2359 1095/2389 1094/2390
f 3037/2360 3052/2391 3053/2392
f 1094/2390 701/1449 1079/2359
f 3052/2391 3037/2360 2665/1450
f 694/1437 1082/2366 1095/2389
f 2658/1439 3053/2392 3040/2367
f 1095/2389 1079/2359 694/1437
f 3053/2392 2658/1439 3037/2360
f 704/1451 1088/2378 1096/2393
f 2668/1454 3054/2394 3046/2379
f 1096/2393 1097/2395 704/1451
f 3054/2394 2668/1454 3055/2396
f 1086/2374 1098/2397 1016/2201
f 3044/2376 2974/2205 3056/2398
f 1016/2201 1075/2352 1086/2374
f 2974/2205 3044/2376 3033/2354
f 1016/2201 1098/2397 1084/2369
f 2974/2205 3042/2370 3056/2398
f 1084/2369 1015/2202 1016/2201
f 3042/2370 2974/2205 2973/2204
f 1085/2371 1099/2399 715/1477
f 3043/2372 2679/1478 3057/2400
f 715/1477 1078/2357 1085/2371
f 2679/1478 3043/2372 3036/2358
f 714/1471 715/1477 1099/2399
f 2678/1474 3057/2400 2679/1478
f 1099/2399 1100/2401 714/1471
f 3057/2400 2678/1474 3058/2402
f 1102/2403 1101/2404 503/1013
f 3060/2405 2468/1015 3059/2406
f 503/1013 502/1009 1102/2403
f 2468/1015 3060/2405 2467/1010
f 1103/2407 1102/2403 502/1009
f 3061/2408 2467/1010 3060/2405
f 502/1009 499/1005 1103/2407
f 2467/1010 3061/2408 2464/1007
f 1104/2409 1103/2407 499/1005
f 3062/2410 2464/1007 3061/2408
f 499/1005 530/1064 1104/2409
f 2464/1007 3062/2410 2495/2411
f 1105/2412 1104/2409 530/1064
f 3063/2413 2495/2411 3062/2410
f 530/1064 531/1063 1105/2412
f 2495/2411 3063/2413 2496/2414
f 535/2415 1106/2416 1105/2412
f 2500/2417 3063/2413 3064/2418
f 1105/2412 531/1063 535/2415
f 3063/2413 2500/2417 2496/2414
f 551/1134 552/1133 506/1017
f 2516/1136 2471/1018 2517/1137
f 506/1017 1106/2416 551/1134
f 2471/1018 2516/1136 3064/2418
f 1101/2404 1107/2419 506/1017
f 3059/2406 2471/1018 3065/2420
f 506/1017 503/1013 1101/2404
f 2471/1018 3059/2406 2468/1015
f 219/396 92/125 93/131
f 2188/400 2070/132 2069/128
f 93/131 209/397 219/396
f 2070/132 2188/400 2183/399
f 223/409 104/149 105/155
f 2192/411 2082/156 2081/152
f 105/155 224/413 223/409
f 2082/156 2192/411 2193/414
f 269/510 277/521 278/527
f 2237/512 2246/528 2245/524
f 278/527 271/513 269/510
f 2246/528 2237/512 2239/514
f 291/552 292/551 285/541
f 2259/556 2253/542 2260/554
f 285/541 283/538 291/552
f 2253/542 2259/556 2251/540
f 1108/2421 572/1181 862/1837
f 3066/2422 2826/1839 2537/1183
f 862/1837 1109/2423 1108/2421
f 2826/1839 3066/2422 3067/2424
f 974/2084 224/413 105/155
f 2935/2087 2082/156 2193/414
f 105/155 973/2082 974/2084
f 2082/156 2935/2087 2934/2083
f 18/422 210/372 209/370
f 18/422 2183/371 210/372
f 209/370 93/423 18/422
f 2183/371 18/422 2070/424
f 1111/2425 1110/2426 475/944
f 3069/2427 2440/947 3068/2428
f 475/944 476/950 1111/2425
f 2440/947 3069/2427 2441/951
f 1112/2429 1111/2425 476/950
f 3070/2430 2441/951 3069/2427
f 476/950 732/1513 1112/2429
f 2441/951 3070/2430 2696/1514
f 1110/2426 1836/2431 26/2432
f 3068/2428 26/2433 1836/2434
f 26/2432 475/944 1110/2426
f 26/2433 3068/2428 2440/947
f 1112/2429 732/1513 1829/2130
f 3070/2430 1829/2130 2696/1514
f 1829/2130 1837/2435 1112/2429
f 1829/2130 3070/2430 1837/2435
f 29/2436 1111/2425 1112/2429
f 29/2436 3070/2430 3069/2427
f 1112/2429 1837/2435 29/2436
f 3070/2430 29/2436 1837/2435
f 29/2436 1836/2431 1110/2426
f 29/2436 3068/2428 1836/2434
f 1110/2426 1111/2425 29/2436
f 3068/2428 29/2436 3069/2427
f 1058/2307 1055/2303 1059/2309
f 3016/2308 3017/2310 3013/2305
f 1059/2309 1061/2313 1058/2307
f 3017/2310 3016/2308 3019/2314
f 1114/2437 1113/2438 887/1886
f 3072/2439 2851/1889 3071/2440
f 887/1886 1033/2236 1114/2437
f 2851/1889 3072/2439 2991/2237
f 1115/2441 1031/2233 1032/2232
f 3073/2442 2990/2235 2989/2234
f 1032/2232 744/1536 1115/2441
f 2990/2235 3073/2442 2708/1539
f 1033/2236 1031/2233 1116/2443
f 2991/2237 3074/2444 2989/2234
f 1116/2443 1114/2437 1033/2236
f 3074/2444 2991/2237 3072/2439
f 1033/2236 887/1886 888/1892
f 2991/2237 2852/1893 2851/1889
f 888/1892 1002/2179 1033/2236
f 2852/1893 2991/2237 2960/2181
f 930/1981 931/1980 982/2138
f 2893/1983 2940/2139 2894/1982
f 982/2138 1117/2445 930/1981
f 2940/2139 2893/1983 3075/2446
f 1053/2297 882/1876 879/1872
f 3011/2298 2843/1874 2846/1877
f 879/1872 1054/2299 1053/2297
f 2843/1874 3011/2298 3012/2300
f 1067/2336 1068/2335 997/2164
f 3025/2338 2955/2167 3026/2337
f 997/2164 998/2170 1067/2336
f 2955/2167 3025/2338 2956/2171
f 723/1489 717/1479 1067/2336
f 2687/1492 3025/2338 2681/1482
f 1067/2336 998/2170 723/1489
f 3025/2338 2687/1492 2956/2171
f 717/1479 649/1339 646/1335
f 2681/1482 2610/1337 2613/1340
f 646/1335 1067/2336 717/1479
f 2610/1337 2681/1482 3025/2338
f 724/1495 1074/2349 1069/2339
f 2688/1496 3027/2340 3032/2350
f 1069/2339 716/1480 724/1495
f 3027/2340 2688/1496 2680/1481
f 713/1472 714/1471 695/1436
f 2677/1476 2659/1440 2678/1474
f 695/1436 696/1435 713/1472
f 2659/1440 2677/1476 2660/1438
f 714/1471 1100/2401 1083/2365
f 2678/1474 3041/2368 3058/2402
f 1083/2365 695/1436 714/1471
f 3041/2368 2678/1474 2659/1440
f 844/1796 843/1794 221/403
f 2808/1797 2190/404 2807/1795
f 221/403 274/519 844/1796
f 2190/404 2808/1797 2242/520
f 97/139 557/1147 558/1153
f 2074/140 2523/1154 2522/1150
f 558/1153 96/133 97/139
f 2523/1154 2074/140 2073/136
f 103/150 265/503 266/502
f 2080/154 2234/506 2233/505
f 266/502 101/147 103/150
f 2234/506 2080/154 2078/148
f 103/150 104/149 1118/2447
f 2080/154 3076/2448 2081/152
f 1118/2447 265/503 103/150
f 3076/2448 2080/154 2233/505
f 862/1837 855/1820 270/509
f 2826/1839 2238/511 2819/1823
f 270/509 271/513 862/1837
f 2238/511 2826/1839 2239/514
f 576/2449 850/1813 557/1147
f 2541/2450 2522/1150 2814/1814
f 557/1147 97/139 576/2449
f 2522/1150 2541/2450 2074/140
f 221/403 100/141 273/515
f 2190/404 2241/517 2077/144
f 273/515 274/519 221/403
f 2241/517 2190/404 2242/520
f 223/409 107/408 975/2451
f 2192/411 2936/2452 2084/412
f 975/2451 1119/2453 223/409
f 2936/2452 2192/411 3077/2454
f 275/523 1120/2455 1109/2423
f 2243/525 3067/2424 3078/2456
f 1109/2423 278/527 275/523
f 3067/2424 2243/525 2246/528
f 101/147 266/502 273/515
f 2078/148 2241/517 2234/506
f 273/515 100/141 101/147
f 2241/517 2078/148 2077/144
f 1940/1191 567/1169 564/1165
f 3822/1192 2529/1167 2532/1170
f 564/1165 1941/2457 1940/1191
f 2529/1167 3822/1192 3823/2458
f 841/1792 1122/2459 1121/2460
f 2805/1793 3079/2461 3080/2462
f 1121/2460 840/1786 841/1792
f 3079/2461 2805/1793 2804/1789
f 835/1776 836/1780 837/1779
f 2799/1777 2801/1783 2800/1782
f 837/1779 108/157 835/1776
f 2801/1783 2799/1777 2085/160
f 96/133 558/1153 840/1786
f 2073/136 2804/1789 2523/1154
f 840/1786 1121/2460 96/133
f 2804/1789 2073/136 3079/2461
f 835/1776 843/1794 844/1796
f 2799/1777 2808/1797 2807/1795
f 844/1796 836/1780 835/1776
f 2808/1797 2799/1777 2800/1782
f 275/2463 1122/2459 841/1792
f 2243/2464 2805/1793 3080/2462
f 841/1792 1120/2465 275/2463
f 2805/1793 2243/2464 3078/2466
f 975/2090 107/158 108/157
f 2936/2091 2085/160 2084/162
f 108/157 837/1779 975/2090
f 2085/160 2936/2091 2801/1783
f 1938/2467 270/509 855/1820
f 3820/2468 2819/1823 2238/511
f 855/1820 569/1172 1938/2467
f 2819/1823 3820/2468 2534/1176
f 104/149 223/409 1119/2453
f 2081/152 3077/2454 2192/411
f 1119/2453 1118/2447 104/149
f 3077/2454 2081/152 3076/2448
f 1109/2423 862/1837 271/513
f 3067/2424 2239/514 2826/1839
f 271/513 278/527 1109/2423
f 2239/514 3067/2424 2246/528
f 310/593 449/887 72/84
f 2278/595 2049/88 2415/891
f 72/84 73/83 310/593
f 2049/88 2278/595 2050/86
f 812/1704 404/790 76/92
f 2776/1705 2053/96 2370/791
f 76/92 77/91 812/1704
f 2053/96 2776/1705 2054/94
f 80/99 813/2469 444/878
f 2057/102 2410/2470 2777/1707
f 444/878 79/100 80/99
f 2410/2470 2057/102 2056/104
f 83/110 828/1749 406/797
f 2060/114 2372/799 2792/1750
f 406/797 82/111 83/110
f 2372/799 2060/114 2059/113
f 352/680 313/597 310/593
f 2319/682 2278/595 2281/598
f 310/593 73/83 352/680
f 2278/595 2319/682 2050/86
f 319/608 320/607 354/685
f 2287/612 2321/687 2288/610
f 354/685 355/684 319/608
f 2321/687 2287/612 2322/688
f 444/878 441/874 403/786
f 2410/879 2369/1738 2407/876
f 403/786 79/100 444/878
f 2369/789 2410/2470 2056/104
f 449/887 450/886 405/794
f 2415/891 2371/795 2416/889
f 405/794 72/84 449/887
f 2371/795 2415/891 2049/88
f 352/680 353/679 75/93
f 2319/682 2052/95 2320/681
f 75/93 76/92 352/680
f 2052/95 2319/682 2053/96
f 407/796 419/2323 85/115
f 2373/798 2062/116 2385/2324
f 85/115 82/111 407/796
f 2062/116 2373/798 2059/113
f 54/97 55/787 403/786
f 2032/98 2369/1738 2033/2471
f 403/786 77/91 54/97
f 2369/1738 2032/98 2054/94
f 450/886 828/1749 83/110
f 2416/889 2060/114 2792/1750
f 83/110 405/794 450/886
f 2060/114 2416/889 2371/795
f 81/106 357/689 354/685
f 2058/108 2321/687 2324/690
f 354/685 80/107 81/106
f 2321/687 2058/108 2057/102
f 1249/2472 1927/2473 1926/2474
f 3201/2475 3808/2476 3809/2477
f 1926/2474 1258/2478 1249/2472
f 3808/2476 3201/2475 3210/2479
f 967/2067 300/1678 804/1682
f 2928/2069 2768/1683 2268/570
f 804/1682 295/560 967/2067
f 2768/1683 2928/2069 2263/564
f 414/811 1929/2480 1928/2481
f 2380/815 3810/2482 3811/2483
f 1928/2481 413/812 414/811
f 3810/2482 2380/815 2379/814
f 304/575 430/851 437/864
f 2272/578 2403/865 2396/853
f 437/864 802/1675 304/575
f 2403/865 2272/578 2766/1676
f 299/568 300/567 967/2484
f 2267/572 2928/2069 2268/570
f 967/2484 1125/2485 299/568
f 2928/2069 2267/572 3083/2486
f 294/561 847/1806 436/858
f 2262/563 2402/861 2811/1807
f 436/858 674/1389 294/561
f 2402/861 2262/563 2638/1391
f 304/575 802/1675 1126/1700
f 2272/578 3084/1701 2766/1676
f 1126/1700 1127/2487 304/575
f 3084/1701 2272/578 3085/2488
f 1128/2489 1129/2490 2010/2491
f 3086/2492 3887/2493 3087/2494
f 2010/2491 2009/2495 1128/2489
f 3887/2493 3086/2492 3886/2496
f 95/134 844/1796 274/519
f 2072/138 2242/520 2808/1797
f 274/519 94/135 95/134
f 2242/520 2072/138 2071/137
f 267/501 268/507 270/509
f 2235/504 2238/511 2236/508
f 270/509 577/1188 267/501
f 2238/511 2235/504 2542/1190
f 265/503 1118/2447 269/510
f 2233/505 2237/512 3076/2448
f 269/510 268/507 265/503
f 2237/512 2233/505 2236/508
f 272/516 576/2449 97/139
f 2240/518 2074/140 2541/2450
f 97/139 94/135 272/516
f 2074/140 2240/518 2071/137
f 1119/2453 975/2451 276/522
f 3077/2454 2244/526 2936/2452
f 276/522 277/521 1119/2453
f 2244/526 3077/2454 2245/524
f 266/502 267/501 272/516
f 2234/506 2240/518 2235/504
f 272/516 273/515 266/502
f 2240/518 2234/506 2241/517
f 1122/2459 838/1778 839/1784
f 3080/2462 2803/1785 2802/1781
f 839/1784 1121/2460 1122/2459
f 2803/1785 3080/2462 3079/2461
f 95/134 96/133 1121/2460
f 2072/138 3079/2461 2073/136
f 1121/2460 839/1784 95/134
f 3079/2461 2072/138 2803/1785
f 1122/2459 275/2463 276/2088
f 3080/2462 2244/2089 2243/2464
f 276/2088 838/1778 1122/2459
f 2244/2089 3080/2462 2802/1781
f 1118/2447 1119/2453 277/521
f 3076/2448 2245/524 3077/2454
f 277/521 269/510 1118/2447
f 2245/524 3076/2448 2237/512
f 848/1809 1976/1826 1982/2497
f 2812/1810 3860/2498 3854/1827
f 1982/2497 566/1163 848/1809
f 3860/2498 2812/1810 2531/1166
f 854/1821 1980/1844 1983/2499
f 2818/1822 3861/2500 3858/1845
f 1983/2499 568/1173 854/1821
f 3861/2500 2818/1822 2533/1175
f 851/1812 1974/1818 1984/2501
f 2815/1815 3862/2502 3852/1819
f 1984/2501 818/1717 851/1812
f 3862/2502 2815/1815 2782/1721
f 1830/2503 154/2504 1133/2505
f 1830/2506 3091/2507 2129/2508
f 1133/2505 1838/2509 1830/2503
f 3091/2507 1830/2506 1838/2510
f 155/2331 487/977 1133/2505
f 2130/2332 3091/2507 2452/979
f 1133/2505 154/2504 155/2331
f 3091/2507 2130/2332 2129/2508
f 807/1691 440/870 317/605
f 2771/1693 2285/606 2406/871
f 317/605 1134/2511 807/1691
f 2285/606 2771/1693 3092/2512
f 427/846 1134/2511 317/605
f 2393/848 2285/606 3092/2512
f 317/605 314/601 427/846
f 2285/606 2393/848 2282/603
f 1136/2513 1135/2514 809/1694
f 3094/2515 2773/1695 3093/2516
f 809/1694 1137/2517 1136/2513
f 2773/1695 3094/2515 3095/2518
f 494/2519 1138/2520 488/976
f 2459/2521 2453/980 3096/2522
f 488/976 489/975 494/2519
f 2453/980 2459/2521 2454/978
f 487/977 488/976 1139/2523
f 2452/979 3097/2524 2453/980
f 1139/2523 1133/2505 487/977
f 3097/2524 2452/979 3091/2507
f 937/2002 1865/1554 754/1560
f 2900/2003 2718/1561 3749/1557
f 754/1560 766/1588 937/2002
f 2718/1561 2900/2003 2730/1589
f 1868/1998 765/1582 766/1588
f 3752/1999 2730/1589 2729/1585
f 766/1588 754/1560 1868/1998
f 2730/1589 3752/1999 2718/1561
f 938/2004 896/1908 1865/1554
f 2901/2005 3749/1557 2860/1909
f 1865/1554 937/2002 938/2004
f 3749/1557 2901/2005 2900/2003
f 939/2008 898/1914 899/1913
f 2902/2009 2863/1917 2862/1916
f 899/1913 1869/2006 939/2008
f 2863/1917 2902/2009 3753/2007
f 1869/2006 899/1913 896/1908
f 3753/2007 2860/1909 2863/1917
f 896/1908 938/2004 1869/2006
f 2860/1909 3753/2007 2901/2005
f 913/1941 944/2020 945/2019
f 2876/1945 2908/2023 2907/2022
f 945/2019 912/1942 913/1941
f 2908/2023 2876/1945 2875/1944
f 950/2030 918/1948 1866/1954
f 2913/2031 3750/1955 2881/1951
f 1866/1954 949/2026 950/2030
f 3750/1955 2913/2031 2912/2028
f 1039/2250 923/1964 912/1942
f 2997/2252 2875/1944 2886/1966
f 912/1942 945/2019 1039/2250
f 2875/1944 2997/2252 2908/2023
f 954/2036 925/1968 923/1964
f 2917/2038 2886/1966 2888/1970
f 923/1964 1039/2250 954/2036
f 2886/1966 2917/2038 2997/2252
f 956/2042 928/1972 929/1978
f 2919/2043 2892/1979 2891/1975
f 929/1978 952/2034 956/2042
f 2892/1979 2919/2043 2915/2035
f 765/1582 1868/1998 936/2000
f 2729/1585 2899/2001 3752/1999
f 936/2000 957/2044 765/1582
f 2899/2001 2729/1585 2920/2045
f 957/2044 936/2000 918/1948
f 2920/2045 2881/1951 2899/2001
f 918/1948 950/2030 957/2044
f 2881/1951 2920/2045 2913/2031
f 919/1957 942/2010 943/2016
f 2882/1961 2906/2017 2905/2013
f 943/2016 1867/1958 919/1957
f 2906/2017 2882/1961 3751/1960
f 1867/1958 943/2016 952/2034
f 3751/1960 2915/2035 2906/2017
f 952/2034 929/1978 1867/1958
f 2915/2035 3751/1960 2892/1979
f 925/1968 954/2036 949/2026
f 2888/1970 2912/2028 2917/2038
f 949/2026 1866/1954 925/1968
f 2912/2028 2888/1970 3750/1955
f 12/2279 30/2525 898/1914
f 12/2279 2862/1916 30/2525
f 898/1914 939/2008 12/2279
f 2862/1916 12/2279 2902/2009
f 208/367 205/363 883/1879
f 2182/368 2847/1883 2179/365
f 883/1879 884/1878 208/367
f 2847/1883 2182/368 2848/1881
f 1142/2526 1141/2527 1140/2528
f 3100/2529 3098/2530 3099/2531
f 1140/2528 1143/2532 1142/2526
f 3098/2530 3100/2529 3101/2533
f 1145/2534 1144/2535 961/2051
f 3103/2536 2923/2054 3102/2537
f 961/2051 962/2050 1145/2534
f 2923/2054 3103/2536 2924/2053
f 1148/2538 1147/2539 1146/2540
f 3106/2541 3104/2542 3105/2543
f 1146/2540 1149/2544 1148/2538
f 3104/2542 3106/2541 3107/2545
f 1152/2546 1151/2547 1150/2548
f 3110/2549 3108/2550 3109/2551
f 1150/2552 1141/2527 1152/2553
f 3108/2554 3110/2555 3099/2531
f 1149/2544 1146/2540 1144/2535
f 3107/2545 3102/2537 3104/2542
f 1144/2535 1145/2534 1149/2544
f 3102/2537 3107/2545 3103/2536
f 1140/2528 1153/2556 1147/2539
f 3098/2530 3105/2543 3111/2557
f 1147/2539 1148/2538 1140/2528
f 3105/2543 3098/2530 3106/2541
f 1141/2527 1150/2552 1153/2556
f 3099/2531 3111/2557 3108/2554
f 1153/2556 1140/2528 1141/2527
f 3111/2557 3099/2531 3098/2530
f 1154/2558 507/1023 536/2559
f 3112/2560 2501/2561 2472/1024
f 536/1079 533/1075 1154/2562
f 2501/1080 3112/2563 2498/1077
f 962/2050 1156/2564 1155/2565
f 2924/2053 3113/2566 3114/2567
f 1155/2565 1145/2534 962/2050
f 3113/2566 2924/2053 3103/2536
f 1158/2568 1157/2569 1148/2538
f 3116/2570 3106/2541 3115/2571
f 1148/2538 1149/2544 1158/2568
f 3106/2541 3116/2570 3107/2545
f 1141/2527 1142/2526 1159/2572
f 3099/2531 3117/2573 3100/2529
f 1159/2572 1152/2553 1141/2527
f 3117/2573 3099/2531 3110/2555
f 1148/2538 1157/2569 1143/2532
f 3106/2541 3101/2533 3115/2571
f 1143/2532 1140/2528 1148/2538
f 3101/2533 3106/2541 3098/2530
f 1145/2534 1155/2565 1158/2568
f 3103/2536 3116/2570 3113/2566
f 1158/2568 1149/2544 1145/2534
f 3116/2570 3103/2536 3107/2545
f 191/329 1142/2526 1143/2532
f 2165/332 3101/2533 3100/2529
f 1143/2532 240/449 191/329
f 3101/2533 2165/332 2208/450
f 1154/2574 1138/2520 494/2519
f 3112/2575 2459/2521 3096/2522
f 494/987 507/1023 1154/2558
f 2459/990 3112/2560 2472/1024
f 87/118 88/117 280/530
f 2064/122 2248/534 2065/120
f 280/530 289/549 87/118
f 2248/534 2064/122 2257/550
f 1160/2576 279/531 91/126
f 3118/2577 2068/130 2247/533
f 91/126 92/125 1160/2576
f 2068/130 3118/2577 2069/128
f 220/395 784/2578 1161/2579
f 2189/398 3119/2580 2748/2581
f 1161/2579 219/396 220/395
f 3119/2580 2189/398 2188/400
f 280/530 88/117 91/126
f 2248/534 2068/130 2065/120
f 91/126 279/531 280/530
f 2068/130 2248/534 2247/533
f 830/1757 815/1712 286/545
f 2794/1758 2254/547 2779/1713
f 286/545 833/1769 830/1757
f 2254/547 2794/1758 2797/1770
f 831/1759 829/1751 832/1767
f 2795/1760 2796/1768 2793/1754
f 832/1767 783/1627 831/1759
f 2796/1768 2795/1760 2747/1630
f 1161/2579 1160/2576 92/125
f 3119/2580 2069/128 3118/2577
f 92/125 219/396 1161/2579
f 2069/128 3119/2580 2188/400
f 225/416 65/67 66/73
f 2194/418 2043/74 2042/70
f 66/73 196/343 225/416
f 2043/74 2194/418 2170/344
f 117/179 114/175 118/183
f 2094/180 2095/185 2091/177
f 118/183 119/182 117/179
f 2095/185 2094/180 2096/186
f 68/76 402/784 420/826
f 2045/80 2386/829 2368/785
f 420/826 67/77 68/76
f 2386/829 2045/80 2044/79
f 351/675 69/75 70/81
f 2318/677 2047/82 2046/78
f 70/81 213/377 351/675
f 2047/82 2318/677 2184/378
f 179/306 180/305 780/1619
f 2153/310 2744/1622 2154/308
f 780/1619 174/299 179/306
f 2744/1622 2153/310 2148/301
f 175/298 737/1523 179/306
f 2149/302 2153/310 2701/1525
f 179/306 174/299 175/298
f 2153/310 2149/302 2148/301
f 1815/1524 737/1523 175/298
f 1815/1524 2149/302 2701/1525
f 175/298 4/1604 1815/1524
f 2149/302 1815/1524 4/1604
f 181/311 178/307 50/39
f 2155/312 2028/41 2152/309
f 50/39 792/1649 181/311
f 2028/41 2155/312 2756/1650
f 735/1517 181/311 792/1649
f 2699/1520 2756/1650 2155/312
f 792/1649 227/419 735/1517
f 2756/1650 2699/1520 2196/420
f 793/1651 735/1517 227/419
f 2757/1652 2196/420 2699/1520
f 227/419 225/416 793/1651
f 2196/420 2757/1652 2194/418
f 772/1602 172/289 173/295
f 2736/1603 2147/296 2146/292
f 173/295 771/1596 772/1602
f 2147/296 2736/1603 2735/1599
f 771/2582 173/1659 797/1665
f 2735/2583 2761/1666 2147/1662
f 797/1665 988/2584 771/2582
f 2761/1666 2735/2583 2946/2585
f 171/290 172/289 914/1940
f 2145/294 2877/1943 2146/292
f 914/1940 915/1946 171/290
f 2877/1943 2145/294 2878/1947
f 928/1972 913/1941 914/1940
f 2891/1975 2877/1943 2876/1945
f 914/1940 927/1973 928/1972
f 2877/1943 2891/1975 2890/1977
f 956/2042 944/2020 913/1941
f 2919/2043 2876/1945 2907/2022
f 913/1941 928/1972 956/2042
f 2876/1945 2919/2043 2891/1975
f 955/2040 947/2024 944/2020
f 2918/2041 2907/2022 2910/2025
f 944/2020 956/2042 955/2040
f 2907/2022 2918/2041 2919/2043
f 1154/2562 533/1075 1151/2547
f 3112/2563 3109/2551 2498/1077
f 1151/2547 1152/2546 1154/2562
f 3109/2551 3112/2563 3110/2549
f 1138/2520 1154/2574 1152/2553
f 3096/2522 3110/2555 3112/2575
f 1152/2553 1159/2572 1138/2520
f 3110/2555 3096/2522 3117/2573
f 706/1461 707/1460 1162/2586
f 2670/1463 3120/2587 2671/1464
f 1162/2586 1028/2224 706/1461
f 3120/2587 2670/1463 2986/2226
f 1163/2588 718/1483 1070/2341
f 3121/2589 3028/2342 2682/1484
f 1070/2341 1026/2222 1163/2588
f 3028/2342 3121/2589 2984/2223
f 694/1437 1079/2359 1025/2218
f 2658/1439 2983/2220 3037/2360
f 1025/2218 697/1441 694/1437
f 2983/2220 2658/1439 2661/1442
f 1164/2590 703/1452 704/1451
f 3122/2591 2668/1454 2667/1456
f 704/1451 1097/2395 1164/2590
f 2668/1454 3122/2591 3055/2396
f 1166/2592 1165/2593 891/1894
f 3124/2594 2855/1897 3123/2595
f 891/1894 1019/2208 1166/2592
f 2855/1897 3124/2594 2977/2209
f 1001/2176 890/1895 1167/2596
f 2959/2177 3125/2597 2854/1899
f 1167/2596 1036/2242 1001/2176
f 3125/2597 2959/2177 2994/2243
f 1168/2598 1035/2238 1116/2443
f 3126/2599 3074/2444 2993/2240
f 1116/2443 1169/2600 1168/2598
f 3074/2444 3126/2599 3127/2601
f 1170/1696 1126/1700 802/1675
f 3128/1698 2766/1676 3084/1701
f 802/1675 801/1673 1170/1696
f 2766/1676 3128/1698 2765/1674
f 1171/2602 1007/2603 1923/2604
f 3129/2605 3805/2606 2965/2607
f 1923/2604 1172/2608 1171/2602
f 3805/2606 3129/2605 3130/2609
f 132/205 1138/2520 1159/2572
f 2107/208 3117/2573 3096/2522
f 1159/2572 192/335 132/205
f 3117/2573 2107/208 2166/336
f 91/126 88/117 89/123
f 2068/130 2066/124 2065/120
f 89/123 90/127 91/126
f 2066/124 2068/130 2067/129
f 101/147 98/143 102/151
f 2078/148 2079/153 2075/145
f 102/151 103/150 101/147
f 2079/153 2078/148 2080/154
f 480/958 394/969 389/2610
f 2445/971 2356/761 2361/768
f 389/2610 429/844 480/958
f 2356/761 2445/971 2395/2611
f 428/845 390/2612 301/573
f 2394/2613 2269/574 2357/762
f 301/573 298/569 428/845
f 2269/574 2394/2613 2266/571
f 444/878 813/2469 485/968
f 2410/2470 2450/970 2777/1707
f 485/968 443/872 444/878
f 2450/970 2410/2470 2409/972
f 328/627 335/644 81/2074
f 2295/628 2058/2075 2302/648
f 81/2074 78/772 328/627
f 2058/2075 2295/628 2055/773
f 89/123 142/1726 143/2614
f 2066/124 2118/2615 2117/1727
f 143/2614 90/127 89/123
f 2118/2615 2066/124 2067/129
f 1821/2616 1812/894 454/900
f 1821/2617 2419/901 1812/897
f 454/900 460/2618 1821/2616
f 2419/901 1821/2617 2425/2619
f 460/2618 454/900 53/43
f 2425/2619 2031/44 2419/901
f 53/43 459/1653 460/2618
f 2031/44 2425/2619 2424/1654
f 52/37 53/43 454/900
f 2030/40 2419/901 2031/44
f 454/900 452/896 52/37
f 2419/901 2030/40 2418/898
f 825/1742 805/1685 806/1684
f 2789/1746 2770/1688 2769/1687
f 806/1684 826/1743 825/1742
f 2770/1688 2789/1746 2790/1745
f 1136/2513 1137/2517 824/1741
f 3094/2515 2788/1744 3095/2518
f 824/1741 827/1747 1136/2513
f 2788/1744 3094/2515 2791/1748
f 1158/2568 128/197 129/203
f 3116/2570 2104/204 2103/200
f 129/203 1157/2569 1158/2568
f 2104/204 3116/2570 3115/2571
f 132/205 133/211 488/976
f 2107/208 2453/980 2108/212
f 488/976 1138/2520 132/205
f 2453/980 2107/208 3096/2522
f 1803/214 1839/2620 1139/2523
f 1803/218 3097/2524 1839/2621
f 1139/2523 134/215 1803/214
f 3097/2524 1803/218 2109/217
f 1142/2526 191/329 192/335
f 3100/2529 2166/336 2165/332
f 192/335 1159/2572 1142/2526
f 2166/336 3100/2529 3117/2573
f 1840/2622 1173/2623 959/2048
f 1840/2622 2922/2049 1173/2623
f 959/2048 1156/2564 1840/2622
f 2922/2049 1840/2622 3114/2567
f 1157/2569 129/203 240/449
f 3115/2571 2208/450 2104/204
f 240/449 1143/2532 1157/2569
f 2208/450 3115/2571 3101/2533
f 1155/2565 363/701 128/197
f 3113/2566 2103/200 2330/702
f 128/197 1158/2568 1155/2565
f 2103/200 3113/2566 3116/2570
f 1156/2564 959/2048 363/701
f 3114/2567 2330/702 2922/2049
f 363/701 1155/2565 1156/2564
f 2330/702 3114/2567 3113/2566
f 488/976 133/211 134/215
f 2453/980 2109/217 2108/212
f 134/215 1139/2523 488/976
f 2109/217 2453/980 3097/2524
f 190/330 191/329 240/449
f 2164/334 2208/450 2165/332
f 240/449 237/444 190/330
f 2208/450 2164/334 2205/446
f 131/206 132/205 192/335
f 2106/210 2166/336 2107/208
f 192/335 189/331 131/206
f 2166/336 2106/210 2163/333
f 1151/2547 207/361 208/367
f 3109/2551 2182/368 2181/364
f 208/367 1150/2548 1151/2547
f 2182/368 3109/2551 3108/2550
f 597/1233 205/363 206/362
f 2561/1235 2180/366 2179/365
f 206/362 600/1237 597/1233
f 2180/366 2561/1235 2564/1238
f 534/1074 605/1243 606/1249
f 2499/1078 2570/1250 2569/1246
f 606/1249 533/1075 534/1074
f 2570/1250 2499/1078 2498/1077
f 980/2132 603/1245 604/1244
f 2938/2134 2568/1248 2567/1247
f 604/1244 979/2133 980/2132
f 2568/1248 2938/2134 2937/2135
f 1144/2535 869/1846 870/1852
f 3102/2537 2834/1853 2833/1849
f 870/1852 961/2051 1144/2535
f 2834/1853 3102/2537 2923/2054
f 159/2624 867/1848 868/1847
f 2134/2625 2832/1851 2831/1850
f 868/1847 158/2626 159/2624
f 2832/1851 2134/2625 2133/2627
f 1147/2539 873/1854 874/1860
f 3105/2543 2838/1861 2837/1857
f 874/1860 1146/2540 1147/2539
f 2838/1861 3105/2543 3104/2542
f 161/2628 871/1856 872/1855
f 2136/2629 2836/1859 2835/1858
f 872/1855 160/2630 161/2628
f 2836/1859 2136/2629 2135/2631
f 529/1069 877/1862 878/1868
f 2494/1067 2842/1869 2841/1865
f 878/1868 532/1070 529/1069
f 2842/1869 2494/1067 2497/1072
f 981/2136 875/1864 876/1863
f 2939/2137 2840/1867 2839/1866
f 876/1863 999/2172 981/2136
f 2840/1867 2939/2137 2957/2173
f 1831/2259 31/2632 1045/2273
f 1831/2259 3003/2275 31/2632
f 1045/2273 153/254 1831/2259
f 3003/2275 1831/2259 2128/258
f 1146/2540 874/1860 869/1846
f 3104/2542 2833/1849 2838/1861
f 869/1846 1144/2535 1146/2540
f 2833/1849 3104/2542 3102/2537
f 158/2626 868/1847 871/1856
f 2133/2627 2835/1858 2832/1851
f 871/1856 161/2628 158/2626
f 2835/1858 2133/2627 2136/2629
f 881/1870 882/1876 492/983
f 2845/1873 2457/985 2846/1877
f 492/983 152/255 881/1870
f 2457/985 2845/1873 2127/257
f 997/2164 879/1872 880/1871
f 2955/2167 2844/1875 2843/1874
f 880/1871 996/2165 997/2164
f 2844/1875 2955/2167 2954/2169
f 1153/2556 884/1884 873/1854
f 3111/2557 2837/1857 2848/1885
f 873/1854 1147/2539 1153/2556
f 2837/1857 3111/2557 3105/2543
f 160/271 872/1880 883/1879
f 2135/273 2847/1883 2836/1882
f 883/1879 250/469 160/271
f 2847/1883 2135/273 2218/470
f 532/1070 878/1868 605/1243
f 2497/1072 2569/1246 2842/1869
f 605/1243 534/1074 532/1070
f 2569/1246 2497/1072 2499/1078
f 979/2133 604/1244 875/1864
f 2937/2135 2839/1866 2568/1248
f 875/1864 981/2136 979/2133
f 2839/1866 2937/2135 2939/2137
f 533/1075 606/1249 207/361
f 2498/1077 2181/364 2570/1250
f 207/361 1151/2547 533/1075
f 2181/364 2498/1077 3109/2551
f 600/1237 206/362 603/1245
f 2564/1238 2567/1247 2180/366
f 603/1245 980/2132 600/1237
f 2567/1247 2564/1238 2938/2134
f 153/254 1045/2273 881/1870
f 2128/258 2845/1873 3003/2275
f 881/1870 152/255 153/254
f 2845/1873 2128/258 2127/257
f 996/2165 880/1871 1044/2274
f 2954/2169 3002/2276 2844/1875
f 1044/2274 1047/2284 996/2165
f 3002/2276 2954/2169 3005/2285
f 999/2172 876/1863 1054/2299
f 2957/2173 3012/2300 2840/1867
f 1054/2299 1068/2335 999/2172
f 3012/2300 2957/2173 3026/2337
f 1053/2297 877/1862 529/1069
f 3011/2298 2494/1067 2841/1865
f 529/1069 550/2633 1053/2297
f 2494/1067 3011/2298 2515/2334
f 1068/2335 1054/2299 879/1872
f 3026/2337 2843/1874 3012/2300
f 879/1872 997/2164 1068/2335
f 2843/1874 3026/2337 2955/2167
f 882/1876 1053/2297 550/2633
f 2846/1877 2515/2334 3011/2298
f 550/2633 492/983 882/1876
f 2515/2334 2846/1877 2457/985
f 1150/2548 208/367 884/1878
f 3108/2550 2848/1881 2182/368
f 884/1884 1153/2556 1150/2552
f 2848/1885 3108/2554 3111/2557
f 250/469 883/1879 205/363
f 2218/470 2179/365 2847/1883
f 205/363 597/1233 250/469
f 2179/365 2218/470 2561/1235
f 661/1358 1870/2254 1905/2634
f 2625/1362 3788/2635 3754/2255
f 1905/2634 1174/2636 661/1358
f 3788/2635 2625/1362 3131/2637
f 256/480 257/479 1175/2638
f 2224/484 3132/2639 2225/482
f 1175/2638 986/2146 256/480
f 3132/2639 2224/484 2944/2147
f 747/1544 596/1229 983/2142
f 2711/1545 2941/2144 2560/1230
f 983/2142 933/2249 747/1544
f 2941/2144 2711/1545 2896/2247
f 257/479 745/1541 895/1906
f 2225/482 2859/1907 2709/1542
f 895/1906 1175/2638 257/479
f 2859/1907 2225/482 3132/2639
f 28/2283 1176/2640 1042/2269
f 28/2283 3000/2271 1176/2640
f 1042/2269 1004/2183 28/2283
f 3000/2271 28/2283 2962/2185
f 123/190 959/2048 1173/2623
f 2098/194 1173/2623 2922/2049
f 1173/2623 7/379 123/190
f 1173/2623 2098/194 7/379
f 211/374 121/187 118/183
f 211/375 2095/185 121/188
f 118/183 213/377 211/374
f 2095/185 211/375 2184/378
f 165/278 1047/2284 1841/2641
f 2139/281 1841/2641 3005/2285
f 1841/2641 164/279 165/278
f 1841/2641 2139/281 164/279
f 1807/500 263/497 741/1532
f 1807/500 2705/1533 2231/498
f 741/1532 1177/2642 1807/500
f 2705/1533 1807/500 1177/2642
f 911/1938 901/1918 898/1914
f 911/1938 2862/1916 2865/1919
f 898/1914 30/2525 911/1938
f 2862/1916 911/1938 30/2525
f 1808/495 1833/2278 903/1920
f 1808/495 2867/1923 1833/2278
f 903/1920 264/496 1808/495
f 2867/1923 1808/495 2232/499
f 1843/2643 374/732 375/731
f 1843/2643 2342/733 2341/734
f 375/731 1842/2644 1843/2643
f 2342/733 1843/2643 3748/2645
f 32/2646 156/2647 759/1572
f 32/2646 2723/1573 2131/2648
f 759/1572 1844/2649 32/2646
f 2723/1573 32/2646 1844/2649
f 1841/2641 1047/2284 1044/2274
f 1841/2641 3002/2276 3005/2285
f 1044/2274 1845/2650 1841/2641
f 3002/2276 1841/2641 1845/2650
f 960/2052 961/2051 870/1852
f 960/2052 2834/1853 2923/2054
f 870/1852 14/2651 960/2052
f 2834/1853 960/2052 14/2651
f 1040/2264 1041/2262 1846/2652
f 2998/2265 1846/2652 2999/2263
f 1846/2652 1847/2653 1040/2264
f 1846/2652 2998/2265 1847/2653
f 1847/2653 1871/2654 1880/2267
f 1847/2653 3763/2268 1871/2654
f 1880/2267 1040/2264 1847/2653
f 3763/2268 1847/2653 2998/2265
f 327/623 328/627 78/772
f 327/623 2055/773 2295/628
f 78/772 396/771 327/623
f 2055/773 327/623 396/771
f 741/1532 374/732 1843/2643
f 2705/1533 1843/2643 2341/734
f 1843/2643 1177/2642 741/1532
f 1843/2643 2705/1533 1177/2642
f 22/1736 75/1735 353/1804
f 22/1736 2320/1805 2052/1737
f 353/1804 1848/2655 22/1736
f 2320/1805 22/1736 1848/2655
f 759/1572 372/723 6/2260
f 2723/1573 6/2260 2339/726
f 6/2260 1844/2649 759/1572
f 6/2260 2723/1573 1844/2649
f 1811/827 420/826 215/381
f 1811/831 2185/383 2386/829
f 215/381 1805/385 1811/827
f 2185/383 1811/831 1805/386
f 1849/2656 919/1957 920/1956
f 1849/2656 2883/1959 2882/1961
f 920/1956 15/2657 1849/2656
f 2883/1959 1849/2656 15/2657
f 1178/2658 1172/2608 1861/2659
f 3133/2660 1861/2659 3130/2609
f 1861/2659 1862/2661 1178/2658
f 1861/2659 3133/2660 1862/2661
f 1156/2564 962/2050 23/2055
f 3114/2567 23/2055 2924/2053
f 23/2055 1840/2622 1156/2564
f 23/2055 3114/2567 1840/2622
f 1906/2662 1181/2663 1180/2664
f 3789/2665 3134/2666 3135/2667
f 1180/2664 1905/2634 1906/2662
f 3134/2666 3789/2665 3788/2635
f 1872/2668 1864/2669 1861/2659
f 3755/2670 1861/2659 1864/2669
f 1861/2659 1172/2608 1872/2668
f 1861/2659 3755/2670 3130/2609
f 1923/2604 1875/2671 1872/2668
f 3805/2606 3755/2670 3758/2672
f 1872/2668 1172/2608 1923/2604
f 3755/2670 3805/2606 3130/2609
f 987/2673 988/2584 1056/2302
f 2945/2674 3014/2306 2946/2585
f 1056/2302 1052/2675 987/2673
f 3014/2306 2945/2674 3010/2676
f 1031/2233 1115/2441 1169/2600
f 2989/2234 3127/2601 3073/2442
f 1169/2600 1116/2443 1031/2233
f 3127/2601 2989/2234 3074/2444
f 1035/2238 1168/2598 1182/2677
f 2993/2240 3136/2678 3126/2599
f 1182/2677 1034/2239 1035/2238
f 3136/2678 2993/2240 2992/2241
f 1037/2244 743/1537 744/1536
f 2995/2245 2708/1539 2707/1538
f 744/1536 1032/2232 1037/2244
f 2708/1539 2995/2245 2990/2235
f 1183/2679 1115/2441 744/1536
f 3137/2680 2708/1539 3073/2442
f 744/1536 660/1359 1183/2679
f 2708/1539 3137/2680 2624/1361
f 1175/2638 1060/2311 985/2140
f 3132/2639 2943/2143 3018/2312
f 985/2140 986/2146 1175/2638
f 2943/2143 3132/2639 2944/2147
f 1062/2315 1060/2311 1175/2638
f 3020/2316 3132/2639 3018/2312
f 1175/2638 1184/2681 1062/2315
f 3132/2639 3020/2316 3138/2682
f 1185/2683 1922/1366 1924/2684
f 3139/2685 3806/2686 3804/1370
f 1924/2684 1064/2317 1185/2683
f 3806/2686 3139/2685 3022/2320
f 1006/2687 1063/2318 1064/2317
f 2964/2688 3022/2320 3021/2319
f 1064/2317 1924/2684 1006/2687
f 3022/2320 2964/2688 3806/2686
f 1007/2603 1171/2602 1063/2318
f 2965/2607 3021/2319 3129/2605
f 1063/2318 1006/2687 1007/2603
f 3021/2319 2965/2607 2964/2688
f 1061/2313 1186/2689 1185/2683
f 3019/2314 3139/2685 3140/2690
f 1185/2683 1058/2307 1061/2313
f 3139/2685 3019/2314 3016/2308
f 1187/2691 982/2138 1052/2295
f 3141/2692 3010/2296 2940/2139
f 1052/2675 1065/2321 1187/2693
f 3010/2676 3141/2694 3023/2322
f 1056/2302 988/2584 797/1665
f 3014/2306 2761/1666 2946/2585
f 797/1665 1055/2303 1056/2302
f 2761/1666 3014/2306 3013/2305
f 1056/2302 1057/2301 1065/2321
f 3014/2306 3023/2322 3015/2304
f 1065/2321 1052/2675 1056/2302
f 3023/2322 3014/2306 3010/2676
f 1171/2602 1187/2693 1065/2321
f 3129/2605 3023/2322 3141/2694
f 1065/2321 1063/2318 1171/2602
f 3023/2322 3129/2605 3021/2319
f 1057/2301 1058/2307 1185/2683
f 3015/2304 3139/2685 3016/2308
f 1185/2683 1064/2317 1057/2301
f 3139/2685 3015/2304 3022/2320
f 1186/2689 1061/2313 1062/2315
f 3140/2690 3020/2316 3019/2314
f 1062/2315 1182/2677 1186/2689
f 3020/2316 3140/2690 3136/2678
f 1000/2174 1184/2681 1175/2638
f 2958/2175 3132/2639 3138/2682
f 1175/2638 895/1906 1000/2174
f 3132/2639 2958/2175 2859/1907
f 892/1900 889/1896 652/1341
f 2856/1901 2616/1344 2853/1898
f 652/1341 653/1347 892/1900
f 2616/1344 2856/1901 2617/1348
f 889/1896 1000/2174 895/1906
f 2853/1898 2859/1907 2958/2175
f 895/1906 652/1341 889/1896
f 2859/1907 2853/1898 2616/1344
f 1023/2216 1021/2213 711/1469
f 2981/2217 2675/1470 2979/2214
f 711/1469 710/1467 1023/2216
f 2675/1470 2981/2217 2674/1468
f 1026/2222 1024/2219 719/1485
f 2984/2223 2683/1486 2982/2221
f 719/1485 1163/2588 1026/2222
f 2683/1486 2984/2223 3121/2589
f 706/1461 1028/2224 1029/2228
f 2670/1463 2987/2229 2986/2226
f 1029/2228 1009/2188 706/1461
f 2987/2229 2670/1463 2967/2189
f 1021/2213 1030/2230 721/1491
f 2979/2214 2685/1493 2988/2231
f 721/1491 711/1469 1021/2213
f 2685/1493 2979/2214 2675/1470
f 1049/2288 1188/2695 1081/2361
f 3007/2292 3039/2363 3142/2696
f 1081/2361 1048/2289 1049/2288
f 3039/2363 3007/2292 3006/2291
f 716/1480 1069/2339 1070/2341
f 2680/1481 3028/2342 3027/2340
f 1070/2341 718/1483 716/1480
f 3028/2342 2680/1481 2682/1484
f 1049/2288 1050/2287 720/1487
f 3007/2292 2684/1488 3008/2290
f 720/1487 1071/2343 1049/2288
f 2684/1488 3007/2292 3029/2344
f 1020/2210 1072/2345 1073/2347
f 2978/2211 3031/2348 3030/2346
f 1073/2347 1019/2208 1020/2210
f 3031/2348 2978/2211 2977/2209
f 1030/2230 1074/2349 724/1495
f 2988/2231 2688/1496 3032/2350
f 724/1495 721/1491 1030/2230
f 2688/1496 2988/2231 2685/1493
f 1029/2228 1023/2216 710/1467
f 2987/2229 2674/1468 2981/2217
f 710/1467 1009/2188 1029/2228
f 2674/1468 2987/2229 2967/2189
f 713/1472 696/1435 1069/2339
f 2677/1476 3027/2340 2660/1438
f 1069/2339 1074/2349 713/1472
f 3027/2340 2677/1476 3032/2350
f 1162/2586 1190/2697 1189/2698
f 3120/2587 3143/2699 3144/2700
f 1189/2698 1077/2355 1162/2586
f 3143/2699 3120/2587 3035/2356
f 1026/2222 1070/2341 697/1441
f 2984/2223 2661/1442 3028/2342
f 697/1441 1025/2218 1026/2222
f 2661/1442 2984/2223 2983/2220
f 1191/2701 1166/2592 1019/2208
f 3145/2702 2977/2209 3124/2594
f 1019/2208 1073/2347 1191/2701
f 2977/2209 3145/2702 3031/2348
f 1035/2238 1036/2242 1114/2437
f 2993/2240 3072/2439 2994/2243
f 1114/2437 1116/2443 1035/2238
f 3072/2439 2993/2240 3074/2444
f 1189/2698 1190/2697 1192/2703
f 3143/2699 3146/2704 3144/2700
f 1192/2703 1193/2705 1189/2698
f 3146/2704 3143/2699 3147/2706
f 1114/2437 1036/2242 1167/2596
f 3072/2439 3125/2597 2994/2243
f 1167/2596 1113/2438 1114/2437
f 3125/2597 3072/2439 3071/2440
f 1113/2438 1167/2596 1165/2593
f 3071/2440 3123/2595 3125/2597
f 1165/2593 1194/2707 1113/2438
f 3123/2595 3071/2440 3148/2708
f 1000/2174 1001/2176 1034/2239
f 2958/2175 2992/2241 2959/2177
f 1034/2239 1184/2681 1000/2174
f 2992/2241 2958/2175 3138/2682
f 1034/2239 1182/2677 1062/2315
f 2992/2241 3020/2316 3136/2678
f 1062/2315 1184/2681 1034/2239
f 3020/2316 2992/2241 3138/2682
f 1195/2709 941/2011 942/2010
f 1195/2709 2905/2013 2904/2015
f 942/2010 1850/2710 1195/2709
f 2905/2013 1195/2709 1850/2710
f 1850/2710 942/2010 919/1957
f 1850/2710 2882/1961 2905/2013
f 919/1957 1849/2656 1850/2710
f 2882/1961 1850/2710 1849/2656
f 1196/2711 675/1394 676/1393
f 3149/2712 2640/1396 2639/1395
f 676/1393 1197/2713 1196/2711
f 2640/1396 3149/2712 3150/2714
f 619/1273 1199/2715 1198/2716
f 2583/1275 3151/2717 3152/2718
f 1198/2716 618/1274 619/1273
f 3151/2717 2583/1275 2582/1276
f 623/1283 1201/2719 1200/2720
f 2587/1284 3153/2721 3154/2722
f 1200/2720 622/1277 623/1283
f 3153/2721 2587/1284 2586/1280
f 634/1305 1203/2723 1202/2724
f 2598/1308 3155/2725 3156/2726
f 1202/2724 633/1306 634/1305
f 3155/2725 2598/1308 2597/1310
f 1205/2727 1204/2728 667/1373
f 3158/2729 2631/1376 3157/2730
f 667/1373 668/1379 1205/2727
f 2631/1376 3158/2729 2632/1380
f 610/1259 611/1258 678/1398
f 2574/1261 2642/1402 2575/1262
f 678/1398 679/1397 610/1259
f 2642/1402 2574/1261 2643/1400
f 626/1295 627/1294 682/1406
f 2590/1297 2646/1410 2591/1298
f 682/1406 683/1405 626/1295
f 2646/1410 2590/1297 2647/1408
f 359/692 1207/2731 1206/2732
f 2326/696 3159/2733 3160/2734
f 1206/2732 358/693 359/692
f 3159/2733 2326/696 2325/695
f 672/1387 669/1383 410/803
f 2636/1388 2376/807 2633/1385
f 410/803 411/802 672/1387
f 2376/807 2636/1388 2377/805
f 638/1319 639/1318 687/1413
f 2602/1321 2651/1416 2603/1322
f 687/1413 688/1419 638/1319
f 2651/1416 2602/1321 2652/1420
f 574/1179 575/1185 1986/2735
f 2539/1182 3864/2736 2540/1186
f 1986/2735 1985/2737 574/1179
f 3864/2736 2539/1182 3863/2738
f 859/2739 1211/2740 1987/2741
f 2823/2742 3865/2743 3164/2744
f 1987/2741 1978/1834 859/2739
f 3865/2743 2823/2742 3856/1835
f 1135/2514 1136/2513 1212/2745
f 3093/2516 3165/2746 3094/2515
f 1212/2745 1213/2747 1135/2514
f 3165/2746 3093/2516 3166/2748
f 573/1180 864/1840 863/1836
f 2538/1184 2827/1838 2828/1841
f 863/1836 572/1181 573/1180
f 2827/1838 2538/1184 2537/1183
f 1719/1148 1931/2749 1930/2750
f 3671/1152 3812/2751 3813/2752
f 1930/2750 559/1149 1719/1148
f 3812/2751 3671/1152 2524/1151
f 1216/2753 1989/2754 2000/2755
f 3169/2756 3878/2757 3867/2758
f 2000/2755 1217/2759 1216/2753
f 3878/2757 3169/2756 3170/2760
f 1218/2761 1991/2762 1990/2763
f 3171/2764 3868/2765 3869/2766
f 1990/2763 1219/2767 1218/2761
f 3868/2765 3171/2764 3172/2768
f 841/1792 1936/2769 1937/2770
f 2805/1793 3819/2771 3818/2772
f 1937/2770 1120/2465 841/1792
f 3819/2771 2805/1793 3078/2466
f 1109/2423 1120/2455 1211/2740
f 3067/2424 3164/2744 3078/2456
f 1211/2740 859/2739 1109/2423
f 3164/2744 3067/2424 2823/2742
f 560/1155 561/1161 820/1722
f 2525/1158 2784/1723 2526/1162
f 820/1722 817/1718 560/1155
f 2784/1723 2525/1158 2781/1720
f 1108/2421 1109/2423 859/2739
f 3066/2422 2823/2742 3067/2424
f 859/2739 860/2773 1108/2421
f 2823/2742 3066/2422 2824/2774
f 1221/2775 834/1774 832/1767
f 3174/2776 2796/1768 2798/1775
f 832/1767 833/1769 1221/2775
f 2796/1768 3174/2776 2797/1770
f 287/544 1221/2775 833/1769
f 2255/548 2797/1770 3174/2776
f 833/1769 286/545 287/544
f 2797/1770 2255/548 2254/547
f 1222/2777 775/1607 245/461
f 3175/2778 2213/463 2739/1610
f 245/461 246/460 1222/2777
f 2213/463 3175/2778 2214/464
f 1816/1773 140/231 578/1194
f 1816/1773 2543/1195 2115/233
f 578/1194 579/1196 1816/1773
f 2543/1195 1816/1773 579/1196
f 580/1198 364/703 774/1608
f 2544/1200 2738/1609 2331/704
f 774/1608 582/1201 580/1198
f 2738/1609 2544/1200 2546/1202
f 141/230 364/703 580/1198
f 2116/234 2544/1200 2331/704
f 580/1198 584/1205 141/230
f 2544/1200 2116/234 2548/1206
f 194/338 195/337 587/1211
f 2168/342 2551/1212 2169/340
f 587/1211 586/1209 194/338
f 2551/1212 2168/342 2550/1210
f 775/1607 1222/2777 592/1221
f 2739/1610 2556/1222 3175/2778
f 592/1221 590/1218 775/1607
f 2556/1222 2739/1610 2554/1219
f 140/231 141/230 584/1205
f 2115/233 2548/1206 2116/234
f 584/1205 578/1194 140/231
f 2548/1206 2115/233 2543/1195
f 1223/2779 823/1729 594/1225
f 3176/2780 2558/1226 2787/1732
f 594/1225 593/1223 1223/2779
f 2558/1226 3176/2780 2557/1224
f 1222/2777 194/338 586/1209
f 3175/2778 2550/1210 2168/342
f 586/1209 592/1221 1222/2777
f 2550/1210 3175/2778 2556/1222
f 774/1608 775/1607 590/1218
f 2738/1609 2554/1219 2739/1610
f 590/1218 582/1201 774/1608
f 2554/1219 2738/1609 2546/1202
f 195/337 1223/2779 593/1223
f 2169/340 2557/1224 3176/2780
f 593/1223 587/1211 195/337
f 2557/1224 2169/340 2551/1212
f 347/670 348/669 594/1225
f 2314/672 2558/1226 2315/671
f 594/1225 821/1731 347/670
f 2558/1226 2314/672 2785/1733
f 24/2092 347/670 821/1731
f 24/2093 2785/1733 2314/672
f 821/1731 1819/2096 24/2092
f 2785/1733 24/2093 1819/2097
f 225/416 196/343 193/339
f 2194/418 2167/341 2170/344
f 193/339 793/1651 225/416
f 2167/341 2194/418 2757/1652
f 793/1651 193/339 246/460
f 2757/1652 2214/464 2167/341
f 246/460 247/459 793/1651
f 2214/464 2757/1652 2215/462
f 86/119 816/1714 776/2781
f 2063/121 2740/2782 2780/1715
f 776/2781 365/1724 86/119
f 2740/2782 2063/121 2332/1725
f 58/51 1802/57 1818/2094
f 2035/54 1818/2095 1802/58
f 1818/2094 822/1730 58/51
f 1818/2095 2035/54 2786/1734
f 66/73 63/69 823/1729
f 2043/74 2787/1732 2040/71
f 823/1729 1223/2779 66/73
f 2787/1732 2043/74 3176/2780
f 246/460 193/339 194/338
f 2214/464 2168/342 2167/341
f 194/338 1222/2777 246/460
f 2168/342 2214/464 3175/2778
f 196/343 66/73 1223/2779
f 2170/344 3176/2780 2043/74
f 1223/2779 195/337 196/343
f 3176/2780 2170/344 2169/340
f 815/1712 87/118 289/549
f 2779/1713 2257/550 2064/122
f 289/549 286/545 815/1712
f 2257/550 2779/1713 2254/547
f 282/535 284/537 786/1635
f 2250/536 2750/1637 2252/539
f 786/1635 281/529 282/535
f 2750/1637 2250/536 2249/532
f 282/535 279/531 1160/2576
f 2250/536 3118/2577 2247/533
f 1160/2576 283/538 282/535
f 3118/2577 2250/536 2251/540
f 785/1636 1224/2783 287/544
f 2749/1638 2255/548 3177/2784
f 287/544 288/543 785/1636
f 2255/548 2749/1638 2256/546
f 291/552 1161/2579 784/2578
f 2259/556 2748/2581 3119/2580
f 784/2578 290/553 291/552
f 2748/2581 2259/556 2258/555
f 971/2077 293/2076 290/1629
f 2932/2079 2258/1631 2261/2078
f 290/1629 782/1628 971/2077
f 2258/1631 2932/2079 2746/1632
f 1225/2785 971/2077 782/1628
f 3178/2786 2746/1632 2932/2079
f 782/1628 834/1774 1225/2785
f 2746/1632 3178/2786 2798/1775
f 283/538 1160/2576 1161/2579
f 2251/540 3119/2580 3118/2577
f 1161/2579 291/552 283/538
f 3119/2580 2251/540 2259/556
f 1221/2775 1226/2787 1225/2785
f 3174/2776 3178/2786 3179/2788
f 1225/2785 834/1774 1221/2775
f 3178/2786 3174/2776 2798/1775
f 1224/2783 1226/2787 1221/2775
f 3177/2784 3174/2776 3179/2788
f 1221/2775 287/544 1224/2783
f 3174/2776 3177/2784 2255/548
f 382/743 381/741 785/1636
f 2349/744 2749/1638 2348/742
f 785/1636 786/1635 382/743
f 2749/1638 2349/744 2750/1637
f 285/541 973/2082 972/2080
f 2253/542 2933/2081 2934/2083
f 972/2080 284/537 285/541
f 2933/2081 2253/542 2252/539
f 293/557 384/2085 974/2084
f 2261/558 2935/2087 2351/2086
f 974/2084 292/551 293/557
f 2935/2087 2261/558 2260/554
f 381/741 791/1647 1224/2783
f 2348/742 3177/2784 2755/1648
f 1224/2783 785/1636 381/741
f 3177/2784 2348/742 2749/1638
f 789/1639 790/1645 1225/2785
f 2753/1642 3178/2786 2754/1646
f 1225/2785 1226/2787 789/1639
f 3178/2786 2753/1642 3179/2788
f 790/1645 383/746 971/2077
f 2754/1646 2932/2079 2350/748
f 971/2077 1225/2785 790/1645
f 2932/2079 2754/1646 3178/2786
f 292/551 974/2084 973/2082
f 2260/554 2934/2083 2935/2087
f 973/2082 285/541 292/551
f 2934/2083 2260/554 2253/542
f 284/537 972/2080 382/743
f 2252/539 2349/744 2933/2081
f 382/743 786/1635 284/537
f 2349/744 2252/539 2750/1637
f 791/1647 789/1639 1226/2787
f 2755/1648 3179/2788 2753/1642
f 1226/2787 1224/2783 791/1647
f 3179/2788 2755/1648 3177/2784
f 1194/2707 707/1460 708/1459
f 3148/2708 2672/1462 2671/1464
f 708/1459 886/1887 1194/2707
f 2672/1462 3148/2708 2850/1891
f 1190/2697 1162/2586 707/1460
f 3144/2700 2671/1464 3120/2587
f 707/1460 1194/2707 1190/2697
f 2671/1464 3144/2700 3148/2708
f 1113/2438 1194/2707 886/1887
f 3071/2440 2850/1891 3148/2708
f 886/1887 887/1886 1113/2438
f 2850/1891 3071/2440 2851/1889
f 890/1895 891/1894 1165/2593
f 2854/1899 3123/2595 2855/1897
f 1165/2593 1167/2596 890/1895
f 3123/2595 2854/1899 3125/2597
f 1192/2703 1190/2697 1194/2707
f 3146/2704 3148/2708 3144/2700
f 1194/2707 1165/2593 1192/2703
f 3148/2708 3146/2704 3123/2595
f 1227/2789 1189/2698 1193/2705
f 3180/2790 3147/2706 3143/2699
f 1193/2705 1228/2791 1227/2789
f 3147/2706 3180/2790 3181/2792
f 1191/2701 1164/2590 1193/2705
f 3145/2702 3147/2706 3122/2591
f 1193/2705 1192/2703 1191/2701
f 3147/2706 3145/2702 3146/2704
f 1227/2789 1076/2351 1077/2355
f 3180/2790 3035/2356 3034/2353
f 1077/2355 1189/2698 1227/2789
f 3035/2356 3180/2790 3143/2699
f 1228/2791 1087/2373 1076/2351
f 3181/2792 3034/2353 3045/2375
f 1076/2351 1227/2789 1228/2791
f 3034/2353 3181/2792 3180/2790
f 1028/2224 1162/2586 1077/2355
f 2986/2226 3035/2356 3120/2587
f 1077/2355 1027/2225 1028/2224
f 3035/2356 2986/2226 2985/2227
f 512/1029 513/1031 523/1052
f 2477/1030 2488/1053 2478/1032
f 523/1052 522/1049 512/1029
f 2488/1053 2477/1030 2487/1050
f 795/1656 528/1055 516/1039
f 2759/1658 2481/1040 2493/1058
f 516/1039 517/1042 795/1656
f 2481/1040 2759/1658 2482/1044
f 203/355 520/1046 149/246
f 2177/357 2124/250 2485/1047
f 149/246 1229/2793 203/355
f 2124/250 2177/357 3182/2794
f 1101/2404 1104/2409 1105/2412
f 3059/2406 3063/2413 3062/2410
f 1105/2412 1107/2419 1101/2404
f 3063/2413 3059/2406 3065/2420
f 1104/2409 1101/2404 1102/2403
f 3062/2410 3060/2405 3059/2406
f 1102/2403 1103/2407 1104/2409
f 3060/2405 3062/2410 3061/2408
f 767/1594 1817/2795 27/2266
f 2731/1595 27/2266 1817/2795
f 27/2266 760/1575 767/1594
f 27/2266 2731/1595 2724/1577
f 1045/2273 31/2632 1845/2650
f 3003/2275 1845/2650 31/2632
f 1845/2650 1044/2274 1045/2273
f 1845/2650 3003/2275 3002/2276
f 1164/2590 1097/2395 1228/2791
f 3122/2591 3181/2792 3055/2396
f 1228/2791 1193/2705 1164/2590
f 3181/2792 3122/2591 3147/2706
f 1166/2592 1191/2701 1192/2703
f 3124/2594 3146/2704 3145/2702
f 1192/2703 1165/2593 1166/2592
f 3146/2704 3124/2594 3123/2595
f 1164/2590 1191/2701 1073/2347
f 3122/2591 3031/2348 3145/2702
f 1073/2347 703/1452 1164/2590
f 3031/2348 3122/2591 2667/1456
f 361/697 1231/2796 1230/2797
f 2328/698 3183/2798 3184/2799
f 1230/2797 360/691 361/697
f 3183/2798 2328/698 2327/694
f 1233/2800 1232/2801 412/808
f 3186/2802 2378/809 3185/2803
f 412/808 409/804 1233/2800
f 2378/809 3186/2802 2375/806
f 1234/2804 1196/2711 1197/2713
f 3187/2805 3150/2714 3149/2712
f 1197/2713 1235/2806 1234/2804
f 3150/2714 3187/2805 3188/2807
f 1236/2808 1204/2728 1205/2727
f 3189/2809 3158/2729 3157/2730
f 1205/2727 1237/2810 1236/2808
f 3158/2729 3189/2809 3190/2811
f 1992/2812 1981/1842 864/1840
f 3870/2813 2828/1841 3859/1843
f 864/1840 573/1180 1992/2812
f 2828/1841 3870/2813 2538/1184
f 1993/2814 1984/2501 1132/2815
f 3871/2816 3090/2817 3862/2502
f 1132/2815 1239/2818 1993/2814
f 3090/2817 3871/2816 3192/2819
f 566/1163 1982/2497 1975/1816
f 2531/1166 3853/1817 3860/2498
f 1975/1816 565/1164 566/1163
f 3853/1817 2531/1166 2530/1168
f 571/1177 568/1173 1983/2499
f 2536/1178 3861/2500 2533/1175
f 1983/2499 1977/1824 571/1177
f 3861/2500 2536/1178 3855/1825
f 1183/2679 1240/2820 1169/2600
f 3137/2680 3127/2601 3193/2821
f 1169/2600 1115/2441 1183/2679
f 3127/2601 3137/2680 3073/2442
f 664/1367 1168/2598 1169/2600
f 2628/1369 3127/2601 3126/2599
f 1169/2600 1240/2820 664/1367
f 3127/2601 2628/1369 3193/2821
f 1186/2689 1182/2677 1168/2598
f 3140/2690 3126/2599 3136/2678
f 1168/2598 664/1367 1186/2689
f 3126/2599 3140/2690 2628/1369
f 1186/2689 664/1367 1922/1366
f 3140/2690 3804/1370 2628/1369
f 1922/1366 1185/2683 1186/2689
f 3804/1370 3140/2690 3139/2685
f 538/1087 537/1083 1794/1130
f 2503/1088 3745/1131 2502/1085
f 1794/1130 1795/2822 538/1087
f 3745/1131 2503/1088 3746/2823
f 507/1023 1796/1020 1795/2822
f 2472/1024 3746/2823 3747/1021
f 1795/2822 536/2559 507/1023
f 3746/2823 2472/1024 2501/2561
f 552/1133 693/1433 505/1011
f 2517/1137 2470/1014 2657/1434
f 505/1011 506/1017 552/1133
f 2470/1014 2517/1137 2471/1018
f 553/1140 518/1041 505/1011
f 2518/1141 2470/1014 2483/1043
f 505/1011 693/1433 553/1140
f 2470/1014 2518/1141 2657/1434
f 495/993 511/1027 204/354
f 2460/994 2178/358 2476/1028
f 204/354 690/1423 495/993
f 2178/358 2460/994 2654/1424
f 1229/2793 1241/2824 202/359
f 3182/2794 2176/360 3194/2825
f 202/359 203/355 1229/2793
f 2176/360 3182/2794 2177/357
f 202/1095 1241/2826 1242/2827
f 2176/1098 3195/2828 3194/2829
f 1242/2827 542/1096 202/1095
f 3195/2828 2176/1098 2507/1100
f 542/1096 1242/2827 1243/2830
f 2507/1100 3196/2831 3195/2828
f 1243/2830 554/1138 542/1096
f 3196/2831 2507/1100 2519/1139
f 1241/2824 1229/2793 149/246
f 3194/2825 2124/250 3182/2794
f 149/246 150/245 1241/2824
f 2124/250 3194/2825 2125/248
f 543/1102 1242/2827 1241/2826
f 2508/1145 3194/2829 3195/2828
f 1241/2826 150/1103 543/1102
f 3194/2825 2508/1105 2125/248
f 555/1143 1243/2830 1242/2827
f 2520/1146 3195/2828 3196/2831
f 1242/2827 543/1102 555/1143
f 3195/2828 2520/1146 2508/1145
f 523/1052 524/1051 548/2326
f 2488/1053 2513/2328 2489/1054
f 548/2326 1066/2325 523/1052
f 2513/2328 2488/1053 3024/2327
f 514/1427 692/1429 547/1114
f 2479/1428 2512/1116 2656/1430
f 547/1114 524/1113 514/1427
f 2512/1116 2479/1428 2489/1117
f 692/1429 515/1037 525/1061
f 2656/1430 2490/1062 2480/1038
f 525/1061 547/1114 692/1429
f 2490/1062 2656/1430 2512/1116
f 1187/2693 1171/2602 1172/2608
f 3141/2694 3130/2609 3129/2605
f 1172/2608 1178/2658 1187/2693
f 3130/2609 3141/2694 3133/2660
f 982/2138 1187/2691 1178/2832
f 2940/2139 3133/2833 3141/2692
f 1178/2832 1117/2445 982/2138
f 3133/2833 2940/2139 3075/2446
f 718/1483 1163/2588 648/1333
f 2682/1484 2612/1336 3121/2589
f 648/1333 649/1339 718/1483
f 2612/1336 2682/1484 2613/1340
f 1163/2588 719/1485 643/1326
f 3121/2589 2607/1330 2683/1486
f 643/1326 648/1333 1163/2588
f 2607/1330 3121/2589 2612/1336
f 717/1479 723/1489 724/1495
f 2681/1482 2688/1496 2687/1492
f 724/1495 716/1480 717/1479
f 2688/1496 2681/1482 2680/1481
f 700/1443 1092/2383 1188/2695
f 2664/1446 3142/2696 3050/2385
f 1188/2695 699/1444 700/1443
f 3142/2696 2664/1446 2663/1448
f 1188/2695 1049/2288 1071/2343
f 3142/2696 3029/2344 3007/2292
f 1071/2343 699/1444 1188/2695
f 3029/2344 3142/2696 2663/1448
f 700/1443 701/1449 1094/2390
f 2664/1446 3052/2391 2665/1450
f 1094/2390 1091/2384 700/1443
f 3052/2391 2664/1446 3049/2386
f 720/1487 719/1485 1024/2219
f 2684/1488 2982/2221 2683/1486
f 1024/2219 1071/2343 720/1487
f 2982/2221 2684/1488 3029/2344
f 720/1487 1050/2287 650/1343
f 2684/1488 2614/1345 3008/2290
f 650/1343 642/1327 720/1487
f 2614/1345 2684/1488 2606/1329
f 1092/2383 1080/2362 1081/2361
f 3050/2385 3039/2363 3038/2364
f 1081/2361 1188/2695 1092/2383
f 3039/2363 3050/2385 3142/2696
f 1050/2287 1051/2293 653/1347
f 3008/2290 2617/1348 3009/2294
f 653/1347 650/1343 1050/2287
f 2617/1348 3008/2290 2614/1345
f 1072/2345 1020/2210 1051/2293
f 3030/2346 3009/2294 2978/2211
f 1051/2293 1048/2289 1072/2345
f 3009/2294 3030/2346 3006/2291
f 1092/2383 1093/2387 1090/2381
f 3050/2385 3048/2382 3051/2388
f 1090/2381 1080/2362 1092/2383
f 3048/2382 3050/2385 3038/2364
f 702/1453 1072/2345 1048/2289
f 2666/1455 3006/2291 3030/2346
f 1048/2289 1081/2361 702/1453
f 3006/2291 2666/1455 3039/2363
f 1020/2210 892/1900 653/1347
f 2978/2211 2617/1348 2856/1901
f 653/1347 1051/2293 1020/2210
f 2617/1348 2978/2211 3009/2294
f 1097/2395 1096/2393 1087/2373
f 3055/2396 3045/2375 3054/2394
f 1087/2373 1228/2791 1097/2395
f 3045/2375 3055/2396 3181/2792
f 1176/2640 1244/2834 1043/2270
f 1176/2640 3001/2272 1244/2834
f 1043/2270 1042/2269 1176/2640
f 3001/2272 1176/2640 3000/2271
f 1139/2523 1839/2620 1838/2509
f 3097/2524 1838/2510 1839/2621
f 1838/2509 1133/2505 1139/2523
f 1838/2510 3097/2524 3091/2507
f 156/2647 32/2646 1851/2835
f 2131/2648 1851/2835 32/2646
f 1851/2835 159/2624 156/2647
f 1851/2835 2131/2648 2134/2625
f 867/1848 1852/2836 14/2651
f 2831/1850 14/2651 1852/2836
f 14/2651 870/1852 867/1848
f 14/2651 2831/1850 2834/1853
f 159/2624 1851/2835 1852/2836
f 2134/2625 1852/2836 1851/2835
f 1852/2836 867/1848 159/2624
f 1852/2836 2134/2625 2831/1850
f 1046/2280 1014/2198 1835/2286
f 3004/2281 1835/2286 2972/2199
f 1835/2286 1853/2837 1046/2280
f 1835/2286 3004/2281 1853/2837
f 1046/2280 1853/2837 1854/2838
f 3004/2281 1854/2838 1853/2837
f 1854/2838 1011/2190 1046/2280
f 1854/2838 3004/2281 2969/2192
f 1010/2191 1011/2190 1854/2838
f 2968/2193 1854/2838 2969/2192
f 1854/2838 33/2839 1010/2191
f 1854/2838 2968/2193 33/2839
f 1005/2182 1010/2191 33/2839
f 2963/2184 33/2839 2968/2193
f 33/2839 13/2282 1005/2182
f 33/2839 2963/2184 13/2282
f 110/167 1855/2840 1848/2655
f 2087/169 1848/2655 1855/2840
f 1848/2655 353/1804 110/167
f 1848/2655 2087/169 2320/1805
f 110/167 111/166 965/2061
f 2087/169 965/2061 2088/170
f 965/2061 1855/2840 110/167
f 965/2061 2087/169 1855/2840
f 623/1283 620/1279 638/1319
f 2587/1284 2602/1321 2584/1281
f 638/1319 688/1419 623/1283
f 2602/1321 2587/1284 2652/1420
f 620/1279 631/1303 641/1323
f 2584/1281 2605/1324 2595/1304
f 641/1323 638/1319 620/1279
f 2605/1324 2584/1281 2602/1321
f 1245/2841 1201/2719 685/1415
f 3197/2842 2649/1417 3154/2722
f 685/1415 1246/2843 1245/2841
f 2649/1417 3197/2842 3198/2844
f 1201/2719 623/1283 688/1419
f 3154/2722 2652/1420 2587/1284
f 688/1419 685/1415 1201/2719
f 2652/1420 3154/2722 2649/1417
f 617/1271 614/1267 629/1299
f 2581/1272 2593/1300 2578/1269
f 629/1299 626/1295 617/1271
f 2593/1300 2581/1272 2590/1297
f 626/1295 683/1405 619/1273
f 2590/1297 2583/1275 2647/1408
f 619/1273 617/1271 626/1295
f 2583/1275 2590/1297 2581/1272
f 1247/2845 1199/2715 684/1411
f 3199/2846 2648/1412 3152/2718
f 684/1411 1248/2847 1247/2845
f 2648/1412 3199/2846 3200/2848
f 683/1405 684/1411 1199/2715
f 2647/1408 3152/2718 2648/1412
f 1199/2715 619/1273 683/1405
f 3152/2718 2647/1408 2583/1275
f 1249/2472 808/1690 2011/2849
f 3201/2475 3888/2850 2772/1692
f 2011/2849 1128/2489 1249/2472
f 3888/2850 3201/2475 3086/2492
f 635/1311 637/1315 613/1263
f 2599/1312 2577/1264 2601/1316
f 613/1263 610/1259 635/1311
f 2577/1264 2599/1312 2574/1261
f 634/1305 635/1311 610/1259
f 2598/1308 2574/1261 2599/1312
f 610/1259 679/1397 634/1305
f 2574/1261 2598/1308 2643/1400
f 1203/2723 634/1305 679/1397
f 3156/2726 2643/1400 2598/1308
f 679/1397 680/1403 1203/2723
f 2643/1400 3156/2726 2644/1404
f 1250/2851 1249/2472 1128/2489
f 3202/2852 3086/2492 3201/2475
f 1128/2489 1251/2853 1250/2851
f 3086/2492 3202/2852 3203/2854
f 1253/2855 810/1697 1252/2856
f 3205/2857 3204/2858 2774/1699
f 1252/2856 1254/2859 1253/2855
f 3204/2858 3205/2857 3206/2860
f 1255/2861 609/1255 303/576
f 3207/2862 2271/580 2573/1256
f 303/576 1256/2863 1255/2861
f 2271/580 3207/2862 3208/2864
f 1258/2478 1257/2865 2007/2866
f 3210/2479 3884/2867 3209/2868
f 2007/2866 800/1671 1258/2478
f 3884/2867 3210/2479 2764/1672
f 1259/2869 1257/2865 1258/2478
f 3211/2870 3210/2479 3209/2868
f 1258/2478 1260/2871 1259/2869
f 3210/2479 3211/2870 3212/2872
f 808/1690 1249/2472 1258/2478
f 2772/1692 3210/2479 3201/2475
f 1258/2478 800/1671 808/1690
f 3210/2479 2772/1692 2764/1672
f 431/850 673/1390 674/1389
f 2397/852 2638/1391 2637/1392
f 674/1389 430/851 431/850
f 2638/1391 2397/852 2396/853
f 1213/2747 1212/2745 1261/2873
f 3166/2748 3213/2874 3165/2746
f 1261/2873 1262/2875 1213/2747
f 3213/2874 3166/2748 3214/2876
f 1262/2877 1264/2878 1263/2879
f 3214/2876 3215/2880 3216/2881
f 1263/2882 1213/2747 1262/2875
f 3215/2880 3214/2876 3166/2748
f 1256/2863 303/576 304/575
f 3208/2864 2272/578 2271/580
f 304/575 1127/2487 1256/2863
f 2272/578 3208/2864 3085/2488
f 1246/2843 685/1415 686/1414
f 3198/2844 2650/1418 2649/1417
f 686/1414 1253/2855 1246/2843
f 2650/1418 3198/2844 3205/2857
f 1248/2847 684/1411 681/1407
f 3200/2848 2645/1409 2648/1412
f 681/1407 1259/2869 1248/2847
f 2645/1409 3200/2848 3211/2870
f 1265/2883 680/1403 677/1399
f 3217/2884 2641/1401 2644/1404
f 677/1399 1250/2851 1265/2883
f 2641/1401 3217/2884 3202/2852
f 1266/2885 1265/2883 1250/2851
f 3218/2886 3202/2852 3217/2884
f 1250/2851 1251/2853 1266/2885
f 3202/2852 3218/2886 3203/2854
f 1245/2841 1254/2859 1200/2720
f 3197/2842 3153/2721 3206/2860
f 1200/2720 1201/2719 1245/2841
f 3153/2721 3197/2842 3154/2722
f 1247/2845 1260/2871 1198/2716
f 3199/2846 3151/2717 3212/2872
f 1198/2716 1199/2715 1247/2845
f 3151/2717 3199/2846 3152/2718
f 1266/2885 1251/2853 1202/2724
f 3218/2886 3155/2725 3203/2854
f 1202/2724 1203/2723 1266/2885
f 3155/2725 3218/2886 3156/2726
f 1268/2887 1267/2888 1263/2882
f 3220/2889 3215/2880 3219/2890
f 1263/2879 1264/2878 1268/2891
f 3215/2880 3220/2889 3216/2881
f 1267/2888 1270/2892 1269/2893
f 3219/2890 3221/2894 3222/2895
f 1269/2893 1263/2882 1267/2888
f 3221/2894 3219/2890 3215/2880
f 1125/2485 967/2484 968/2896
f 3083/2486 2929/2068 2928/2069
f 968/2896 1271/2897 1125/2485
f 2929/2068 3083/2486 3223/2898
f 307/584 801/1673 434/860
f 2275/588 2400/862 2765/1674
f 434/860 306/585 307/584
f 2400/862 2275/588 2274/587
f 386/750 808/1690 800/1671
f 2353/754 2764/1672 2772/1692
f 800/1671 385/751 386/750
f 2764/1672 2353/754 2352/753
f 391/757 803/1680 301/1679
f 2358/760 2269/574 2767/1681
f 301/1679 390/758 391/757
f 2269/574 2358/760 2357/762
f 428/845 298/569 805/1685
f 2394/849 2769/1687 2266/1689
f 805/1685 427/846 428/845
f 2769/1687 2394/849 2393/848
f 433/856 799/1669 1170/1696
f 2399/857 3128/1698 2763/1670
f 1170/1696 432/854 433/856
f 3128/1698 2399/857 2398/855
f 433/856 323/616 388/755
f 2399/857 2355/756 2291/620
f 388/755 385/751 433/856
f 2355/756 2399/857 2352/753
f 386/750 387/749 440/870
f 2353/754 2406/871 2354/752
f 440/870 807/1691 386/750
f 2406/871 2353/754 2771/1693
f 811/1702 447/880 309/589
f 2775/1703 2277/590 2413/883
f 309/589 306/585 811/1702
f 2277/590 2775/1703 2274/587
f 432/854 1170/1696 801/1673
f 2398/855 2765/1674 3128/1698
f 801/1673 307/584 432/854
f 2765/1674 2398/855 2275/588
f 969/2070 970/2072 803/1680
f 2930/2071 2767/1681 2931/2073
f 803/1680 391/757 969/2070
f 2767/1681 2930/2071 2358/760
f 811/1702 435/859 970/2072
f 2775/1703 2931/2073 2401/863
f 970/2072 969/2070 811/1702
f 2931/2073 2775/1703 2930/2071
f 429/844 389/2610 390/2612
f 2395/2611 2357/762 2356/761
f 390/2612 428/845 429/844
f 2357/762 2395/2611 2394/2613
f 1134/2511 1137/2517 809/1694
f 3092/2512 2773/1695 3095/2518
f 809/1694 807/1691 1134/2511
f 2773/1695 3092/2512 2771/1693
f 1272/2899 1129/2490 1135/2514
f 3224/2900 3093/2516 3087/2494
f 1135/2514 1213/2747 1272/2899
f 3093/2516 3224/2900 3166/2748
f 1213/2747 1263/2882 1269/2893
f 3166/2748 3221/2894 3215/2880
f 1269/2893 1272/2899 1213/2747
f 3221/2894 3166/2748 3224/2900
f 621/1278 622/1277 359/692
f 2585/1282 2326/696 2586/1280
f 359/692 360/691 621/1278
f 2326/696 2585/1282 2327/694
f 682/1406 627/1294 361/697
f 2646/1410 2328/698 2591/1298
f 361/697 358/693 682/1406
f 2328/698 2646/1410 2325/695
f 632/1307 633/1306 411/802
f 2596/1309 2377/805 2597/1310
f 411/802 412/808 632/1307
f 2377/805 2596/1309 2378/809
f 1237/2810 1205/2727 611/1258
f 3190/2811 2575/1262 3158/2729
f 611/1258 612/1257 1237/2810
f 2575/1262 3190/2811 2576/1260
f 1204/2728 1236/2808 615/1266
f 3157/2730 2579/1270 3189/2809
f 615/1266 616/1265 1204/2728
f 2579/1270 3157/2730 2580/1268
f 667/1373 1204/2728 616/1265
f 2631/1376 2580/1268 3157/2730
f 616/1265 618/1274 667/1373
f 2580/1268 2631/1376 2582/1276
f 1259/2869 681/1407 1206/2732
f 3211/2870 3159/2733 2645/1409
f 1206/2732 625/1291 1259/2869
f 3159/2733 3211/2870 2589/1292
f 1231/2796 361/697 627/1294
f 3184/2799 2591/1298 2328/698
f 627/1294 628/1293 1231/2796
f 2591/1298 3184/2799 2592/1296
f 360/691 1230/2797 630/1301
f 2327/694 2594/1302 3183/2798
f 630/1301 621/1278 360/691
f 2594/1302 2327/694 2585/1282
f 412/808 1232/2801 636/1313
f 2378/809 2600/1314 3185/2803
f 636/1313 632/1307 412/808
f 2600/1314 2378/809 2596/1309
f 677/1399 678/1398 668/1379
f 2641/1401 2632/1380 2642/1402
f 668/1379 665/1375 677/1399
f 2632/1380 2641/1401 2629/1377
f 666/1374 667/1373 618/1274
f 2630/1378 2582/1276 2631/1376
f 618/1274 1198/2716 666/1374
f 2582/1276 2630/1378 3151/2717
f 1202/2724 1251/2853 671/1381
f 3155/2725 2635/1384 3203/2854
f 671/1381 672/1387 1202/2724
f 2635/1384 3155/2725 2636/1388
f 1200/2720 1254/2859 624/1285
f 3153/2721 2588/1288 3206/2860
f 624/1285 1207/2731 1200/2720
f 2588/1288 3153/2721 3160/2734
f 681/1407 682/1406 358/693
f 2645/1409 2325/695 2646/1410
f 358/693 1206/2732 681/1407
f 2325/695 2645/1409 3159/2733
f 1198/2716 1260/2871 1123/2901
f 3151/2717 3081/2902 3212/2872
f 1123/2901 666/1374 1198/2716
f 3081/2902 3151/2717 2630/1378
f 1250/2851 677/1399 665/1375
f 3202/2852 2629/1377 2641/1401
f 665/1375 1124/2903 1250/2851
f 2629/1377 3202/2852 3082/2904
f 622/1277 1200/2720 1207/2731
f 2586/1280 3160/2734 3153/2721
f 1207/2731 359/692 622/1277
f 3160/2734 2586/1280 2326/696
f 633/1306 1202/2724 672/1387
f 2597/1310 2636/1388 3155/2725
f 672/1387 411/802 633/1306
f 2636/1388 2597/1310 2377/805
f 678/1398 611/1258 1205/2727
f 2642/1402 3158/2729 2575/1262
f 1205/2727 668/1379 678/1398
f 3158/2729 2642/1402 2632/1380
f 413/812 1253/2855 686/1414
f 2379/814 2650/1418 3205/2857
f 686/1414 416/816 413/812
f 2650/1418 2379/814 2382/817
f 1235/2806 1197/2713 639/1318
f 3188/2807 2603/1322 3150/2714
f 639/1318 640/1317 1235/2806
f 2603/1322 3188/2807 2604/1320
f 686/1414 687/1413 676/1393
f 2650/1418 2640/1396 2651/1416
f 676/1393 416/816 686/1414
f 2640/1396 2650/1418 2382/817
f 687/1413 639/1318 1197/2713
f 2651/1416 3150/2714 2603/1322
f 1197/2713 676/1393 687/1413
f 3150/2714 2651/1416 2640/1396
f 1256/2863 1127/2487 414/811
f 3208/2864 2380/815 3085/2488
f 414/811 415/810 1256/2863
f 2380/815 3208/2864 2381/813
f 415/810 675/1394 1255/2861
f 2381/813 3207/2862 2639/1395
f 1255/2861 1256/2863 415/810
f 3207/2862 2381/813 3208/2864
f 1196/2711 1234/2804 608/1251
f 3149/2712 2572/1253 3187/2805
f 608/1251 609/1255 1196/2711
f 2572/1253 3149/2712 2573/1256
f 609/1255 1255/2861 675/1394
f 2573/1256 2639/1395 3207/2862
f 675/1394 1196/2711 609/1255
f 2639/1395 2573/1256 3149/2712
f 1272/2899 1269/2893 669/1383
f 3224/2900 2633/1385 3221/2894
f 669/1383 670/1382 1272/2899
f 2633/1385 3224/2900 2634/1386
f 1270/2892 1267/2888 409/804
f 3222/2895 2375/806 3219/2890
f 409/804 410/803 1270/2892
f 2375/806 3222/2895 2376/807
f 1233/2800 409/804 1267/2888
f 3186/2802 3219/2890 2375/806
f 1267/2888 1268/2887 1233/2800
f 3219/2890 3186/2802 3220/2889
f 1269/2893 1270/2892 410/803
f 3221/2894 2376/807 3222/2895
f 410/803 669/1383 1269/2893
f 2376/807 3221/2894 2633/1385
f 625/1291 2005/1287 1257/2865
f 2589/1292 3209/2868 3882/1289
f 1257/2865 1259/2869 625/1291
f 3209/2868 2589/1292 3211/2870
f 625/1291 1206/2732 1207/2731
f 2589/1292 3160/2734 3159/2733
f 1207/2731 624/1285 625/1291
f 3160/2734 2589/1292 2588/1288
f 413/812 1928/2481 810/1697
f 2379/814 2774/1699 3810/2482
f 810/1697 1253/2855 413/812
f 2774/1699 2379/814 3205/2857
f 1124/2903 1927/2473 1249/2472
f 3082/2904 3201/2475 3809/2477
f 1249/2472 1250/2851 1124/2903
f 3201/2475 3082/2904 3202/2852
f 1123/2901 1124/2903 665/1375
f 3081/2902 2629/1377 3082/2904
f 665/1375 666/1374 1123/2901
f 2629/1377 3081/2902 2630/1378
f 1128/2489 2009/2495 671/1381
f 3086/2492 2635/1384 3886/2496
f 671/1381 1251/2853 1128/2489
f 2635/1384 3086/2492 3203/2854
f 1272/2899 670/1382 2010/2491
f 3224/2900 3887/2493 2634/1386
f 2010/2491 1129/2490 1272/2899
f 3887/2493 3224/2900 3087/2494
f 800/1671 2007/2866 2008/2905
f 2764/1672 3885/2906 3884/2867
f 2008/2905 799/1669 800/1671
f 3885/2906 2764/1672 2763/1670
f 810/1697 799/1669 2008/2905
f 2774/1699 3885/2906 2763/1670
f 2008/2905 1252/2856 810/1697
f 3885/2906 2774/1699 3204/2858
f 1129/2490 1128/2489 2011/2849
f 3087/2494 3888/2850 3086/2492
f 2011/2849 2012/2907 1129/2490
f 3888/2850 3087/2494 3889/2908
f 1135/2514 1129/2490 2012/2907
f 3093/2516 3889/2908 3087/2494
f 2012/2907 809/1694 1135/2514
f 3889/2908 3093/2516 2773/1695
f 1246/2843 1253/2855 1254/2859
f 3198/2844 3206/2860 3205/2857
f 1254/2859 1245/2841 1246/2843
f 3206/2860 3198/2844 3197/2842
f 1248/2847 1259/2869 1260/2871
f 3200/2848 3212/2872 3211/2870
f 1260/2871 1247/2845 1248/2847
f 3212/2872 3200/2848 3199/2846
f 1203/2723 680/1403 1265/2883
f 3156/2726 3217/2884 2644/1404
f 1265/2883 1266/2885 1203/2723
f 3217/2884 3156/2726 3218/2886
f 1264/2878 1262/2877 1273/2909
f 3216/2881 3225/2910 3214/2876
f 1273/2909 1274/2911 1264/2878
f 3225/2910 3216/2881 3226/2912
f 1276/2913 1275/2914 673/1390
f 3228/2915 2637/1392 3227/2916
f 673/1390 431/850 1276/2913
f 2637/1392 3228/2915 2397/852
f 1261/2917 1278/2918 1277/2919
f 3213/2874 3229/2920 3230/2921
f 1277/2919 1279/2922 1261/2917
f 3229/2920 3213/2874 3231/2923
f 1282/2924 1281/2925 1280/2926
f 3234/2927 3232/2928 3233/2929
f 1280/2926 1283/2930 1282/2924
f 3232/2928 3234/2927 3235/2931
f 612/2932 613/2933 1284/2934
f 2576/2935 3236/2936 2577/2937
f 1284/2934 1285/2938 612/2932
f 3236/2936 2576/2935 3237/2939
f 614/2940 615/2941 1286/2942
f 2578/2943 3238/2944 2579/2945
f 1286/2942 1287/2946 614/2940
f 3238/2944 2578/2943 3239/2947
f 1236/2948 1237/2949 1288/2950
f 3189/2951 3240/2952 3190/2953
f 1288/2950 1289/2954 1236/2948
f 3240/2952 3189/2951 3241/2955
f 1291/2956 1290/2957 628/1293
f 3243/2958 2592/2959 3242/2960
f 628/1293 629/1299 1291/2956
f 2592/2959 3243/2958 2593/2961
f 1293/2962 1292/2963 631/2964
f 3245/2965 2595/2966 3244/2967
f 631/1303 630/1301 1293/2968
f 2595/2966 3245/2965 2594/2969
f 1295/2970 1294/2971 1230/2972
f 3247/2973 3183/2974 3246/2975
f 1230/2972 1231/2976 1295/2970
f 3183/2974 3247/2973 3184/2977
f 1297/2978 1296/2979 1234/2804
f 3249/2980 3187/2981 3248/2982
f 1234/2804 1235/2806 1297/2978
f 3187/2981 3249/2980 3188/2983
f 1299/2984 1298/2985 968/2066
f 3251/2986 2929/2068 3250/2987
f 968/2066 296/559 1299/2984
f 2929/2068 3251/2986 2264/562
f 1271/2897 968/2896 1298/2988
f 3223/2898 3250/2987 2929/2068
f 1298/2988 1300/2989 1271/2897
f 3250/2987 3223/2898 3252/2990
f 1301/2991 1299/2984 296/559
f 3253/2992 2264/562 3251/2986
f 296/559 297/565 1301/2991
f 2264/562 3253/2992 2265/566
f 1232/2993 1233/2994 1302/2995
f 3185/2803 3254/2996 3186/2802
f 1302/2995 1303/2997 1232/2993
f 3254/2996 3185/2803 3255/2998
f 1275/2914 1301/2991 297/565
f 3227/2916 2265/566 3253/2992
f 297/565 673/1390 1275/2914
f 2265/566 3227/2916 2637/1392
f 1287/2946 1291/2999 629/3000
f 3239/2947 2593/2961 3243/2958
f 629/3000 614/2940 1287/2946
f 2593/2961 3239/2947 2578/2943
f 1304/3001 1276/2913 431/850
f 3256/3002 2397/852 3228/2915
f 431/850 305/581 1304/3001
f 2397/852 3256/3002 2273/582
f 1262/2877 1261/2917 1279/2922
f 3214/2876 3231/2923 3213/2874
f 1279/2922 1273/2909 1262/2877
f 3231/2923 3214/2876 3225/2910
f 1268/2891 1264/2878 1274/2911
f 3220/2889 3226/2912 3216/2881
f 1274/2911 1309/3003 1268/2891
f 3226/2912 3220/2889 3261/3004
f 1278/3005 1271/2897 1300/2989
f 3230/2921 3252/3006 3223/3007
f 1300/3008 1277/2919 1278/2918
f 3252/3006 3230/2921 3229/2920
f 305/581 302/577 1305/3009
f 2273/582 3257/3010 2270/579
f 1305/3009 1304/3001 305/581
f 3257/3010 2273/582 3256/3002
f 1285/2938 1288/2950 1237/2949
f 3237/2939 3190/2953 3240/2952
f 1237/2949 612/2932 1285/2938
f 3190/2953 3237/2939 2576/2935
f 1289/2954 1286/2942 615/2941
f 3241/2955 2579/2945 3238/2944
f 615/2941 1236/2948 1289/2954
f 2579/2945 3241/2955 3189/2951
f 1290/3011 1295/2970 1231/2976
f 3242/2960 3184/2977 3247/2973
f 1231/2796 628/1293 1290/2957
f 3184/2977 3242/2960 2592/2959
f 1294/2971 1293/2962 630/3012
f 3246/2975 2594/2969 3245/2965
f 630/3012 1230/2972 1294/2971
f 2594/2969 3246/2975 3183/2974
f 1303/2997 637/3013 636/3014
f 3255/2998 2600/1314 2601/1316
f 636/3014 1232/2993 1303/2997
f 2600/1314 3255/2998 3185/2803
f 1307/3015 1296/2979 1306/3016
f 3259/3017 3258/3018 3248/2982
f 1306/3016 1308/3019 1307/3015
f 3258/3018 3259/3017 3260/3020
f 1233/2994 1268/2891 1309/3003
f 3186/2802 3261/3004 3220/2889
f 1309/3003 1302/2995 1233/2994
f 3261/3004 3186/2802 3254/2996
f 1310/3021 1313/3022 1312/3023
f 3262/3024 3264/3025 3265/3026
f 1312/3023 1311/3027 1310/3021
f 3264/3025 3262/3024 3263/3028
f 1312/3023 1313/3022 1314/3029
f 3264/3025 3266/3030 3265/3026
f 1314/3029 1315/3031 1312/3023
f 3266/3030 3264/3025 3267/3032
f 1315/3031 1314/3029 1316/3033
f 3267/3032 3268/3034 3266/3030
f 1316/3033 1317/3035 1315/3031
f 3268/3034 3267/3032 3269/3036
f 1317/3035 1316/3033 1318/3037
f 3269/3036 3270/3038 3268/3034
f 1318/3037 1319/3039 1317/3035
f 3270/3038 3269/3036 3271/3040
f 1319/3039 1318/3037 1320/3041
f 3271/3040 3272/3042 3270/3038
f 1320/3041 1321/3043 1319/3039
f 3272/3042 3271/3040 3273/3044
f 1321/3043 1320/3041 1322/3045
f 3273/3044 3274/3046 3272/3042
f 1322/3045 1323/3047 1321/3043
f 3274/3046 3273/3044 3275/3048
f 1323/3047 1322/3045 1324/3049
f 3275/3048 3276/3050 3274/3046
f 1324/3049 1325/3051 1323/3047
f 3276/3050 3275/3048 3277/3052
f 1325/3051 1324/3049 1326/3053
f 3277/3052 3278/3054 3276/3050
f 1326/3053 1327/3055 1325/3051
f 3278/3054 3277/3052 3279/3056
f 1327/3055 1326/3053 1328/3057
f 3279/3056 3280/3058 3278/3054
f 1328/3057 1329/3059 1327/3055
f 3280/3058 3279/3056 3281/3060
f 1328/3057 1331/3061 1330/3062
f 3280/3058 3282/3063 3283/3064
f 1330/3062 1329/3059 1328/3057
f 3282/3063 3280/3058 3281/3060
f 1334/3065 1333/3066 1332/3067
f 3286/3068 3284/3069 3285/3070
f 1332/3067 1335/3071 1334/3065
f 3284/3069 3286/3068 3287/3072
f 1338/3073 1337/3074 1336/3075
f 3290/3076 3288/3077 3289/3078
f 1336/3075 1339/3079 1338/3073
f 3288/3077 3290/3076 3291/3080
f 1339/3079 1336/3075 1340/3081
f 3291/3080 3292/3082 3288/3077
f 1340/3081 1341/3083 1339/3079
f 3292/3082 3291/3080 3293/3084
f 1341/3083 1340/3081 1342/3085
f 3293/3084 3294/3086 3292/3082
f 1342/3085 1343/3087 1341/3083
f 3294/3086 3293/3084 3295/3088
f 1343/3087 1342/3085 1344/3089
f 3295/3088 3296/3090 3294/3086
f 1344/3089 1345/3091 1343/3087
f 3296/3090 3295/3088 3297/3092
f 1345/3091 1344/3089 1346/3093
f 3297/3092 3298/3094 3296/3090
f 1346/3093 1347/3095 1345/3091
f 3298/3094 3297/3092 3299/3096
f 1347/3095 1346/3093 1348/3097
f 3299/3096 3300/3098 3298/3094
f 1348/3097 1349/3099 1347/3095
f 3300/3098 3299/3096 3301/3100
f 1349/3099 1348/3097 1350/3101
f 3301/3100 3302/3102 3300/3098
f 1350/3101 1351/3103 1349/3099
f 3302/3102 3301/3100 3303/3104
f 1351/3103 1350/3101 1352/3105
f 3303/3104 3304/3106 3302/3102
f 1352/3105 1353/3107 1351/3103
f 3304/3106 3303/3104 3305/3108
f 1355/3109 1354/3110 1353/3107
f 3307/3111 3305/3108 3306/3112
f 1353/3107 1352/3105 1355/3109
f 3305/3108 3307/3111 3304/3106
f 1355/3109 1357/3113 1356/3114
f 3307/3111 3308/3115 3309/3116
f 1356/3114 1354/3110 1355/3109
f 3308/3115 3307/3111 3306/3112
f 1310/3021 1311/3027 1356/3114
f 3262/3024 3308/3115 3263/3028
f 1356/3114 1357/3113 1310/3021
f 3308/3115 3262/3024 3309/3116
f 1360/3117 1359/3118 1358/3119
f 3312/3120 3310/3121 3311/3122
f 1358/3119 1361/3123 1360/3117
f 3310/3121 3312/3120 3313/3124
f 1361/3123 1358/3119 1362/3125
f 3313/3124 3314/3126 3310/3121
f 1362/3125 1363/3127 1361/3123
f 3314/3126 3313/3124 3315/3128
f 1363/3127 1362/3125 1364/3129
f 3315/3128 3316/3130 3314/3126
f 1364/3129 1365/3131 1363/3127
f 3316/3130 3315/3128 3317/3132
f 1365/3131 1364/3129 1366/3133
f 3317/3132 3318/3134 3316/3130
f 1366/3133 1367/3135 1365/3131
f 3318/3134 3317/3132 3319/3136
f 1367/3135 1366/3133 1368/3137
f 3319/3136 3320/3138 3318/3134
f 1368/3137 1369/3139 1367/3135
f 3320/3138 3319/3136 3321/3140
f 1369/3139 1368/3137 1370/3141
f 3321/3140 3322/3142 3320/3138
f 1370/3141 1306/3143 1369/3139
f 3322/3142 3321/3140 3258/3018
f 1306/3143 1370/3141 1371/3144
f 3258/3018 3323/3145 3322/3142
f 1371/3144 1308/3146 1306/3143
f 3323/3145 3258/3018 3260/3020
f 1308/3146 1371/3144 1372/3147
f 3260/3020 3324/3148 3323/3145
f 1372/3147 1280/2926 1308/3146
f 3324/3148 3260/3020 3232/2928
f 1280/2926 1372/3147 1373/3149
f 3232/2928 3325/3150 3324/3148
f 1373/3149 1283/2930 1280/2926
f 3325/3150 3232/2928 3235/2931
f 1283/2930 1373/3149 1359/3118
f 3235/2931 3311/3122 3325/3150
f 1359/3118 1360/3117 1283/2930
f 3311/3122 3235/2931 3312/3120
f 1376/3151 1375/3152 1374/3153
f 3328/3154 3326/3155 3327/3156
f 1374/3153 1377/3157 1376/3151
f 3326/3155 3328/3154 3329/3158
f 1377/3157 1374/3153 1378/3159
f 3329/3158 3330/3160 3326/3155
f 1378/3159 1379/3161 1377/3157
f 3330/3160 3329/3158 3331/3162
f 1378/3159 1381/3163 1380/3164
f 3330/3160 3332/3165 3333/3166
f 1380/3164 1379/3161 1378/3159
f 3332/3165 3330/3160 3331/3162
f 1380/3164 1381/3163 1382/3167
f 3332/3165 3334/3168 3333/3166
f 1382/3167 1383/3169 1380/3164
f 3334/3168 3332/3165 3335/3170
f 1383/3169 1382/3167 1384/3171
f 3335/3170 3336/3172 3334/3168
f 1384/3171 1385/3173 1383/3169
f 3336/3172 3335/3170 3337/3174
f 1385/3173 1384/3171 1386/3175
f 3337/3174 3338/3176 3336/3172
f 1386/3175 1387/3177 1385/3173
f 3338/3176 3337/3174 3339/3178
f 1387/3177 1386/3175 1388/3179
f 3339/3178 3340/3180 3338/3176
f 1388/3179 1389/3181 1387/3177
f 3340/3180 3339/3178 3341/3182
f 1388/3179 1391/3183 1390/3184
f 3340/3180 3342/3185 3343/3186
f 1390/3184 1389/3181 1388/3179
f 3342/3185 3340/3180 3341/3182
f 1390/3184 1391/3183 1392/3187
f 3342/3185 3344/3188 3343/3186
f 1392/3187 1393/3189 1390/3184
f 3344/3188 3342/3185 3345/3190
f 1393/3189 1392/3187 1375/3152
f 3345/3190 3327/3156 3344/3188
f 1375/3152 1376/3151 1393/3189
f 3327/3156 3345/3190 3328/3154
f 1396/3191 1395/3192 1394/3193
f 3348/3194 3346/3195 3347/3196
f 1394/3193 1397/3197 1396/3191
f 3346/3195 3348/3194 3349/3198
f 1398/3199 1284/2934 1397/3197
f 3350/3200 3349/3198 3236/2936
f 1397/3197 1394/3193 1398/3199
f 3349/3198 3350/3200 3346/3195
f 1284/2934 1398/3199 1399/3201
f 3236/2936 3351/3202 3350/3200
f 1399/3201 1285/2938 1284/2934
f 3351/3202 3236/2936 3237/2939
f 1285/2938 1399/3201 1400/3203
f 3237/2939 3352/3204 3351/3202
f 1400/3203 1288/2950 1285/2938
f 3352/3204 3237/2939 3240/2952
f 1288/2950 1400/3203 1401/3205
f 3240/2952 3353/3206 3352/3204
f 1401/3205 1289/2954 1288/2950
f 3353/3206 3240/2952 3241/2955
f 1401/3205 1402/3207 1286/2942
f 3353/3206 3238/2944 3354/3208
f 1286/2942 1289/2954 1401/3205
f 3238/2944 3353/3206 3241/2955
f 1287/2946 1404/3209 1403/3210
f 3239/2947 3355/3211 3356/3212
f 1403/3210 1405/3213 1287/2946
f 3355/3211 3239/2947 3357/3214
f 1405/3213 1403/3210 1406/3215
f 3357/3214 3358/3216 3355/3211
f 1406/3215 1407/3217 1405/3213
f 3358/3216 3357/3214 3359/3218
f 1407/3217 1406/3215 1395/3192
f 3359/3218 3347/3196 3358/3216
f 1395/3192 1396/3191 1407/3217
f 3347/3196 3359/3218 3348/3194
f 1410/3219 1409/3220 1408/3221
f 3362/3222 3360/3223 3361/3224
f 1408/3221 1411/3225 1410/3219
f 3360/3223 3362/3222 3363/3226
f 1411/3225 1408/3221 1412/3227
f 3363/3226 3364/3228 3360/3223
f 1412/3227 1413/3229 1411/3225
f 3364/3228 3363/3226 3365/3230
f 1413/3229 1412/3227 1414/3231
f 3365/3230 3366/3232 3364/3228
f 1414/3231 1415/3233 1413/3229
f 3366/3232 3365/3230 3367/3234
f 1415/3233 1414/3231 1416/3235
f 3367/3234 3368/3236 3366/3232
f 1416/3235 1417/3237 1415/3233
f 3368/3236 3367/3234 3369/3238
f 1420/3239 1419/3240 1418/3241
f 3372/3242 3370/3243 3371/3244
f 1418/3241 1421/3245 1420/3239
f 3370/3243 3372/3242 3373/3246
f 1421/3245 1418/3241 1422/3247
f 3373/3246 3374/3248 3370/3243
f 1422/3247 1423/3249 1421/3245
f 3374/3248 3373/3246 3375/3250
f 1423/3249 1422/3247 1424/3251
f 3375/3250 3376/3252 3374/3248
f 1424/3251 1425/3253 1423/3249
f 3376/3252 3375/3250 3377/3254
f 1425/3253 1424/3251 1409/3220
f 3377/3254 3361/3224 3376/3252
f 1409/3220 1410/3219 1425/3253
f 3361/3224 3377/3254 3362/3222
f 1426/3255 1394/3193 1395/3192
f 3378/3256 3347/3196 3346/3195
f 1395/3192 1427/3257 1426/3255
f 3347/3196 3378/3256 3379/3258
f 1428/3259 1398/3199 1394/3193
f 3380/3260 3346/3195 3350/3200
f 1394/3193 1426/3255 1428/3259
f 3346/3195 3380/3260 3378/3256
f 1429/3261 1399/3201 1398/3199
f 3381/3262 3350/3200 3351/3202
f 1398/3199 1428/3259 1429/3261
f 3350/3200 3381/3262 3380/3260
f 1430/3263 1400/3203 1399/3201
f 3382/3264 3351/3202 3352/3204
f 1399/3201 1429/3261 1430/3263
f 3351/3202 3382/3264 3381/3262
f 1431/3265 1401/3205 1400/3203
f 3383/3266 3352/3204 3353/3206
f 1400/3203 1430/3263 1431/3265
f 3352/3204 3383/3266 3382/3264
f 1431/3265 1432/3267 1402/3207
f 3383/3266 3354/3208 3384/3268
f 1402/3207 1401/3205 1431/3265
f 3354/3208 3383/3266 3353/3206
f 1433/3269 1403/3210 1404/3209
f 3385/3270 3356/3212 3355/3211
f 1404/3209 1434/3271 1433/3269
f 3356/3212 3385/3270 3386/3272
f 1435/3273 1406/3215 1403/3210
f 3387/3274 3355/3211 3358/3216
f 1403/3210 1433/3269 1435/3273
f 3355/3211 3387/3274 3385/3270
f 1427/3257 1395/3192 1406/3215
f 3379/3258 3358/3216 3347/3196
f 1406/3215 1435/3273 1427/3257
f 3358/3216 3379/3258 3387/3274
f 1436/3275 1408/3221 1409/3220
f 3388/3276 3361/3224 3360/3223
f 1409/3220 1437/3277 1436/3275
f 3361/3224 3388/3276 3389/3278
f 1438/3279 1412/3227 1408/3221
f 3390/3280 3360/3223 3364/3228
f 1408/3221 1436/3275 1438/3279
f 3360/3223 3390/3280 3388/3276
f 1439/3281 1414/3231 1412/3227
f 3391/3282 3364/3228 3366/3232
f 1412/3227 1438/3279 1439/3281
f 3364/3228 3391/3282 3390/3280
f 1440/3283 1416/3235 1414/3231
f 3392/3284 3366/3232 3368/3236
f 1414/3231 1439/3281 1440/3283
f 3366/3232 3392/3284 3391/3282
f 1442/3285 1441/3286 1416/3235
f 3394/3287 3368/3236 3393/3288
f 1416/3235 1440/3283 1442/3285
f 3368/3236 3394/3287 3392/3284
f 1443/3289 1419/3240 1441/3286
f 3395/3290 3393/3288 3371/3244
f 1441/3286 1442/3285 1443/3289
f 3393/3288 3395/3290 3394/3287
f 1444/3291 1418/3241 1419/3240
f 3396/3292 3371/3244 3370/3243
f 1419/3240 1443/3289 1444/3291
f 3371/3244 3396/3292 3395/3290
f 1445/3293 1422/3247 1418/3241
f 3397/3294 3370/3243 3374/3248
f 1418/3241 1444/3291 1445/3293
f 3370/3243 3397/3294 3396/3292
f 1446/3295 1424/3251 1422/3247
f 3398/3296 3374/3248 3376/3252
f 1422/3247 1445/3293 1446/3295
f 3374/3248 3398/3296 3397/3294
f 1437/3277 1409/3220 1424/3251
f 3389/3278 3376/3252 3361/3224
f 1424/3251 1446/3295 1437/3277
f 3376/3252 3389/3278 3398/3296
f 1447/3297 1374/3153 1375/3152
f 3399/3298 3327/3156 3326/3155
f 1375/3152 1448/3299 1447/3297
f 3327/3156 3399/3298 3400/3300
f 1449/3301 1378/3159 1374/3153
f 3401/3302 3326/3155 3330/3160
f 1374/3153 1447/3297 1449/3301
f 3326/3155 3401/3302 3399/3298
f 1450/3303 1381/3163 1378/3159
f 3402/3304 3330/3160 3333/3166
f 1378/3159 1449/3301 1450/3303
f 3330/3160 3402/3304 3401/3302
f 1451/3305 1382/3167 1381/3163
f 3403/3306 3333/3166 3334/3168
f 1381/3163 1450/3303 1451/3305
f 3333/3166 3403/3306 3402/3304
f 1452/3307 1384/3171 1382/3167
f 3404/3308 3334/3168 3336/3172
f 1382/3167 1451/3305 1452/3307
f 3334/3168 3404/3308 3403/3306
f 1453/3309 1386/3175 1384/3171
f 3405/3310 3336/3172 3338/3176
f 1384/3171 1452/3307 1453/3309
f 3336/3172 3405/3310 3404/3308
f 1454/3311 1388/3179 1386/3175
f 3406/3312 3338/3176 3340/3180
f 1386/3175 1453/3309 1454/3311
f 3338/3176 3406/3312 3405/3310
f 1455/3313 1391/3183 1388/3179
f 3407/3314 3340/3180 3343/3186
f 1388/3179 1454/3311 1455/3313
f 3340/3180 3407/3314 3406/3312
f 1456/3315 1392/3187 1391/3183
f 3408/3316 3343/3186 3344/3188
f 1391/3183 1455/3313 1456/3315
f 3343/3186 3408/3316 3407/3314
f 1448/3299 1375/3152 1392/3187
f 3400/3300 3344/3188 3327/3156
f 1392/3187 1456/3315 1448/3299
f 3344/3188 3400/3300 3408/3316
f 1457/3317 1358/3119 1359/3118
f 3409/3318 3311/3122 3310/3121
f 1359/3118 1458/3319 1457/3317
f 3311/3122 3409/3318 3410/3320
f 1459/3321 1362/3125 1358/3119
f 3411/3322 3310/3121 3314/3126
f 1358/3119 1457/3317 1459/3321
f 3310/3121 3411/3322 3409/3318
f 1460/3323 1364/3129 1362/3125
f 3412/3324 3314/3126 3316/3130
f 1362/3125 1459/3321 1460/3323
f 3314/3126 3412/3324 3411/3322
f 1461/3325 1366/3133 1364/3129
f 3413/3326 3316/3130 3318/3134
f 1364/3129 1460/3323 1461/3325
f 3316/3130 3413/3326 3412/3324
f 1462/3327 1368/3137 1366/3133
f 3414/3328 3318/3134 3320/3138
f 1366/3133 1461/3325 1462/3327
f 3318/3134 3414/3328 3413/3326
f 1463/3329 1370/3141 1368/3137
f 3415/3330 3320/3138 3322/3142
f 1368/3137 1462/3327 1463/3329
f 3320/3138 3415/3330 3414/3328
f 1464/3331 1371/3144 1370/3141
f 3416/3332 3322/3142 3323/3145
f 1370/3141 1463/3329 1464/3331
f 3322/3142 3416/3332 3415/3330
f 1465/3333 1372/3147 1371/3144
f 3417/3334 3323/3145 3324/3148
f 1371/3144 1464/3331 1465/3333
f 3323/3145 3417/3334 3416/3332
f 1466/3335 1373/3149 1372/3147
f 3418/3336 3324/3148 3325/3150
f 1372/3147 1465/3333 1466/3335
f 3324/3148 3418/3336 3417/3334
f 1458/3319 1359/3118 1373/3149
f 3410/3320 3325/3150 3311/3122
f 1373/3149 1466/3335 1458/3319
f 3325/3150 3410/3320 3418/3336
f 1310/3021 1748/3337 1745/3338
f 3262/3024 3696/3339 3699/3340
f 1745/3338 1313/3022 1310/3021
f 3696/3339 3262/3024 3265/3026
f 1313/3022 1745/3338 1749/3341
f 3265/3026 3700/3342 3696/3339
f 1749/3341 1314/3029 1313/3022
f 3700/3342 3265/3026 3266/3030
f 1314/3029 1749/3341 1751/3343
f 3266/3030 3702/3344 3700/3342
f 1751/3343 1316/3033 1314/3029
f 3702/3344 3266/3030 3268/3034
f 1316/3033 1751/3343 1753/3345
f 3268/3034 3704/3346 3702/3344
f 1753/3345 1318/3037 1316/3033
f 3704/3346 3268/3034 3270/3038
f 1753/3345 1755/3347 1320/3041
f 3704/3346 3272/3042 3706/3348
f 1320/3041 1318/3037 1753/3345
f 3272/3042 3704/3346 3270/3038
f 1755/3347 1757/3349 1322/3045
f 3706/3348 3274/3046 3708/3350
f 1322/3045 1320/3041 1755/3347
f 3274/3046 3706/3348 3272/3042
f 1757/3349 1759/3351 1324/3049
f 3708/3350 3276/3050 3710/3352
f 1324/3049 1322/3045 1757/3349
f 3276/3050 3708/3350 3274/3046
f 1324/3049 1759/3351 1761/3353
f 3276/3050 3712/3354 3710/3352
f 1761/3353 1326/3053 1324/3049
f 3712/3354 3276/3050 3278/3054
f 1326/3053 1761/3353 1763/3355
f 3278/3054 3714/3356 3712/3354
f 1763/3355 1328/3057 1326/3053
f 3714/3356 3278/3054 3280/3058
f 1331/3061 1328/3057 1763/3355
f 3283/3064 3714/3356 3280/3058
f 1763/3355 1765/3357 1331/3061
f 3714/3356 3283/3064 3716/3358
f 1334/3065 1770/3359 1767/3360
f 3286/3068 3718/3361 3721/3362
f 1767/3360 1333/3066 1334/3065
f 3718/3361 3286/3068 3285/3070
f 1337/3074 1774/3363 1771/3364
f 3289/3078 3722/3365 3725/3366
f 1771/3364 1336/3075 1337/3074
f 3722/3365 3289/3078 3288/3077
f 1771/3364 1775/3367 1340/3081
f 3722/3365 3292/3082 3726/3368
f 1340/3081 1336/3075 1771/3364
f 3292/3082 3722/3365 3288/3077
f 1340/3081 1775/3367 1777/3369
f 3292/3082 3728/3370 3726/3368
f 1777/3369 1342/3085 1340/3081
f 3728/3370 3292/3082 3294/3086
f 1342/3085 1777/3369 1779/3371
f 3294/3086 3730/3372 3728/3370
f 1779/3371 1344/3089 1342/3085
f 3730/3372 3294/3086 3296/3090
f 1344/3089 1779/3371 1781/3373
f 3296/3090 3732/3374 3730/3372
f 1781/3373 1346/3093 1344/3089
f 3732/3374 3296/3090 3298/3094
f 1781/3373 1783/3375 1348/3097
f 3732/3374 3300/3098 3734/3376
f 1348/3097 1346/3093 1781/3373
f 3300/3098 3732/3374 3298/3094
f 1783/3375 1785/3377 1350/3101
f 3734/3376 3302/3102 3736/3378
f 1350/3101 1348/3097 1783/3375
f 3302/3102 3734/3376 3300/3098
f 1785/3377 1787/3379 1352/3105
f 3736/3378 3304/3106 3738/3380
f 1352/3105 1350/3101 1785/3377
f 3304/3106 3736/3378 3302/3102
f 1355/3109 1352/3105 1787/3379
f 3307/3111 3738/3380 3304/3106
f 1787/3379 1789/3381 1355/3109
f 3738/3380 3307/3111 3740/3382
f 1355/3109 1789/3381 1791/3383
f 3307/3111 3742/3384 3740/3382
f 1791/3383 1357/3113 1355/3109
f 3742/3384 3307/3111 3309/3116
f 1791/3383 1748/3337 1310/3021
f 3742/3384 3262/3024 3699/3340
f 1310/3021 1357/3113 1791/3383
f 3262/3024 3742/3384 3309/3116
f 1467/3385 1428/3259 1426/3255
f 3419/3386 3378/3256 3380/3260
f 1426/3255 1427/3257 1467/3385
f 3378/3256 3419/3386 3379/3258
f 1467/3385 1427/3257 1435/3273
f 3419/3386 3387/3274 3379/3258
f 1435/3273 1433/3269 1467/3385
f 3387/3274 3419/3386 3385/3270
f 1468/3387 1452/3307 1451/3305
f 3420/3388 3403/3306 3404/3308
f 1451/3305 1450/3303 1468/3387
f 3403/3306 3420/3388 3402/3304
f 1468/3387 1454/3311 1453/3309
f 3420/3388 3405/3310 3406/3312
f 1453/3309 1452/3307 1468/3387
f 3405/3310 3420/3388 3404/3308
f 1468/3387 1456/3315 1455/3313
f 3420/3388 3407/3314 3408/3316
f 1455/3313 1454/3311 1468/3387
f 3407/3314 3420/3388 3406/3312
f 1469/3389 1438/3279 1436/3275
f 3421/3390 3388/3276 3390/3280
f 1436/3275 1437/3277 1469/3389
f 3388/3276 3421/3390 3389/3278
f 1469/3389 1440/3283 1439/3281
f 3421/3390 3391/3282 3392/3284
f 1439/3281 1438/3279 1469/3389
f 3391/3282 3421/3390 3390/3280
f 1469/3389 1443/3289 1442/3285
f 3421/3390 3394/3287 3395/3290
f 1442/3285 1440/3283 1469/3389
f 3394/3287 3421/3390 3392/3284
f 1469/3389 1445/3293 1444/3291
f 3421/3390 3396/3292 3397/3294
f 1444/3291 1443/3289 1469/3389
f 3396/3292 3421/3390 3395/3290
f 1469/3389 1437/3277 1446/3295
f 3421/3390 3398/3296 3389/3278
f 1446/3295 1445/3293 1469/3389
f 3398/3296 3421/3390 3397/3294
f 1470/3391 1459/3321 1457/3317
f 3422/3392 3409/3318 3411/3322
f 1457/3317 1458/3319 1470/3391
f 3409/3318 3422/3392 3410/3320
f 1470/3391 1461/3325 1460/3323
f 3422/3392 3412/3324 3413/3326
f 1460/3323 1459/3321 1470/3391
f 3412/3324 3422/3392 3411/3322
f 1470/3391 1463/3329 1462/3327
f 3422/3392 3414/3328 3415/3330
f 1462/3327 1461/3325 1470/3391
f 3414/3328 3422/3392 3413/3326
f 1470/3391 1465/3333 1464/3331
f 3422/3392 3416/3332 3417/3334
f 1464/3331 1463/3329 1470/3391
f 3416/3332 3422/3392 3415/3330
f 1470/3391 1458/3319 1466/3335
f 3422/3392 3418/3336 3410/3320
f 1466/3335 1465/3333 1470/3391
f 3418/3336 3422/3392 3417/3334
f 1278/3005 1472/3393 1471/3394
f 3230/2921 3423/3395 3424/3396
f 1471/3394 1473/3397 1278/3005
f 3423/3395 3230/2921 3425/3398
f 1474/3399 1271/2897 1278/3005
f 3426/3400 3230/2921 3223/3007
f 1278/3005 1473/3397 1474/3399
f 3230/2921 3426/3400 3425/3398
f 1271/2897 1474/3399 1475/3401
f 3223/3007 3427/3402 3426/3400
f 1475/3401 1125/2485 1271/2897
f 3427/3402 3223/3007 3083/3403
f 1125/2485 1475/3401 1476/3404
f 3083/3403 3428/3405 3427/3402
f 1476/3404 1477/3406 1125/2485
f 3428/3405 3083/3403 3429/3407
f 1477/3406 1476/3404 1478/3408
f 3429/3407 3430/3409 3428/3405
f 1478/3408 1479/3410 1477/3406
f 3430/3409 3429/3407 3431/3411
f 1481/3412 1480/3413 1479/3410
f 3433/3414 3431/3411 3432/3415
f 1479/3410 1478/3408 1481/3412
f 3431/3411 3433/3414 3430/3409
f 1480/3413 1481/3412 1482/3416
f 3432/3415 3434/3417 3433/3414
f 1482/3416 1483/3418 1480/3413
f 3434/3417 3432/3415 3435/3419
f 1483/3418 1482/3416 1471/3394
f 3435/3419 3423/3395 3434/3417
f 1471/3394 1472/3393 1483/3418
f 3423/3395 3435/3419 3424/3396
f 1484/3420 1475/3401 1474/3399
f 3436/3421 3426/3400 3427/3402
f 1474/3399 1485/3422 1484/3420
f 3426/3400 3436/3421 3437/3423
f 1486/3424 1476/3404 1475/3401
f 3438/3425 3427/3402 3428/3405
f 1475/3401 1484/3420 1486/3424
f 3427/3402 3438/3425 3436/3421
f 1487/3426 1478/3408 1476/3404
f 3439/3427 3428/3405 3430/3409
f 1476/3404 1486/3424 1487/3426
f 3428/3405 3439/3427 3438/3425
f 1487/3426 1488/3428 1481/3412
f 3439/3427 3433/3414 3440/3429
f 1481/3412 1478/3408 1487/3426
f 3433/3414 3439/3427 3430/3409
f 1489/3430 1482/3416 1481/3412
f 3441/3431 3433/3414 3434/3417
f 1481/3412 1488/3428 1489/3430
f 3433/3414 3441/3431 3440/3429
f 1490/3432 1471/3394 1482/3416
f 3442/3433 3434/3417 3423/3395
f 1482/3416 1489/3430 1490/3432
f 3434/3417 3442/3433 3441/3431
f 1491/3434 1484/3420 1485/3422
f 3443/3435 3437/3423 3436/3421
f 1485/3422 1492/3436 1491/3434
f 3437/3423 3443/3435 3444/3437
f 1491/3434 1487/3426 1486/3424
f 3443/3435 3438/3425 3439/3427
f 1486/3424 1484/3420 1491/3434
f 3438/3425 3443/3435 3436/3421
f 1491/3434 1489/3430 1488/3428
f 3443/3435 3440/3429 3441/3431
f 1488/3428 1487/3426 1491/3434
f 3440/3429 3443/3435 3439/3427
f 1281/3438 1307/3015 1308/3019
f 3233/2929 3260/3020 3259/3017
f 1308/3146 1280/2926 1281/2925
f 3260/3020 3233/2929 3232/2928
f 1493/3439 302/577 303/576
f 3445/3440 2271/580 2270/579
f 303/576 607/1252 1493/3439
f 2271/580 3445/3440 2571/1254
f 1295/2970 1290/3011 1383/3169
f 3247/2973 3335/3170 3242/2960
f 1383/3169 1385/3173 1295/2970
f 3335/3170 3247/2973 3337/3174
f 1291/2999 1380/3164 1383/3169
f 3243/2958 3335/3170 3332/3165
f 1383/3169 1290/3011 1291/2999
f 3335/3170 3243/2958 3242/2960
f 1329/3059 1396/3191 1397/3197
f 3281/3060 3349/3198 3348/3194
f 1397/3197 1327/3055 1329/3059
f 3349/3198 3281/3060 3279/3056
f 1327/3055 1421/3245 1423/3249
f 3279/3056 3375/3250 3373/3246
f 1423/3249 1325/3051 1327/3055
f 3375/3250 3279/3056 3277/3052
f 1421/3245 1327/3055 1397/3197
f 3373/3246 3349/3198 3279/3056
f 1397/3197 1420/3239 1421/3245
f 3349/3198 3373/3246 3372/3242
f 1323/3047 1325/3051 1423/3249
f 3275/3048 3375/3250 3277/3052
f 1423/3249 1425/3253 1323/3047
f 3375/3250 3275/3048 3377/3254
f 1323/3047 1425/3253 1410/3219
f 3275/3048 3362/3222 3377/3254
f 1410/3219 1321/3043 1323/3047
f 3362/3222 3275/3048 3273/3044
f 1411/3225 1274/2911 1321/3043
f 3363/3226 3273/3044 3226/3441
f 1321/3043 1410/3219 1411/3225
f 3273/3044 3363/3226 3362/3222
f 1273/2909 1279/2922 1317/3035
f 3225/3442 3269/3036 3231/3443
f 1317/3035 1319/3039 1273/2909
f 3269/3036 3225/3442 3271/3040
f 1331/3061 1334/3065 1335/3071
f 3283/3064 3287/3072 3286/3068
f 1335/3071 1330/3062 1331/3061
f 3287/3072 3283/3064 3282/3063
f 1333/3066 1337/3074 1338/3073
f 3285/3070 3290/3076 3289/3078
f 1338/3073 1332/3067 1333/3066
f 3290/3076 3285/3070 3284/3069
f 1765/3357 1770/3359 1334/3065
f 3716/3358 3286/3068 3721/3362
f 1334/3065 1331/3061 1765/3357
f 3286/3068 3716/3358 3283/3064
f 1767/3360 1774/3363 1337/3074
f 3718/3361 3289/3078 3725/3366
f 1337/3074 1333/3066 1767/3360
f 3289/3078 3718/3361 3285/3070
f 1329/3059 1330/3062 1407/3217
f 3281/3060 3359/3218 3282/3063
f 1407/3217 1396/3191 1329/3059
f 3359/3218 3281/3060 3348/3194
f 1405/3213 1407/3217 1330/3062
f 3357/3214 3282/3063 3359/3218
f 1330/3062 1335/3071 1405/3213
f 3282/3063 3357/3214 3287/3072
f 1294/2971 1295/2970 1385/3173
f 3246/2975 3337/3174 3247/2973
f 1385/3173 1387/3177 1294/2971
f 3337/3174 3246/2975 3339/3178
f 1294/2971 1387/3177 1389/3181
f 3246/2975 3341/3182 3339/3178
f 1389/3181 1293/2962 1294/2971
f 3341/3182 3246/2975 3245/2965
f 1377/3157 1332/3067 1338/3073
f 3329/3158 3290/3076 3284/3069
f 1338/3073 1376/3151 1377/3157
f 3290/3076 3329/3158 3328/3154
f 1339/3079 1365/3131 1494/3444
f 3291/3080 3446/3445 3317/3132
f 1494/3444 1338/3073 1339/3079
f 3446/3445 3291/3080 3290/3076
f 641/3446 1367/3135 1369/3139
f 2605/3447 3321/3140 3319/3136
f 1369/3448 1297/2978 641/1323
f 3321/3140 2605/3447 3249/2980
f 1345/3091 1360/3117 1361/3123
f 3297/3092 3313/3124 3312/3120
f 1361/3123 1343/3087 1345/3091
f 3313/3124 3297/3092 3295/3088
f 1293/2962 1389/3181 1390/3184
f 3245/2965 3342/3185 3341/3182
f 1390/3184 1292/2963 1293/2962
f 3342/3185 3245/2965 3244/2967
f 1393/3189 1494/3444 1292/2963
f 3345/3190 3244/2967 3446/3445
f 1292/2963 1390/3184 1393/3189
f 3244/2967 3345/3190 3342/3185
f 1468/3387 1447/3297 1448/3299
f 3420/3388 3400/3300 3399/3298
f 1448/3299 1456/3315 1468/3387
f 3400/3300 3420/3388 3408/3316
f 1468/3387 1450/3303 1449/3301
f 3420/3388 3401/3302 3402/3304
f 1449/3301 1447/3297 1468/3387
f 3401/3302 3420/3388 3399/3298
f 1332/3067 1377/3157 1379/3161
f 3284/3069 3331/3162 3329/3158
f 1379/3161 1495/3449 1332/3067
f 3331/3162 3284/3069 3447/3450
f 1495/3449 1379/3161 1380/3164
f 3447/3450 3332/3165 3331/3162
f 1380/3164 1291/2999 1495/3449
f 3332/3165 3447/3450 3243/2958
f 1335/3071 1332/3067 1495/3449
f 3287/3072 3447/3450 3284/3069
f 1495/3449 1405/3213 1335/3071
f 3447/3450 3287/3072 3357/3214
f 1287/2946 1405/3213 1495/3449
f 3239/2947 3447/3450 3357/3214
f 1495/3449 1291/2999 1287/2946
f 3447/3450 3239/2947 3243/2958
f 1494/3444 1393/3189 1376/3151
f 3446/3445 3328/3154 3345/3190
f 1376/3151 1338/3073 1494/3444
f 3328/3154 3446/3445 3290/3076
f 1367/3135 1292/2963 1494/3444
f 3319/3136 3446/3445 3244/2967
f 1494/3444 1365/3131 1367/3135
f 3446/3445 3319/3136 3317/3132
f 1279/2922 1277/2919 1315/3031
f 3231/3443 3267/3032 3229/3451
f 1315/3031 1317/3035 1279/2922
f 3267/3032 3231/3443 3269/3036
f 1277/2919 1300/3008 1312/3023
f 3229/3451 3264/3025 3252/3452
f 1312/3023 1315/3031 1277/2919
f 3264/3025 3229/3451 3267/3032
f 641/3446 631/2964 1292/2963
f 2605/3447 3244/2967 2595/2966
f 1292/2963 1367/3135 641/3446
f 3244/2967 2605/3447 3319/3136
f 1282/3453 1493/3439 607/1252
f 3234/3454 2571/1254 3445/3440
f 607/1252 1281/3438 1282/3453
f 2571/1254 3234/3454 3233/3455
f 1369/3448 1306/3016 1296/2979
f 3321/3140 3248/2982 3258/3018
f 1296/2979 1297/2978 1369/3448
f 3248/2982 3321/3140 3249/2980
f 608/1251 1234/2804 1296/2979
f 2572/1253 3248/3456 3187/2805
f 1296/2979 1307/3015 608/1251
f 3248/3456 2572/1253 3259/3457
f 607/1252 608/1251 1307/3015
f 2571/1254 3259/3457 2572/1253
f 1307/3015 1281/3438 607/1252
f 3259/3457 2571/1254 3233/3455
f 1297/2978 1235/2806 640/1317
f 3249/2980 2604/3458 3188/2983
f 640/1317 641/1323 1297/2978
f 2604/3458 3249/2980 2605/3447
f 1305/3009 302/577 1493/3439
f 3257/3010 3445/3440 2270/579
f 1493/3439 1282/3453 1305/3009
f 3445/3440 3257/3010 3234/3454
f 1283/2930 1360/3117 1305/3459
f 3235/2931 3257/3460 3312/3120
f 1305/3459 1282/2924 1283/2930
f 3257/3460 3235/2931 3234/2927
f 1345/3091 1347/3095 1305/3459
f 3297/3092 3257/3460 3299/3096
f 1305/3459 1360/3117 1345/3091
f 3257/3460 3297/3092 3312/3120
f 1304/3461 1305/3459 1347/3095
f 3256/3462 3299/3096 3257/3460
f 1347/3095 1349/3099 1304/3461
f 3299/3096 3256/3462 3301/3100
f 1304/3461 1349/3099 1351/3103
f 3256/3462 3303/3104 3301/3100
f 1351/3103 1276/3463 1304/3461
f 3303/3104 3256/3462 3228/3464
f 1275/3465 1276/3463 1351/3103
f 3227/3466 3303/3104 3228/3464
f 1351/3103 1353/3107 1275/3465
f 3303/3104 3227/3466 3305/3108
f 1353/3107 1354/3110 1301/3467
f 3305/3108 3253/3468 3306/3112
f 1301/3467 1275/3465 1353/3107
f 3253/3468 3305/3108 3227/3466
f 1312/3023 1300/3008 1298/3469
f 3264/3025 3250/3470 3252/3452
f 1298/3469 1311/3027 1312/3023
f 3250/3470 3264/3025 3263/3028
f 1402/3207 1404/3209 1287/2946
f 3354/3208 3239/2947 3356/3212
f 1287/2946 1286/2942 1402/3207
f 3239/2947 3354/3208 3238/2944
f 1434/3271 1404/3209 1402/3207
f 3386/3272 3354/3208 3356/3212
f 1402/3207 1432/3267 1434/3271
f 3354/3208 3386/3272 3384/3268
f 1467/3385 1433/3269 1434/3271
f 3419/3386 3386/3272 3385/3270
f 1434/3271 1432/3267 1467/3385
f 3386/3272 3419/3386 3384/3268
f 1417/3237 1416/3235 1441/3286
f 3369/3238 3393/3288 3368/3236
f 1441/3286 1496/3471 1417/3237
f 3393/3288 3369/3238 3448/3472
f 1496/3471 1441/3286 1419/3240
f 3448/3472 3371/3244 3393/3288
f 1419/3240 1420/3239 1496/3471
f 3371/3244 3448/3472 3372/3242
f 1397/3197 1284/2934 1496/3471
f 3349/3198 3448/3472 3236/2936
f 1496/3471 1420/3239 1397/3197
f 3448/3472 3349/3198 3372/3242
f 1467/3385 1432/3267 1431/3265
f 3419/3386 3383/3266 3384/3268
f 1431/3265 1430/3263 1467/3385
f 3383/3266 3419/3386 3382/3264
f 1467/3385 1430/3263 1429/3261
f 3419/3386 3381/3262 3382/3264
f 1429/3261 1428/3259 1467/3385
f 3381/3262 3419/3386 3380/3260
f 613/2933 637/3013 1496/3471
f 2577/2937 3448/3472 2601/3473
f 1496/3471 1284/2934 613/2933
f 3448/3472 2577/2937 3236/2936
f 637/3013 1303/2997 1417/3237
f 2601/3473 3369/3238 3255/3474
f 1417/3237 1496/3471 637/3013
f 3369/3238 2601/3473 3448/3472
f 1303/2997 1302/2995 1415/3233
f 3255/3474 3367/3234 3254/3475
f 1415/3233 1417/3237 1303/2997
f 3367/3234 3255/3474 3369/3238
f 1302/2995 1309/3003 1413/3229
f 3254/3475 3365/3230 3261/3476
f 1413/3229 1415/3233 1302/2995
f 3365/3230 3254/3475 3367/3234
f 1480/3413 827/1747 826/1743
f 3432/3415 2790/1745 2791/1748
f 826/1743 1479/3410 1480/3413
f 2790/1745 3432/3415 3431/3411
f 1125/2485 1477/3406 806/1684
f 3083/3403 2770/1688 3429/3407
f 806/1684 299/568 1125/2485
f 2770/1688 3083/3403 2267/1686
f 1136/2513 1483/3418 1472/3393
f 3094/2515 3424/3396 3435/3419
f 1472/3393 1212/2745 1136/2513
f 3424/3396 3094/2515 3165/2746
f 1480/3413 1483/3418 1136/2513
f 3432/3415 3094/2515 3435/3419
f 1136/2513 827/1747 1480/3413
f 3094/2515 3432/3415 2791/1748
f 1261/2873 1212/2745 1472/3393
f 3213/2874 3424/3396 3165/2746
f 1472/3393 1278/3005 1261/2873
f 3424/3396 3213/2874 3230/2921
f 806/1684 1477/3406 1479/3410
f 2770/1688 3431/3411 3429/3407
f 1479/3410 826/1743 806/1684
f 3431/3411 2770/1688 2790/1745
f 1491/3434 1492/3436 1490/3432
f 3443/3435 3442/3433 3444/3437
f 1490/3432 1489/3430 1491/3434
f 3442/3433 3443/3435 3441/3431
f 1474/3399 1473/3397 1492/3436
f 3426/3400 3444/3437 3425/3398
f 1492/3436 1485/3422 1474/3399
f 3444/3437 3426/3400 3437/3423
f 1492/3436 1473/3397 1471/3394
f 3444/3437 3423/3395 3425/3398
f 1471/3394 1490/3432 1492/3436
f 3423/3395 3444/3437 3442/3433
f 1497/3477 1500/3478 1499/3479
f 3449/3480 3451/3481 3452/3482
f 1499/3483 1498/3484 1497/3485
f 3451/3481 3449/3480 3450/3486
f 1499/3479 1500/3478 1501/3487
f 3451/3481 3453/3488 3452/3482
f 1501/3489 1502/3490 1499/3483
f 3453/3488 3451/3481 3454/3491
f 1502/3490 1501/3489 1503/3492
f 3454/3491 3455/3493 3453/3488
f 1503/3494 1504/3495 1502/3496
f 3455/3493 3454/3491 3456/3497
f 1504/3495 1503/3494 1505/3498
f 3456/3497 3457/3499 3455/3493
f 1505/3498 1506/3500 1504/3495
f 3457/3499 3456/3497 3458/3501
f 1506/3502 1505/3503 1507/3504
f 3458/3501 3459/3505 3457/3499
f 1507/3504 1508/3506 1506/3502
f 3459/3505 3458/3501 3460/3507
f 1508/3506 1507/3504 1509/3508
f 3460/3507 3461/3509 3459/3505
f 1509/3508 1510/3510 1508/3506
f 3461/3509 3460/3507 3462/3511
f 1510/3510 1509/3508 1511/3512
f 3462/3511 3463/3513 3461/3509
f 1511/3512 1512/3514 1510/3510
f 3463/3513 3462/3511 3464/3515
f 1512/3514 1511/3512 1513/3516
f 3464/3515 3465/3517 3463/3513
f 1513/3516 1514/3518 1512/3514
f 3465/3517 3464/3515 3466/3519
f 1514/3518 1513/3516 1515/3520
f 3466/3519 3467/3521 3465/3517
f 1515/3520 1516/3522 1514/3518
f 3467/3521 3466/3519 3468/3523
f 1515/3520 1518/3524 1517/3525
f 3467/3521 3469/3526 3470/3527
f 1517/3525 1516/3522 1515/3520
f 3469/3526 3467/3521 3468/3523
f 1521/3528 1520/3529 1519/3530
f 3473/3531 3471/3532 3472/3533
f 1519/3530 1522/3534 1521/3528
f 3471/3532 3473/3531 3474/3535
f 1525/3536 1524/3537 1523/3538
f 3477/3539 3475/3540 3476/3541
f 1523/3538 1526/3542 1525/3536
f 3475/3540 3477/3539 3478/3543
f 1526/3542 1523/3538 1527/3544
f 3478/3543 3479/3545 3475/3540
f 1527/3544 1528/3546 1526/3542
f 3479/3545 3478/3543 3480/3547
f 1528/3546 1527/3544 1529/3548
f 3480/3547 3481/3549 3479/3545
f 1529/3548 1530/3550 1528/3546
f 3481/3549 3480/3547 3482/3551
f 1530/3550 1529/3548 1531/3552
f 3482/3551 3483/3553 3481/3549
f 1531/3552 1532/3554 1530/3550
f 3483/3553 3482/3551 3484/3555
f 1532/3554 1531/3552 1533/3556
f 3484/3555 3485/3557 3483/3553
f 1533/3556 1534/3558 1532/3554
f 3485/3557 3484/3555 3486/3559
f 1534/3558 1533/3556 1535/3560
f 3486/3559 3487/3561 3485/3557
f 1535/3562 1536/3563 1534/3564
f 3487/3561 3486/3559 3488/3565
f 1536/3563 1535/3562 1537/3566
f 3488/3565 3489/3567 3487/3561
f 1537/3566 1538/3568 1536/3563
f 3489/3567 3488/3565 3490/3569
f 1538/3568 1537/3566 1539/3570
f 3490/3569 3491/3571 3489/3567
f 1539/3570 1540/3572 1538/3568
f 3491/3571 3490/3569 3492/3573
f 1542/3574 1541/3575 1540/3572
f 3494/3576 3492/3573 3493/3577
f 1540/3572 1539/3570 1542/3574
f 3492/3573 3494/3576 3491/3571
f 1542/3578 1544/3579 1543/3580
f 3494/3576 3495/3581 3496/3582
f 1543/3583 1541/3575 1542/3574
f 3495/3581 3494/3576 3493/3577
f 1497/3485 1498/3484 1543/3583
f 3449/3480 3495/3581 3450/3486
f 1543/3580 1544/3579 1497/3477
f 3495/3581 3449/3480 3496/3582
f 1547/3584 1546/3585 1545/3586
f 3499/3587 3497/3588 3498/3589
f 1545/3586 1548/3590 1547/3584
f 3497/3588 3499/3587 3500/3591
f 1548/3590 1545/3586 1549/3592
f 3500/3591 3501/3593 3497/3588
f 1549/3592 1550/3594 1548/3590
f 3501/3593 3500/3591 3502/3595
f 1550/3594 1549/3592 1551/3596
f 3502/3595 3503/3597 3501/3593
f 1551/3596 1552/3598 1550/3594
f 3503/3597 3502/3595 3504/3599
f 1552/3598 1551/3596 1553/3600
f 3504/3599 3505/3601 3503/3597
f 1553/3600 1554/3602 1552/3598
f 3505/3601 3504/3599 3506/3603
f 1554/3602 1553/3600 1555/3604
f 3506/3603 3507/3605 3505/3601
f 1555/3604 1556/3606 1554/3602
f 3507/3605 3506/3603 3508/3607
f 1556/3606 1555/3604 1557/3608
f 3508/3607 3509/3609 3507/3605
f 1557/3608 1558/3610 1556/3606
f 3509/3609 3508/3607 3510/3611
f 1558/3610 1557/3608 1559/3612
f 3510/3611 3511/3613 3509/3609
f 1559/3612 1560/3614 1558/3610
f 3511/3615 3510/3616 3512/3617
f 1560/3614 1559/3612 1561/3618
f 3512/3617 3513/3619 3511/3615
f 1561/3618 1562/3620 1560/3614
f 3513/3619 3512/3617 3514/3621
f 1562/3620 1561/3618 1563/3622
f 3514/3623 3515/3624 3513/3625
f 1563/3622 1564/3626 1562/3620
f 3515/3624 3514/3623 3516/3627
f 1564/3626 1563/3622 1546/3585
f 3516/3627 3498/3589 3515/3624
f 1546/3585 1547/3584 1564/3626
f 3498/3589 3516/3627 3499/3587
f 1567/3628 1566/3629 1565/3630
f 3519/3631 3517/3632 3518/3633
f 1565/3630 1568/3634 1567/3628
f 3517/3632 3519/3631 3520/3635
f 1568/3634 1565/3630 1569/3636
f 3520/3635 3521/3637 3517/3632
f 1569/3636 1570/3638 1568/3634
f 3521/3637 3520/3635 3522/3639
f 1569/3636 1572/3640 1571/3641
f 3521/3637 3523/3642 3524/3643
f 1571/3641 1570/3638 1569/3636
f 3523/3642 3521/3637 3522/3639
f 1575/3644 1574/3645 1573/3646
f 3527/3647 3525/3648 3526/3649
f 1573/3646 1576/3650 1575/3644
f 3525/3648 3527/3647 3528/3651
f 1578/3652 1577/3653 1576/3650
f 3530/3654 3528/3651 3529/3655
f 1576/3650 1573/3646 1578/3652
f 3528/3651 3530/3654 3525/3648
f 1577/3653 1578/3652 1579/3656
f 3529/3655 3531/3657 3530/3654
f 1579/3656 1580/3658 1577/3653
f 3531/3657 3529/3655 3532/3659
f 1579/3656 1582/3660 1581/3661
f 3531/3657 3533/3662 3534/3663
f 1581/3661 1580/3658 1579/3656
f 3533/3662 3531/3657 3532/3659
f 1581/3661 1582/3660 1583/3664
f 3533/3662 3535/3665 3534/3663
f 1583/3664 1584/3666 1581/3661
f 3535/3665 3533/3662 3536/3667
f 1584/3666 1583/3664 1566/3629
f 3536/3667 3518/3633 3535/3665
f 1566/3629 1567/3628 1584/3666
f 3518/3633 3536/3667 3519/3631
f 1587/3668 1586/3669 1585/3670
f 3539/3671 3537/3672 3538/3673
f 1585/3670 1588/3674 1587/3668
f 3537/3672 3539/3671 3540/3675
f 1590/3676 1589/3677 1588/3674
f 3542/3678 3540/3675 3541/3679
f 1588/3674 1585/3670 1590/3676
f 3540/3675 3542/3678 3537/3672
f 1589/3677 1590/3676 1591/3680
f 3541/3679 3543/3681 3542/3678
f 1591/3680 1592/3682 1589/3677
f 3543/3681 3541/3679 3544/3683
f 1592/3682 1591/3680 1593/3684
f 3544/3683 3545/3685 3543/3681
f 1593/3684 1594/3686 1592/3682
f 3545/3685 3544/3683 3546/3687
f 1594/3686 1593/3684 1595/3688
f 3546/3687 3547/3689 3545/3685
f 1595/3688 1596/3690 1594/3686
f 3547/3689 3546/3687 3548/3691
f 1595/3688 1598/3692 1597/3693
f 3547/3689 3549/3694 3550/3695
f 1597/3693 1596/3690 1595/3688
f 3549/3694 3547/3689 3548/3691
f 1601/3696 1600/3697 1599/3698
f 3553/3699 3551/3700 3552/3701
f 1599/3698 1602/3702 1601/3696
f 3551/3700 3553/3699 3554/3703
f 1602/3702 1599/3698 1603/3704
f 3554/3703 3555/3705 3551/3700
f 1603/3704 1604/3706 1602/3702
f 3555/3705 3554/3703 3556/3707
f 1604/3706 1603/3704 1586/3669
f 3556/3707 3538/3673 3555/3705
f 1586/3669 1587/3668 1604/3706
f 3538/3673 3556/3707 3539/3671
f 1607/3708 1606/3709 1605/3710
f 3559/3711 3557/3712 3558/3713
f 1605/3710 1608/3714 1607/3708
f 3557/3712 3559/3711 3560/3715
f 1611/3716 1610/3717 1609/3718
f 3563/3719 3561/3720 3562/3721
f 1609/3718 1612/3722 1611/3716
f 3561/3720 3563/3719 3564/3723
f 1614/3724 1613/3725 1612/3722
f 3566/3726 3564/3723 3565/3727
f 1612/3722 1609/3718 1614/3724
f 3564/3723 3566/3726 3561/3720
f 1617/3728 1616/3729 1615/3730
f 3569/3731 3567/3732 3568/3733
f 1615/3730 1618/3734 1617/3728
f 3567/3732 3569/3731 3570/3735
f 1618/3734 1615/3730 1619/3736
f 3570/3735 3571/3737 3567/3732
f 1619/3736 1620/3738 1618/3734
f 3571/3737 3570/3735 3572/3739
f 1620/3738 1619/3736 1621/3740
f 3572/3739 3573/3741 3571/3737
f 1621/3740 1622/3742 1620/3738
f 3573/3741 3572/3739 3574/3743
f 1622/3742 1621/3740 1606/3709
f 3574/3743 3558/3713 3573/3741
f 1606/3709 1607/3708 1622/3742
f 3558/3713 3574/3743 3559/3711
f 1623/3744 1585/3670 1586/3669
f 3575/3745 3538/3673 3537/3672
f 1586/3669 1624/3746 1623/3744
f 3538/3673 3575/3745 3576/3747
f 1625/3748 1590/3676 1585/3670
f 3577/3749 3537/3672 3542/3678
f 1585/3670 1623/3744 1625/3748
f 3537/3672 3577/3749 3575/3745
f 1626/3750 1591/3680 1590/3676
f 3578/3751 3542/3678 3543/3681
f 1590/3676 1625/3748 1626/3750
f 3542/3678 3578/3751 3577/3749
f 1627/3752 1593/3684 1591/3680
f 3579/3753 3543/3681 3545/3685
f 1591/3680 1626/3750 1627/3752
f 3543/3681 3579/3753 3578/3751
f 1628/3754 1595/3688 1593/3684
f 3580/3755 3545/3685 3547/3689
f 1593/3684 1627/3752 1628/3754
f 3545/3685 3580/3755 3579/3753
f 1628/3754 1629/3756 1598/3692
f 3580/3755 3550/3695 3581/3757
f 1598/3692 1595/3688 1628/3754
f 3550/3695 3580/3755 3547/3689
f 1630/3758 1599/3698 1600/3697
f 3582/3759 3552/3701 3551/3700
f 1600/3697 1631/3760 1630/3758
f 3552/3701 3582/3759 3583/3761
f 1632/3762 1603/3704 1599/3698
f 3584/3763 3551/3700 3555/3705
f 1599/3698 1630/3758 1632/3762
f 3551/3700 3584/3763 3582/3759
f 1624/3746 1586/3669 1603/3704
f 3576/3747 3555/3705 3538/3673
f 1603/3704 1632/3762 1624/3746
f 3555/3705 3576/3747 3584/3763
f 1634/3764 1633/3765 1605/3710
f 3586/3766 3557/3712 3585/3767
f 1605/3710 1606/3709 1634/3764
f 3557/3712 3586/3766 3558/3713
f 1635/3768 1609/3718 1610/3717
f 3587/3769 3562/3721 3561/3720
f 1610/3717 1636/3770 1635/3768
f 3562/3721 3587/3769 3588/3771
f 1635/3768 1637/3772 1614/3724
f 3587/3769 3566/3726 3589/3773
f 1614/3724 1609/3718 1635/3768
f 3566/3726 3587/3769 3561/3720
f 1639/3774 1638/3775 1614/3724
f 3591/3776 3566/3726 3590/3777
f 1614/3724 1637/3772 1639/3774
f 3566/3726 3591/3776 3589/3773
f 1640/3778 1616/3729 1638/3775
f 3592/3779 3590/3777 3568/3733
f 1638/3775 1639/3774 1640/3778
f 3590/3777 3592/3779 3591/3776
f 1641/3780 1615/3730 1616/3729
f 3593/3781 3568/3733 3567/3732
f 1616/3729 1640/3778 1641/3780
f 3568/3733 3593/3781 3592/3779
f 1642/3782 1619/3736 1615/3730
f 3594/3783 3567/3732 3571/3737
f 1615/3730 1641/3780 1642/3782
f 3567/3732 3594/3783 3593/3781
f 1643/3784 1621/3740 1619/3736
f 3595/3785 3571/3737 3573/3741
f 1619/3736 1642/3782 1643/3784
f 3571/3737 3595/3785 3594/3783
f 1634/3764 1606/3709 1621/3740
f 3586/3766 3573/3741 3558/3713
f 1621/3740 1643/3784 1634/3764
f 3573/3741 3586/3766 3595/3785
f 1644/3786 1565/3630 1566/3629
f 3596/3787 3518/3633 3517/3632
f 1566/3629 1645/3788 1644/3786
f 3518/3633 3596/3787 3597/3789
f 1646/3790 1569/3636 1565/3630
f 3598/3791 3517/3632 3521/3637
f 1565/3630 1644/3786 1646/3790
f 3517/3632 3598/3791 3596/3787
f 1646/3790 1647/3792 1572/3640
f 3598/3791 3524/3643 3599/3793
f 1572/3640 1569/3636 1646/3790
f 3524/3643 3598/3791 3521/3637
f 1648/3794 1573/3646 1574/3645
f 3600/3795 3526/3649 3525/3648
f 1574/3645 1649/3796 1648/3794
f 3526/3649 3600/3795 3601/3797
f 1648/3794 1650/3798 1578/3652
f 3600/3795 3530/3654 3602/3799
f 1578/3652 1573/3646 1648/3794
f 3530/3654 3600/3795 3525/3648
f 1651/3800 1579/3656 1578/3652
f 3603/3801 3530/3654 3531/3657
f 1578/3652 1650/3798 1651/3800
f 3530/3654 3603/3801 3602/3799
f 1652/3802 1582/3660 1579/3656
f 3604/3803 3531/3657 3534/3663
f 1579/3656 1651/3800 1652/3802
f 3531/3657 3604/3803 3603/3801
f 1653/3804 1583/3664 1582/3660
f 3605/3805 3534/3663 3535/3665
f 1582/3660 1652/3802 1653/3804
f 3534/3663 3605/3805 3604/3803
f 1645/3788 1566/3629 1583/3664
f 3597/3789 3535/3665 3518/3633
f 1583/3664 1653/3804 1645/3788
f 3535/3665 3597/3789 3605/3805
f 1654/3806 1545/3586 1546/3585
f 3606/3807 3498/3589 3497/3588
f 1546/3585 1655/3808 1654/3806
f 3498/3589 3606/3807 3607/3809
f 1656/3810 1549/3592 1545/3586
f 3608/3811 3497/3588 3501/3593
f 1545/3586 1654/3806 1656/3810
f 3497/3588 3608/3811 3606/3807
f 1657/3812 1551/3596 1549/3592
f 3609/3813 3501/3593 3503/3597
f 1549/3592 1656/3810 1657/3812
f 3501/3593 3609/3813 3608/3811
f 1658/3814 1553/3600 1551/3596
f 3610/3815 3503/3597 3505/3601
f 1551/3596 1657/3812 1658/3814
f 3503/3597 3610/3815 3609/3813
f 1659/3816 1555/3604 1553/3600
f 3611/3817 3505/3601 3507/3605
f 1553/3600 1658/3814 1659/3816
f 3505/3601 3611/3817 3610/3815
f 1660/3818 1557/3608 1555/3604
f 3612/3819 3507/3605 3509/3609
f 1555/3604 1659/3816 1660/3818
f 3507/3605 3612/3819 3611/3817
f 1661/3820 1559/3612 1557/3608
f 3613/3821 3509/3609 3511/3613
f 1557/3608 1660/3818 1661/3820
f 3509/3609 3613/3821 3612/3819
f 1662/3822 1561/3618 1559/3612
f 3614/3823 3511/3613 3513/3625
f 1559/3612 1661/3820 1662/3822
f 3511/3613 3614/3823 3613/3821
f 1663/3824 1563/3622 1561/3618
f 3615/3825 3513/3625 3515/3624
f 1561/3618 1662/3822 1663/3824
f 3513/3625 3615/3825 3614/3823
f 1655/3808 1546/3585 1563/3622
f 3607/3809 3515/3624 3498/3589
f 1563/3622 1663/3824 1655/3808
f 3515/3624 3607/3809 3615/3825
f 1497/3477 1665/3826 1664/3827
f 3449/3480 3616/3828 3617/3829
f 1664/3827 1500/3478 1497/3477
f 3616/3828 3449/3480 3452/3482
f 1666/3830 1501/3487 1500/3478
f 3618/3831 3452/3482 3453/3488
f 1500/3478 1664/3827 1666/3830
f 3452/3482 3618/3831 3616/3828
f 1667/3832 1503/3833 1501/3487
f 3619/3834 3453/3488 3455/3493
f 1501/3487 1666/3830 1667/3832
f 3453/3488 3619/3834 3618/3831
f 1668/3835 1505/3503 1503/3833
f 3620/3836 3455/3493 3457/3499
f 1503/3833 1667/3832 1668/3835
f 3455/3493 3620/3836 3619/3834
f 1669/3837 1507/3504 1505/3503
f 3621/3838 3457/3499 3459/3505
f 1505/3503 1668/3835 1669/3837
f 3457/3499 3621/3838 3620/3836
f 1670/3839 1509/3508 1507/3504
f 3622/3840 3459/3505 3461/3509
f 1507/3504 1669/3837 1670/3839
f 3459/3505 3622/3840 3621/3838
f 1671/3841 1511/3512 1509/3508
f 3623/3842 3461/3509 3463/3513
f 1509/3508 1670/3839 1671/3841
f 3461/3509 3623/3842 3622/3840
f 1672/3843 1513/3516 1511/3512
f 3624/3844 3463/3513 3465/3517
f 1511/3512 1671/3841 1672/3843
f 3463/3513 3624/3844 3623/3842
f 1673/3845 1515/3520 1513/3516
f 3625/3846 3465/3517 3467/3521
f 1513/3516 1672/3843 1673/3845
f 3465/3517 3625/3846 3624/3844
f 1673/3845 1674/3847 1518/3524
f 3625/3846 3470/3527 3626/3848
f 1518/3524 1515/3520 1673/3845
f 3470/3527 3625/3846 3467/3521
f 1676/3849 1675/3850 1520/3529
f 3628/3851 3472/3533 3627/3852
f 1520/3529 1521/3528 1676/3849
f 3472/3533 3628/3851 3473/3531
f 1677/3853 1523/3538 1524/3537
f 3629/3854 3476/3541 3475/3540
f 1524/3537 1678/3855 1677/3853
f 3476/3541 3629/3854 3630/3856
f 1679/3857 1527/3544 1523/3538
f 3631/3858 3475/3540 3479/3545
f 1523/3538 1677/3853 1679/3857
f 3475/3540 3631/3858 3629/3854
f 1680/3859 1529/3548 1527/3544
f 3632/3860 3479/3545 3481/3549
f 1527/3544 1679/3857 1680/3859
f 3479/3545 3632/3860 3631/3858
f 1681/3861 1531/3552 1529/3548
f 3633/3862 3481/3549 3483/3553
f 1529/3548 1680/3859 1681/3861
f 3481/3549 3633/3862 3632/3860
f 1682/3863 1533/3556 1531/3552
f 3634/3864 3483/3553 3485/3557
f 1531/3552 1681/3861 1682/3863
f 3483/3553 3634/3864 3633/3862
f 1683/3865 1535/3560 1533/3556
f 3635/3866 3485/3557 3487/3561
f 1533/3556 1682/3863 1683/3865
f 3485/3557 3635/3866 3634/3864
f 1684/3867 1537/3868 1535/3560
f 3636/3869 3487/3561 3489/3567
f 1535/3560 1683/3865 1684/3867
f 3487/3561 3636/3869 3635/3866
f 1685/3870 1539/3871 1537/3868
f 3637/3872 3489/3567 3491/3571
f 1537/3868 1684/3867 1685/3870
f 3489/3567 3637/3872 3636/3869
f 1542/3578 1539/3871 1685/3870
f 3494/3576 3637/3872 3491/3571
f 1685/3870 1686/3873 1542/3578
f 3637/3872 3494/3576 3638/3874
f 1542/3578 1686/3873 1687/3875
f 3494/3576 3639/3876 3638/3874
f 1687/3875 1544/3579 1542/3578
f 3639/3876 3494/3576 3496/3582
f 1544/3579 1687/3875 1665/3826
f 3496/3582 3617/3829 3639/3876
f 1665/3826 1497/3477 1544/3579
f 3617/3829 3496/3582 3449/3480
f 1688/3877 1625/3748 1623/3744
f 3640/3878 3575/3745 3577/3749
f 1623/3744 1624/3746 1688/3877
f 3575/3745 3640/3878 3576/3747
f 1688/3877 1624/3746 1632/3762
f 3640/3878 3584/3763 3576/3747
f 1632/3762 1630/3758 1688/3877
f 3584/3763 3640/3878 3582/3759
f 1689/3879 1653/3804 1652/3802
f 3641/3880 3604/3803 3605/3805
f 1652/3802 1651/3800 1689/3879
f 3604/3803 3641/3880 3603/3801
f 1690/3881 1636/3770 1633/3765
f 3642/3882 3585/3767 3588/3771
f 1633/3765 1634/3764 1690/3881
f 3585/3767 3642/3882 3586/3766
f 1690/3881 1640/3778 1639/3774
f 3642/3882 3591/3776 3592/3779
f 1639/3774 1637/3772 1690/3881
f 3591/3776 3642/3882 3589/3773
f 1690/3881 1642/3782 1641/3780
f 3642/3882 3593/3781 3594/3783
f 1641/3780 1640/3778 1690/3881
f 3593/3781 3642/3882 3592/3779
f 1690/3881 1634/3764 1643/3784
f 3642/3882 3595/3785 3586/3766
f 1643/3784 1642/3782 1690/3881
f 3595/3785 3642/3882 3594/3783
f 1691/3883 1656/3810 1654/3806
f 3643/3884 3606/3807 3608/3811
f 1654/3806 1655/3808 1691/3883
f 3606/3807 3643/3884 3607/3809
f 1691/3883 1658/3814 1657/3812
f 3643/3884 3609/3813 3610/3815
f 1657/3812 1656/3810 1691/3883
f 3609/3813 3643/3884 3608/3811
f 1691/3883 1660/3818 1659/3816
f 3643/3884 3611/3817 3612/3819
f 1659/3816 1658/3814 1691/3883
f 3611/3817 3643/3884 3610/3815
f 1691/3883 1662/3822 1661/3820
f 3643/3884 3613/3821 3614/3823
f 1661/3820 1660/3818 1691/3883
f 3613/3821 3643/3884 3612/3819
f 1691/3883 1655/3808 1663/3824
f 3643/3884 3615/3825 3607/3809
f 1663/3824 1662/3822 1691/3883
f 3615/3825 3643/3884 3614/3823
f 1665/3826 1693/3885 1692/3886
f 3617/3829 3644/3887 3645/3888
f 1692/3886 1664/3827 1665/3826
f 3644/3887 3617/3829 3616/3828
f 1694/3889 1666/3830 1664/3827
f 3646/3890 3616/3828 3618/3831
f 1664/3827 1692/3886 1694/3889
f 3616/3828 3646/3890 3644/3887
f 1695/3891 1667/3832 1666/3830
f 3647/3892 3618/3831 3619/3834
f 1666/3830 1694/3889 1695/3891
f 3618/3831 3647/3892 3646/3890
f 1696/3893 1668/3835 1667/3832
f 3648/3894 3619/3834 3620/3836
f 1667/3832 1695/3891 1696/3893
f 3619/3834 3648/3894 3647/3892
f 1697/3895 1669/3837 1668/3835
f 3649/3896 3620/3836 3621/3838
f 1668/3835 1696/3893 1697/3895
f 3620/3836 3649/3896 3648/3894
f 1698/3897 1670/3839 1669/3837
f 3650/3898 3621/3838 3622/3840
f 1669/3837 1697/3895 1698/3897
f 3621/3838 3650/3898 3649/3896
f 1699/3899 1671/3841 1670/3839
f 3651/3900 3622/3840 3623/3842
f 1670/3839 1698/3897 1699/3899
f 3622/3840 3651/3900 3650/3898
f 1700/3901 1672/3843 1671/3841
f 3652/3902 3623/3842 3624/3844
f 1671/3841 1699/3899 1700/3901
f 3623/3842 3652/3902 3651/3900
f 1701/3903 1673/3845 1672/3843
f 3653/3904 3624/3844 3625/3846
f 1672/3843 1700/3901 1701/3903
f 3624/3844 3653/3904 3652/3902
f 1701/3903 1702/3905 1674/3847
f 3653/3904 3626/3848 3654/3906
f 1674/3847 1673/3845 1701/3903
f 3626/3848 3653/3904 3625/3846
f 1704/3907 1703/3908 1675/3850
f 3656/3909 3627/3852 3655/3910
f 1675/3850 1676/3849 1704/3907
f 3627/3852 3656/3909 3628/3851
f 1705/3911 1677/3853 1678/3855
f 3657/3912 3630/3856 3629/3854
f 1678/3855 1706/3913 1705/3911
f 3630/3856 3657/3912 3658/3914
f 1707/3915 1679/3857 1677/3853
f 3659/3916 3629/3854 3631/3858
f 1677/3853 1705/3911 1707/3915
f 3629/3854 3659/3916 3657/3912
f 1708/3917 1680/3859 1679/3857
f 3660/3918 3631/3858 3632/3860
f 1679/3857 1707/3915 1708/3917
f 3631/3858 3660/3918 3659/3916
f 1709/3919 1681/3861 1680/3859
f 3661/3920 3632/3860 3633/3862
f 1680/3859 1708/3917 1709/3919
f 3632/3860 3661/3920 3660/3918
f 1710/3921 1682/3863 1681/3861
f 3662/3922 3633/3862 3634/3864
f 1681/3861 1709/3919 1710/3921
f 3633/3862 3662/3922 3661/3920
f 1711/3923 1683/3865 1682/3863
f 3663/3924 3634/3864 3635/3866
f 1682/3863 1710/3921 1711/3923
f 3634/3864 3663/3924 3662/3922
f 1712/3925 1684/3867 1683/3865
f 3664/3926 3635/3866 3636/3869
f 1683/3865 1711/3923 1712/3925
f 3635/3866 3664/3926 3663/3924
f 1713/3927 1685/3870 1684/3867
f 3665/3928 3636/3869 3637/3872
f 1684/3867 1712/3925 1713/3927
f 3636/3869 3665/3928 3664/3926
f 1686/3873 1685/3870 1713/3927
f 3638/3874 3665/3928 3637/3872
f 1713/3927 1714/3929 1686/3873
f 3665/3928 3638/3874 3666/3930
f 1686/3873 1714/3929 1715/3931
f 3638/3874 3667/3932 3666/3930
f 1715/3931 1687/3875 1686/3873
f 3667/3932 3638/3874 3639/3876
f 1687/3875 1715/3931 1693/3885
f 3639/3876 3645/3888 3667/3932
f 1693/3885 1665/3826 1687/3875
f 3645/3888 3639/3876 3617/3829
f 1700/3901 1699/3899 1952/3933
f 3652/3902 3834/3934 3651/3900
f 1952/3933 1701/3903 1700/3901
f 3834/3934 3652/3902 3653/3904
f 1705/3911 1706/3913 1953/3935
f 3657/3912 3835/3936 3658/3914
f 1953/3935 1707/3915 1705/3911
f 3835/3936 3657/3912 3659/3916
f 1717/3937 1695/3891 1694/3889
f 3669/3938 3646/3890 3647/3892
f 1694/3889 1692/3886 1717/3937
f 3646/3890 3669/3938 3644/3887
f 1717/3937 1697/3895 1696/3893
f 3669/3938 3648/3894 3649/3896
f 1696/3893 1695/3891 1717/3937
f 3648/3894 3669/3938 3647/3892
f 1717/3937 1699/3899 1698/3897
f 3669/3938 3650/3898 3651/3900
f 1698/3897 1697/3895 1717/3937
f 3650/3898 3669/3938 3649/3896
f 1699/3899 1717/3937 1954/3939
f 3651/3900 3836/3940 3669/3938
f 1954/3939 1952/3933 1699/3899
f 3836/3940 3651/3900 3834/3934
f 1960/3941 1709/3919 1708/3917
f 3842/3942 3660/3918 3661/3920
f 1708/3917 1707/3915 1960/3941
f 3660/3918 3842/3942 3659/3916
f 1518/3524 1521/3528 1522/3534
f 3470/3527 3474/3535 3473/3531
f 1522/3534 1517/3525 1518/3524
f 3474/3535 3470/3527 3469/3526
f 1520/3529 1524/3537 1525/3536
f 3472/3533 3477/3539 3476/3541
f 1525/3536 1519/3530 1520/3529
f 3477/3539 3472/3533 3471/3532
f 1676/3849 1521/3528 1518/3524
f 3628/3851 3470/3527 3473/3531
f 1518/3524 1674/3847 1676/3849
f 3470/3527 3628/3851 3626/3848
f 1678/3855 1524/3537 1520/3529
f 3630/3856 3472/3533 3476/3541
f 1520/3529 1675/3850 1678/3855
f 3472/3533 3630/3856 3627/3852
f 1704/3907 1676/3849 1674/3847
f 3656/3909 3626/3848 3628/3851
f 1674/3847 1702/3905 1704/3907
f 3626/3848 3656/3909 3654/3906
f 1706/3913 1678/3855 1675/3850
f 3658/3914 3627/3852 3630/3856
f 1675/3850 1703/3908 1706/3913
f 3627/3852 3658/3914 3655/3910
f 1689/3879 1644/3786 1645/3788
f 3641/3880 3597/3789 3596/3787
f 1645/3788 1653/3804 1689/3879
f 3597/3789 3641/3880 3605/3805
f 1689/3879 1647/3792 1646/3790
f 3641/3880 3598/3791 3599/3793
f 1646/3790 1644/3786 1689/3879
f 3598/3791 3641/3880 3596/3787
f 1598/3692 1600/3697 1601/3696
f 3550/3695 3553/3699 3552/3701
f 1601/3696 1597/3693 1598/3692
f 3553/3699 3550/3695 3549/3694
f 1631/3760 1600/3697 1598/3692
f 3583/3761 3550/3695 3552/3701
f 1598/3692 1629/3756 1631/3760
f 3550/3695 3583/3761 3581/3757
f 1688/3877 1630/3758 1631/3760
f 3640/3878 3583/3761 3582/3759
f 1631/3760 1629/3756 1688/3877
f 3583/3761 3640/3878 3581/3757
f 1613/3725 1614/3724 1638/3775
f 3565/3727 3590/3777 3566/3726
f 1638/3775 1718/3943 1613/3725
f 3590/3777 3565/3727 3670/3944
f 1718/3943 1638/3775 1616/3729
f 3670/3944 3568/3733 3590/3777
f 1616/3729 1617/3728 1718/3943
f 3568/3733 3670/3944 3569/3731
f 1688/3877 1629/3756 1628/3754
f 3640/3878 3580/3755 3581/3757
f 1628/3754 1627/3752 1688/3877
f 3580/3755 3640/3878 3579/3753
f 1688/3877 1627/3752 1626/3750
f 3640/3878 3578/3751 3579/3753
f 1626/3750 1625/3748 1688/3877
f 3578/3751 3640/3878 3577/3749
f 852/3945 1554/3602 1556/3606
f 2816/3946 3508/3607 3506/3603
f 1556/3606 1132/3947 852/3945
f 3508/3607 2816/3946 3090/3948
f 1239/3949 1132/3947 1556/3606
f 3192/2819 3508/3950 3090/2817
f 1556/3606 1558/3610 1239/3949
f 3508/3950 3192/2819 3510/3616
f 1552/3598 1554/3602 1581/3661
f 3504/3599 3533/3662 3506/3603
f 1581/3661 1584/3666 1552/3598
f 3533/3662 3504/3599 3536/3667
f 1581/3661 1554/3602 852/3945
f 3533/3662 2816/3946 3506/3603
f 852/3945 1580/3658 1581/3661
f 2816/3946 3533/3662 3532/3659
f 853/3951 1577/3653 1580/3658
f 2817/3952 3532/3659 3529/3655
f 1580/3658 852/3945 853/3951
f 3532/3659 2817/3952 2816/3946
f 1689/3879 1651/3800 1650/3798
f 3641/3880 3602/3799 3603/3801
f 1650/3798 1648/3794 1689/3879
f 3602/3799 3641/3880 3600/3795
f 856/3953 1575/3644 1576/3650
f 2820/3954 3528/3651 3527/3647
f 1576/3650 1130/3955 856/3953
f 3528/3651 2820/3954 3088/3956
f 1130/3955 1576/3650 1577/3653
f 3088/3956 3529/3655 3528/3651
f 1577/3653 853/3951 1130/3955
f 3529/3957 3088/3958 2817/3959
f 1601/3696 1575/3644 856/3953
f 3553/3699 2820/3954 3527/3647
f 856/3953 1597/3693 1601/3696
f 2820/3954 3553/3699 3549/3694
f 857/3960 1596/3690 1597/3693
f 2821/3961 3549/3694 3548/3691
f 1597/3693 856/3953 857/3960
f 3549/3694 2821/3961 2820/3954
f 1131/3962 1594/3686 1596/3690
f 3089/3963 3548/3691 3546/3687
f 1596/3964 857/3965 1131/3966
f 3548/3967 3089/3968 2821/3969
f 1131/3962 865/3970 1592/3682
f 3089/3963 3544/3683 2829/3971
f 1592/3682 1594/3686 1131/3962
f 3544/3683 3089/3963 3546/3687
f 865/3972 866/3973 1613/3974
f 2829/3975 3565/3976 2830/3977
f 1613/3725 1718/3943 865/3970
f 3565/3727 2829/3971 3670/3944
f 1589/3677 1592/3682 865/3970
f 3541/3679 2829/3971 3544/3683
f 865/3970 1718/3943 1589/3677
f 2829/3971 3541/3679 3670/3944
f 1588/3674 1589/3677 1718/3943
f 3540/3675 3670/3944 3541/3679
f 1718/3943 1617/3728 1588/3674
f 3670/3944 3540/3675 3569/3731
f 1588/3674 1617/3728 1618/3734
f 3540/3675 3570/3735 3569/3731
f 1618/3734 1587/3668 1588/3674
f 3570/3735 3540/3675 3539/3671
f 1568/3634 1519/3530 1525/3536
f 3520/3635 3477/3539 3471/3532
f 1525/3536 1567/3628 1568/3634
f 3477/3539 3520/3635 3519/3631
f 1525/3536 1526/3542 1584/3666
f 3477/3539 3536/3667 3478/3543
f 1584/3666 1567/3628 1525/3536
f 3536/3667 3477/3539 3519/3631
f 1552/3598 1584/3666 1526/3542
f 3504/3599 3478/3543 3536/3667
f 1526/3542 1550/3594 1552/3598
f 3478/3543 3504/3599 3502/3595
f 1528/3546 1548/3590 1550/3594
f 3480/3547 3502/3595 3500/3591
f 1550/3594 1526/3542 1528/3546
f 3502/3595 3480/3547 3478/3543
f 1530/3550 1547/3584 1548/3590
f 3482/3551 3500/3591 3499/3587
f 1548/3590 1528/3546 1530/3550
f 3500/3591 3482/3551 3480/3547
f 858/1828 1210/3978 1502/3496
f 2822/1831 3454/3979 3163/3980
f 1502/3496 1504/3495 858/1828
f 3454/3979 2822/1831 3456/3981
f 1238/3982 1612/3983 1613/3974
f 3191/3984 3565/3727 3564/3723
f 1613/3974 866/3973 1238/3982
f 3565/3976 3191/3985 2830/3977
f 1690/3881 1637/3772 1635/3768
f 3642/3882 3587/3769 3589/3773
f 1635/3768 1636/3770 1690/3881
f 3587/3769 3642/3882 3588/3771
f 1605/3710 1610/3717 1611/3716
f 3557/3712 3563/3719 3562/3721
f 1611/3716 1608/3714 1605/3710
f 3563/3719 3557/3712 3560/3715
f 1633/3765 1636/3770 1610/3717
f 3585/3767 3562/3721 3588/3771
f 1610/3717 1605/3710 1633/3765
f 3562/3721 3585/3767 3557/3712
f 574/1179 1985/2737 1992/2812
f 2539/1182 3870/2813 3863/2738
f 1992/2812 573/1180 574/1179
f 3870/2813 2539/1182 2538/1184
f 1238/3982 1208/3986 1611/3987
f 3191/3985 3563/3988 3161/3989
f 1611/3987 1612/3983 1238/3982
f 3563/3719 3191/3984 3564/3723
f 561/1161 1972/1157 1994/3990
f 2526/1162 3872/3991 3850/1159
f 1994/3990 1719/1148 561/1161
f 3872/3991 2526/1162 3671/1152
f 563/3992 1973/1156 1993/2814
f 2528/3993 3871/2816 3851/1160
f 1993/2814 1239/2818 563/3992
f 3871/2816 2528/3993 3192/2819
f 1719/1148 557/1147 820/1722
f 3671/1152 2784/1723 2522/1150
f 820/1722 561/1161 1719/1148
f 2784/1723 3671/1152 2526/1162
f 1560/3994 563/3992 1239/2818
f 3512/3617 3192/2819 2528/3993
f 1239/3949 1558/3610 1560/3614
f 3192/2819 3512/3617 3510/3616
f 1562/3995 562/3996 563/3992
f 3514/3621 2528/3993 2527/3997
f 563/3992 1560/3994 1562/3995
f 2528/3993 3514/3621 3512/3617
f 562/3998 1562/3620 1564/3626
f 2527/3999 3516/3627 3514/3623
f 1564/3626 1720/4000 562/3998
f 3516/3627 2527/3999 3672/4001
f 1547/3584 1530/3550 1720/4000
f 3499/3587 3672/4001 3482/3551
f 1720/4000 1564/3626 1547/3584
f 3672/4001 3499/3587 3516/3627
f 1219/2767 1990/2763 1995/4002
f 3172/2768 3873/4003 3868/2765
f 1995/4002 1721/4004 1219/2767
f 3873/4003 3172/2768 3673/4005
f 845/1799 1991/2762 1996/4006
f 2809/1801 3874/4007 3869/2766
f 1996/4006 842/1787 845/1799
f 3874/4007 2809/1801 2806/1791
f 842/1787 840/1786 558/1153
f 2806/1791 2523/1154 2804/1789
f 558/1153 845/1799 842/1787
f 2523/1154 2806/1791 2809/1801
f 1538/3568 1219/2767 1721/4004
f 3490/4008 3673/4005 3172/2768
f 1721/4004 1536/3563 1538/3568
f 3673/4005 3490/4008 3488/4009
f 1538/3568 1540/3572 1218/2761
f 3490/4008 3171/2764 3492/4010
f 1218/2761 1219/2767 1538/3568
f 3171/2764 3490/4008 3172/2768
f 2000/2755 1996/4006 1722/4011
f 3878/2757 3674/4012 3874/4007
f 1722/4011 1217/2759 2000/2755
f 3674/4012 3878/2757 3170/2760
f 1540/3572 1217/2759 1722/4011
f 3492/4010 3674/4012 3170/2760
f 1722/4011 1218/2761 1540/3572
f 3674/4012 3492/4010 3171/2764
f 1216/2753 1217/2759 1540/3572
f 3169/2756 3492/4010 3170/2760
f 1540/3572 1541/3575 1216/2753
f 3492/4010 3169/2756 3493/4013
f 1211/4014 1934/4015 1971/4016
f 3164/2744 3849/4017 3816/4018
f 1971/4016 1987/4019 1211/4014
f 3849/4017 3164/2744 3865/2743
f 1723/4020 380/4021 1999/4022
f 3675/4023 3877/4024 2347/4025
f 1999/4022 1997/4026 1723/4020
f 3877/4024 3675/4023 3875/4027
f 1210/4028 379/4029 1499/3483
f 3163/3980 3451/4030 2346/4031
f 1499/3483 1502/3490 1210/4028
f 3451/4030 3163/3980 3454/3979
f 379/4029 380/4021 1498/3484
f 2346/4032 3450/4033 2347/4025
f 1498/3484 1499/3483 379/4029
f 3450/4033 2346/4032 3451/4034
f 1572/3640 1574/3645 1575/3644
f 3524/3643 3527/3647 3526/3649
f 1575/3644 1571/3641 1572/3640
f 3527/3647 3524/3643 3523/3642
f 1647/3792 1649/3796 1574/3645
f 3599/3793 3526/3649 3601/3797
f 1574/3645 1572/3640 1647/3792
f 3526/3649 3599/3793 3524/3643
f 1689/3879 1648/3794 1649/3796
f 3641/3880 3601/3797 3600/3795
f 1649/3796 1647/3792 1689/3879
f 3601/3797 3641/3880 3599/3793
f 1519/3530 1568/3634 1570/3638
f 3471/3532 3522/3639 3520/3635
f 1570/3638 1522/3534 1519/3530
f 3522/3639 3471/3532 3474/3535
f 1601/3696 1602/3702 1571/3641
f 3553/3699 3523/3642 3554/3703
f 1571/3641 1575/3644 1601/3696
f 3523/3642 3553/3699 3527/3647
f 1570/3638 1571/3641 1602/3702
f 3522/3639 3554/3703 3523/3642
f 1602/3702 1522/3534 1570/3638
f 3554/3703 3522/3639 3474/3535
f 1602/3702 1604/3706 1517/3525
f 3554/3703 3469/3526 3556/3707
f 1517/3525 1522/3534 1602/3702
f 3469/3526 3554/3703 3474/3535
f 1516/3522 1517/3525 1604/3706
f 3468/3523 3556/3707 3469/3526
f 1604/3706 1587/3668 1516/3522
f 3556/3707 3468/3523 3539/3671
f 1514/3518 1516/3522 1587/3668
f 3466/3519 3539/3671 3468/3523
f 1587/3668 1618/3734 1514/3518
f 3539/3671 3466/3519 3570/3735
f 1514/3518 1618/3734 1620/3738
f 3466/3519 3572/3739 3570/3735
f 1620/3738 1512/3514 1514/3518
f 3572/3739 3466/3519 3464/3515
f 1512/3514 1620/3738 1622/3742
f 3464/3515 3574/3743 3572/3739
f 1622/3742 1510/3510 1512/3514
f 3574/3743 3464/3515 3462/3511
f 1510/3510 1622/3742 1607/3708
f 3462/3511 3559/3711 3574/3743
f 1607/3708 1508/3506 1510/3510
f 3559/3711 3462/3511 3460/3507
f 1608/3714 1611/3716 1208/4035
f 3560/4036 3161/3989 3563/3988
f 1208/4035 1209/4037 1608/3714
f 3161/3989 3560/4036 3162/4038
f 1508/3506 1607/3708 1608/3714
f 3460/3507 3560/3715 3559/3711
f 1608/3714 1209/4037 1508/3506
f 3560/4036 3460/4039 3162/4038
f 575/1185 860/2773 1979/1830
f 2540/1186 3857/1832 2824/2774
f 1979/1830 1986/2735 575/1185
f 3857/1832 2540/1186 3864/2736
f 860/2773 575/1185 572/1181
f 2824/2774 2537/1183 2540/1186
f 572/1181 1108/2421 860/2773
f 2537/1183 2824/2774 3066/2422
f 1506/3500 861/1829 858/1828
f 3458/4040 2822/1831 2825/1833
f 858/1828 1504/3495 1506/3500
f 2822/1831 3458/4040 3456/3981
f 861/4041 1506/3502 1508/3506
f 2825/1833 3460/4039 3458/4040
f 1508/3506 1209/4037 861/4041
f 3460/4039 2825/1833 3162/4038
f 1309/3003 1274/2911 1411/3225
f 3261/3476 3363/3226 3226/3441
f 1411/3225 1413/3229 1309/3003
f 3363/3226 3261/3476 3365/3230
f 1721/4004 1995/4002 1988/4042
f 3673/4005 3866/4043 3873/4003
f 1988/4042 1214/4044 1721/4004
f 3866/4043 3673/4005 3167/4045
f 1536/3563 1721/4004 1214/4044
f 3488/4009 3167/4045 3673/4005
f 1214/4044 1534/3564 1536/3563
f 3167/4046 3488/3565 3486/3559
f 1534/3564 1214/4044 1215/4047
f 3486/3559 3168/4048 3167/4046
f 1215/4049 1532/3554 1534/3558
f 3168/4048 3486/3559 3484/3555
f 1720/4000 1530/3550 1532/3554
f 3672/4001 3484/3555 3482/3551
f 1532/3554 1215/4049 1720/4000
f 3484/3555 3672/4001 3168/4048
f 951/2032 1724/4050 2001/4051
f 2914/2033 3879/4052 3676/4053
f 2001/4051 955/2040 951/2032
f 3879/4052 2914/2033 2918/2041
f 953/2037 1726/4054 1725/4055
f 2916/2039 3677/4056 3678/4057
f 1725/4055 948/2027 953/2037
f 3677/4056 2916/2039 2911/2029
f 940/2012 1727/4058 1724/4050
f 2903/2014 3676/4053 3679/4059
f 1724/4050 951/2032 940/2012
f 3676/4053 2903/2014 2914/2033
f 941/2011 1728/4060 1727/4058
f 2904/2015 3679/4059 3680/4061
f 1727/4058 940/2012 941/2011
f 3679/4059 2904/2015 2903/2014
f 946/2018 947/2024 2002/4062
f 2909/2021 3880/4063 2910/2025
f 2002/4062 1729/4064 946/2018
f 3880/4063 2909/2021 3681/4065
f 1038/2251 1730/4066 1726/4054
f 2996/2253 3678/4057 3682/4067
f 1726/4054 953/2037 1038/2251
f 3678/4057 2996/2253 2916/2039
f 946/2018 1729/4064 1730/4066
f 2909/2021 3682/4067 3681/4065
f 1730/4066 1038/2251 946/2018
f 3682/4067 2909/2021 2996/2253
f 2001/4051 2002/4062 947/2024
f 3879/4052 2910/2025 3880/4063
f 947/2024 955/2040 2001/4051
f 2910/2025 3879/4052 2918/2041
f 1195/2709 1856/4068 1728/4060
f 1195/2709 3680/4061 1856/4068
f 1728/4060 941/2011 1195/2709
f 3680/4061 1195/2709 2904/2015
f 948/2027 1725/4055 740/1530
f 2911/2029 2704/1531 3677/4056
f 740/1530 934/1992 948/2027
f 2704/1531 2911/2029 2897/1993
f 376/735 1732/4069 1731/4070
f 2343/736 3683/4071 3684/4072
f 1731/4070 375/731 376/735
f 3683/4071 2343/736 2342/733
f 740/1530 1725/4055 1732/4069
f 2704/1531 3684/4072 3677/4056
f 1732/4069 376/735 740/1530
f 3684/4072 2704/1531 2343/736
f 375/731 1731/4070 1857/4073
f 2342/733 1857/4073 3683/4071
f 1857/4073 1842/2644 375/731
f 1857/4073 2342/733 3748/2645
f 1732/4069 1734/4074 1733/4075
f 3684/4072 3685/4076 3686/4077
f 1733/4075 1731/4070 1732/4069
f 3685/4076 3684/4072 3683/4071
f 1725/4055 1726/4054 1734/4074
f 3677/4056 3686/4077 3678/4057
f 1734/4074 1732/4069 1725/4055
f 3686/4077 3677/4056 3684/4072
f 1731/4070 1733/4075 1858/4078
f 3683/4071 1858/4078 3685/4076
f 1858/4078 1857/4073 1731/4070
f 1858/4078 3683/4071 1857/4073
f 1724/4050 1735/4079 1736/4080
f 3676/4053 3688/4081 3687/4082
f 1736/4080 1729/4064 1724/4050
f 3688/4081 3676/4053 3681/4065
f 1729/4064 1736/4080 1737/4083
f 3681/4065 3689/4084 3688/4081
f 1737/4083 1730/4066 1729/4064
f 3689/4084 3681/4065 3682/4067
f 1726/4054 1730/4066 1737/4083
f 3678/4057 3689/4084 3682/4067
f 1737/4083 1734/4074 1726/4054
f 3689/4084 3678/4057 3686/4077
f 1734/4074 1737/4083 1738/4085
f 3686/4077 3690/4086 3689/4084
f 1738/4085 1733/4075 1734/4074
f 3690/4086 3686/4077 3685/4076
f 1733/4075 1738/4085 1859/4087
f 3685/4076 1859/4087 3690/4086
f 1859/4087 1858/4078 1733/4075
f 1859/4087 3685/4076 1858/4078
f 1856/4068 1740/4088 1739/4089
f 1856/4068 3691/4090 1740/4088
f 1739/4089 1728/4060 1856/4068
f 3691/4090 1856/4068 3680/4061
f 1728/4060 1739/4089 1741/4091
f 3680/4061 3692/4092 3691/4090
f 1741/4091 1727/4058 1728/4060
f 3692/4092 3680/4061 3679/4059
f 1727/4058 1741/4091 1735/4079
f 3679/4059 3687/4082 3692/4092
f 1735/4079 1724/4050 1727/4058
f 3687/4082 3679/4059 3676/4053
f 1738/4085 1737/4083 1736/4080
f 3690/4086 3688/4081 3689/4084
f 1736/4080 1735/4079 1738/4085
f 3688/4081 3690/4086 3687/4082
f 1738/4085 1742/4093 1860/4094
f 3690/4086 1860/4094 3693/4095
f 1860/4094 1859/4087 1738/4085
f 1860/4094 3690/4086 1859/4087
f 1741/4091 1739/4089 2003/4096
f 3692/4092 3881/4097 3691/4090
f 2003/4096 1742/4093 1741/4091
f 3881/4097 3692/4092 3693/4095
f 1298/3469 1299/4098 1356/3114
f 3250/3470 3308/3115 3251/4099
f 1356/3114 1311/3027 1298/3469
f 3308/3115 3250/3470 3263/3028
f 1299/4098 1301/3467 1354/3110
f 3251/4099 3306/3112 3253/3468
f 1354/3110 1356/3114 1299/4098
f 3306/3112 3251/4099 3308/3115
f 1543/3583 1723/4020 1216/2753
f 3495/4100 3169/2756 3675/4023
f 1216/2753 1541/3575 1543/3583
f 3169/2756 3495/4100 3493/4013
f 1244/2834 1846/2652 1041/2262
f 1244/2834 2999/2263 1846/2652
f 1041/2262 1043/2270 1244/2834
f 2999/2263 1244/2834 3001/2272
f 1041/2262 659/1363 743/1537
f 2999/2263 2707/1538 2623/1364
f 743/1537 1043/2270 1041/2262
f 2707/1538 2999/2263 3001/2272
f 1906/2662 1887/4101 1925/4102
f 3789/2665 3807/4103 3770/4104
f 1925/4102 1181/2663 1906/2662
f 3807/4103 3789/2665 3135/2667
f 663/1371 1743/4105 1180/2664
f 2627/1372 3134/2666 3694/4106
f 1180/2664 1181/2663 663/1371
f 3134/2666 2627/1372 3135/2667
f 1174/2636 1905/2634 1180/2664
f 3131/2637 3134/2666 3788/2635
f 1180/2664 1744/4107 1174/2636
f 3134/2666 3131/2637 3695/4108
f 662/1365 663/1371 1181/2663
f 2626/1368 3135/2667 2627/1372
f 1181/2663 1925/4102 662/1365
f 3135/2667 2626/1368 3807/4103
f 1744/4107 1240/2820 1183/2679
f 3695/4108 3137/2680 3193/2821
f 1183/2679 1174/2636 1744/4107
f 3137/2680 3695/4108 3131/2637
f 661/1358 1174/2636 1183/2679
f 2625/1362 3137/2680 3131/2637
f 1183/2679 660/1359 661/1358
f 3137/2680 2625/1362 2624/1361
f 1240/2820 1744/4107 1180/2664
f 3193/2821 3134/2666 3695/4108
f 1180/2664 1743/4105 1240/2820
f 3134/2666 3193/2821 3694/4106
f 664/1367 1240/2820 1743/4105
f 2628/1369 3694/4106 3193/2821
f 1743/4105 663/1371 664/1367
f 3694/4106 2628/1369 2627/1372
f 15/2657 920/1956 930/1981
f 15/2657 2893/1983 2883/1959
f 930/1981 1179/4109 15/2657
f 2893/1983 15/2657 1179/4109
f 1117/2445 1178/2832 1862/4110
f 3075/2446 1862/4110 3133/2833
f 1862/4110 1863/4111 1117/2445
f 1862/4110 3075/2446 1863/4111
f 556/1142 527/1056 528/1055
f 2521/1144 2493/1058 2492/1060
f 528/1055 795/1656 556/1142
f 2493/1058 2521/1144 2759/1658
f 525/1061 515/1037 516/1039
f 2490/1062 2481/1040 2480/1038
f 516/1039 528/1055 525/1061
f 2481/1040 2490/1062 2493/1058
f 555/1143 556/1142 795/1656
f 2520/1146 2759/1658 2521/1144
f 795/1656 794/1655 555/1143
f 2759/1658 2520/1146 2758/1657
f 521/1045 148/247 149/246
f 2486/1048 2124/250 2123/249
f 149/246 520/1046 521/1045
f 2124/250 2486/1048 2485/1047
f 522/1049 368/711 148/247
f 2487/1050 2123/249 2335/712
f 148/247 521/1045 522/1049
f 2123/249 2487/1050 2486/1048
f 203/355 204/354 511/1027
f 2177/357 2476/1028 2178/358
f 511/1027 520/1046 203/355
f 2476/1028 2177/357 2485/1047
f 1066/2325 368/711 522/1049
f 3024/2327 2487/1050 2335/712
f 522/1049 523/1052 1066/2325
f 2487/1050 3024/2327 2488/1053
f 518/1041 553/1140 554/1138
f 2483/1043 2519/1139 2518/1141
f 554/1138 794/1655 518/1041
f 2519/1139 2483/1043 2758/1657
f 794/1655 554/1138 1243/2830
f 2758/1657 3196/2831 2519/1139
f 1243/2830 555/1143 794/1655
f 3196/2831 2758/1657 2520/1146
f 1339/3079 1341/3083 1363/3127
f 3291/3080 3315/3128 3293/3084
f 1363/3127 1365/3131 1339/3079
f 3315/3128 3291/3080 3317/3132
f 1363/3127 1341/3083 1343/3087
f 3315/3128 3295/3088 3293/3084
f 1343/3087 1361/3123 1363/3127
f 3295/3088 3315/3128 3313/3124
f 1746/4112 1745/3338 1748/3337
f 3697/4113 3699/3340 3696/3339
f 1748/3337 1747/4114 1746/4112
f 3699/3340 3697/4113 3698/4115
f 1750/4116 1749/3341 1745/3338
f 3701/4117 3696/3339 3700/3342
f 1745/3338 1746/4112 1750/4116
f 3696/3339 3701/4117 3697/4113
f 1752/4118 1751/3343 1749/3341
f 3703/4119 3700/3342 3702/3344
f 1749/3341 1750/4116 1752/4118
f 3700/3342 3703/4119 3701/4117
f 1753/3345 1751/3343 1752/4118
f 3704/3346 3703/4119 3702/3344
f 1752/4118 1754/4120 1753/3345
f 3703/4119 3704/3346 3705/4121
f 1755/3347 1753/3345 1754/4120
f 3706/3348 3705/4121 3704/3346
f 1754/4120 1756/4122 1755/3347
f 3705/4121 3706/3348 3707/4123
f 1757/3349 1755/3347 1756/4122
f 3708/3350 3707/4123 3706/3348
f 1756/4122 1758/4124 1757/3349
f 3707/4123 3708/3350 3709/4125
f 1759/3351 1757/3349 1758/4124
f 3710/3352 3709/4125 3708/3350
f 1758/4124 1760/4126 1759/3351
f 3709/4125 3710/3352 3711/4127
f 1762/4128 1761/3353 1759/3351
f 3713/4129 3710/3352 3712/3354
f 1759/3351 1760/4126 1762/4128
f 3710/3352 3713/4129 3711/4127
f 1764/4130 1763/3355 1761/3353
f 3715/4131 3712/3354 3714/3356
f 1761/3353 1762/4128 1764/4130
f 3712/3354 3715/4131 3713/4129
f 1765/3357 1763/3355 1764/4130
f 3716/3358 3715/4131 3714/3356
f 1764/4130 1766/4132 1765/3357
f 3715/4131 3716/3358 3717/4133
f 1767/3360 1770/3359 1769/4134
f 3718/3361 3720/4135 3721/3362
f 1769/4134 1768/4136 1767/3360
f 3720/4135 3718/3361 3719/4137
f 1771/3364 1774/3363 1773/4138
f 3722/3365 3724/4139 3725/3366
f 1773/4138 1772/4140 1771/3364
f 3724/4139 3722/3365 3723/4141
f 1775/3367 1771/3364 1772/4140
f 3726/3368 3723/4141 3722/3365
f 1772/4140 1776/4142 1775/3367
f 3723/4141 3726/3368 3727/4143
f 1778/4144 1777/3369 1775/3367
f 3729/4145 3726/3368 3728/3370
f 1775/3367 1776/4142 1778/4144
f 3726/3368 3729/4145 3727/4143
f 1780/4146 1779/3371 1777/3369
f 3731/4147 3728/3370 3730/3372
f 1777/3369 1778/4144 1780/4146
f 3728/3370 3731/4147 3729/4145
f 1782/4148 1781/3373 1779/3371
f 3733/4149 3730/3372 3732/3374
f 1779/3371 1780/4146 1782/4148
f 3730/3372 3733/4149 3731/4147
f 1784/4150 1783/3375 1781/3373
f 3735/4151 3732/3374 3734/3376
f 1781/3373 1782/4148 1784/4150
f 3732/3374 3735/4151 3733/4149
f 1785/3377 1783/3375 1784/4150
f 3736/3378 3735/4151 3734/3376
f 1784/4150 1786/4152 1785/3377
f 3735/4151 3736/3378 3737/4153
f 1787/3379 1785/3377 1786/4152
f 3738/3380 3737/4153 3736/3378
f 1786/4152 1788/4154 1787/3379
f 3737/4153 3738/3380 3739/4155
f 1789/3381 1787/3379 1788/4154
f 3740/3382 3739/4155 3738/3380
f 1788/4154 1790/4156 1789/3381
f 3739/4155 3740/3382 3741/4157
f 1792/4158 1791/3383 1789/3381
f 3743/4159 3740/3382 3742/3384
f 1789/3381 1790/4156 1792/4158
f 3740/3382 3743/4159 3741/4157
f 1748/3337 1791/3383 1792/4158
f 3699/3340 3743/4159 3742/3384
f 1792/4158 1747/4114 1748/3337
f 3743/4159 3699/3340 3698/4115
f 1769/4134 1770/3359 1765/3357
f 3720/4135 3716/3358 3721/3362
f 1765/3357 1766/4132 1769/4134
f 3716/3358 3720/4135 3717/4133
f 1773/4138 1774/3363 1767/3360
f 3724/4139 3718/3361 3725/3366
f 1767/3360 1768/4136 1773/4138
f 3718/3361 3724/4139 3719/4137
f 1758/4124 1746/4112 1747/4114
f 3709/4125 3698/4115 3697/4113
f 1747/4114 1760/4126 1758/4124
f 3698/4115 3709/4125 3711/4127
f 1778/4144 1776/4142 1790/4156
f 3729/4145 3741/4157 3727/4143
f 1790/4156 1788/4154 1778/4144
f 3741/4157 3729/4145 3739/4155
f 1321/3043 1274/2911 1273/2909
f 3273/3044 3225/3442 3226/3441
f 1273/2909 1319/3039 1321/3043
f 3225/3442 3273/3044 3271/3040
f 1746/4112 1758/4124 1756/4122
f 3697/4113 3707/4123 3709/4125
f 1756/4122 1750/4116 1746/4112
f 3707/4123 3697/4113 3701/4117
f 1750/4116 1756/4122 1754/4120
f 3701/4117 3705/4121 3707/4123
f 1754/4120 1752/4118 1750/4116
f 3705/4121 3701/4117 3703/4119
f 1780/4146 1778/4144 1788/4154
f 3731/4147 3739/4155 3729/4145
f 1788/4154 1786/4152 1780/4146
f 3739/4155 3731/4147 3737/4153
f 1782/4148 1780/4146 1786/4152
f 3733/4149 3737/4153 3731/4147
f 1786/4152 1784/4150 1782/4148
f 3737/4153 3733/4149 3735/4151
f 1543/3583 1498/3484 380/4021
f 3495/4100 2347/4025 3450/4033
f 380/4021 1723/4020 1543/3583
f 2347/4025 3495/4100 3675/4023
f 1954/3939 1693/3885 1715/3931
f 3836/3940 3667/3932 3645/3888
f 1715/3931 1956/4160 1954/3939
f 3667/3932 3836/3940 3838/4161
f 1955/4162 1960/3941 1707/3915
f 3837/4163 3659/3916 3842/3942
f 1707/3915 1953/3935 1955/4162
f 3659/3916 3837/4163 3835/3936
f 551/1134 1106/2416 535/2415
f 2516/1136 2500/2417 3064/2418
f 535/4164 1794/1130 551/1128
f 2500/4165 2516/1129 3745/1131
f 535/4164 536/2559 1795/2822
f 2500/4165 3746/2823 2501/2561
f 1795/2822 1794/1130 535/4164
f 3746/2823 2500/4165 3745/1131
f 1796/1020 508/1081 538/1087
f 3747/1021 2503/1088 2473/1084
f 538/1087 1795/2822 1796/1020
f 2503/1088 3747/1021 3746/2823
f 509/1019 519/1089 508/1081
f 2474/1022 2473/1084 2484/1090
f 508/1081 1796/1020 509/1019
f 2473/1084 2474/1022 3747/1021
f 495/993 690/1423 509/1019
f 2460/994 2474/1022 2654/1424
f 509/1019 494/987 495/993
f 2474/1022 2460/994 2459/990
f 824/1741 1137/2517 1134/2511
f 2788/1744 3092/2512 3095/2518
f 1134/2511 825/1742 824/1741
f 3092/2512 2788/1744 2789/1746
f 427/846 805/1685 825/1742
f 2393/848 2789/1746 2769/1687
f 825/1742 1134/2511 427/846
f 2789/1746 2393/848 3092/2512
f 1179/4109 930/1981 1117/2445
f 1179/4109 3075/2446 2893/1983
f 1117/2445 1863/4111 1179/4109
f 3075/2446 1179/4109 1863/4111
f 1843/2643 1842/2644 1810/4166
f 1843/2643 1810/4166 3748/2645
f 1810/4166 1842/2644 1857/4073
f 1810/4166 1857/4073 3748/2645
f 1874/4167 1873/4168 1872/2668
f 3757/4169 3755/2670 3756/4170
f 1872/2668 1875/2671 1874/4167
f 3755/2670 3757/4169 3758/2672
f 1921/4171 1876/4172 1873/4168
f 3803/4173 3756/4170 3759/4174
f 1873/4168 1874/4167 1921/4171
f 3756/4170 3803/4173 3757/4169
f 1877/4175 1007/2603 1006/2687
f 3760/4176 2964/2688 2965/2607
f 1006/2687 1878/4177 1877/4175
f 2964/2688 3760/4176 3761/4178
f 1881/4179 1874/4167 1875/2671
f 3764/4180 3758/2672 3757/4169
f 1875/2671 1882/4181 1881/4179
f 3758/2672 3764/4180 3765/4182
f 1921/4171 1874/4167 1881/4179
f 3803/4173 3764/4180 3757/4169
f 1881/4179 1883/4183 1921/4171
f 3764/4180 3803/4173 3766/4184
f 1883/4183 1885/4185 1884/4186
f 3766/4184 3767/4187 3768/4188
f 1884/4186 1921/4171 1883/4183
f 3767/4187 3766/4184 3803/4173
f 1923/2604 1886/4189 1882/4181
f 3805/2606 3765/4182 3769/4190
f 1882/4181 1875/2671 1923/2604
f 3765/4182 3805/2606 3758/2672
f 1887/4101 1884/4186 1885/4185
f 3770/4104 3768/4188 3767/4187
f 1885/4185 1888/4191 1887/4101
f 3768/4188 3770/4104 3771/4192
f 1892/4193 1891/4194 1890/4195
f 3775/4196 3773/4197 3774/4198
f 1890/4195 1889/4199 1892/4193
f 3773/4197 3775/4196 3772/4200
f 1896/4201 1895/4202 1894/4203
f 3779/4204 3777/4205 3778/4206
f 1894/4203 1893/4207 1896/4201
f 3777/4205 3779/4204 3776/4208
f 1897/4209 1898/4210 1896/4201
f 3780/4211 3779/4204 3781/4212
f 1896/4201 1893/4207 1897/4209
f 3779/4204 3780/4211 3776/4208
f 1899/4213 1902/4214 1901/4215
f 3782/4216 3784/4217 3785/4218
f 1901/4215 1900/4219 1899/4213
f 3784/4217 3782/4216 3783/4220
f 1878/4177 1006/2687 1924/2684
f 3761/4178 3806/2686 2964/2688
f 1924/2684 1903/4221 1878/4177
f 3806/2686 3761/4178 3786/4222
f 1877/4175 1904/4223 1897/4209
f 3760/4176 3780/4211 3787/4224
f 1897/4209 1886/4189 1877/4175
f 3780/4211 3760/4176 3769/4190
f 1907/4225 1906/2662 1905/2634
f 3790/4226 3788/2635 3789/2665
f 1905/2634 1870/2254 1907/4225
f 3788/2635 3790/4226 3754/2255
f 1908/4227 662/1365 1925/4102
f 3791/4228 3807/4103 2626/1368
f 1925/4102 1909/4229 1908/4227
f 3807/4103 3791/4228 3792/4230
f 1910/4231 1903/4221 1924/2684
f 3793/4232 3806/2686 3786/4222
f 1924/2684 1922/1366 1910/4231
f 3806/2686 3793/4232 3804/1370
f 1908/4227 1910/4231 1922/1366
f 3791/4228 3804/1370 3793/4232
f 1922/1366 662/1365 1908/4227
f 3804/1370 3791/4228 2626/1368
f 1912/4233 1911/4234 1892/4193
f 3795/4235 3775/4196 3794/4236
f 1892/4193 1889/4199 1912/4233
f 3775/4196 3795/4235 3772/4200
f 1904/4223 1877/4175 1878/4177
f 3787/4224 3761/4178 3760/4176
f 1878/4177 1913/4237 1904/4223
f 3761/4178 3787/4224 3796/4238
f 1894/4203 1881/4179 1882/4181
f 3777/4205 3765/4182 3764/4180
f 1882/4181 1893/4207 1894/4203
f 3765/4182 3777/4205 3776/4208
f 1883/4183 1881/4179 1894/4203
f 3766/4184 3777/4205 3764/4180
f 1894/4203 1914/4239 1883/4183
f 3777/4205 3766/4184 3797/4240
f 1914/4239 1899/4213 1885/4185
f 3797/4240 3768/4188 3782/4216
f 1885/4185 1883/4183 1914/4239
f 3768/4188 3797/4240 3766/4184
f 1888/4191 1885/4185 1899/4213
f 3771/4192 3782/4216 3768/4188
f 1899/4213 1900/4219 1888/4191
f 3782/4216 3771/4192 3783/4220
f 1913/4237 1878/4177 1903/4221
f 3796/4238 3786/4222 3761/4178
f 1903/4221 1890/4195 1913/4237
f 3786/4222 3796/4238 3773/4197
f 1007/2603 1877/4175 1886/4189
f 2965/2607 3769/4190 3760/4176
f 1886/4189 1923/2604 1007/2603
f 3769/4190 2965/2607 3805/2606
f 1900/4219 1915/4241 1909/4229
f 3783/4220 3792/4230 3798/4242
f 1909/4229 1888/4191 1900/4219
f 3792/4230 3783/4220 3771/4192
f 1910/4231 1889/4199 1890/4195
f 3793/4232 3773/4197 3772/4200
f 1890/4195 1903/4221 1910/4231
f 3773/4197 3793/4232 3786/4222
f 1910/4231 1908/4227 1912/4233
f 3793/4232 3795/4235 3791/4228
f 1912/4233 1889/4199 1910/4231
f 3795/4235 3793/4232 3772/4200
f 1886/4189 1897/4209 1893/4207
f 3769/4190 3776/4208 3780/4211
f 1893/4207 1882/4181 1886/4189
f 3776/4208 3769/4190 3765/4182
f 1904/4223 1916/4243 1898/4210
f 3787/4224 3781/4212 3799/4244
f 1898/4210 1897/4209 1904/4223
f 3781/4212 3787/4224 3780/4211
f 1913/4237 1917/4245 1916/4243
f 3796/4238 3799/4244 3800/4246
f 1916/4243 1904/4223 1913/4237
f 3799/4244 3796/4238 3787/4224
f 1895/4202 1918/4247 1914/4239
f 3778/4206 3797/4240 3801/4248
f 1914/4239 1894/4203 1895/4202
f 3797/4240 3778/4206 3777/4205
f 1918/4247 1902/4214 1899/4213
f 3801/4248 3782/4216 3785/4218
f 1899/4213 1914/4239 1918/4247
f 3782/4216 3801/4248 3797/4240
f 1901/4215 1919/4249 1915/4241
f 3784/4217 3798/4242 3802/4250
f 1915/4241 1900/4219 1901/4215
f 3798/4242 3784/4217 3783/4220
f 1913/4237 1890/4195 1891/4194
f 3796/4238 3774/4198 3773/4197
f 1891/4194 1917/4245 1913/4237
f 3774/4198 3796/4238 3800/4246
f 1919/4249 1891/4194 1892/4193
f 3802/4250 3775/4196 3774/4198
f 1892/4193 1911/4234 1919/4249
f 3775/4196 3802/4250 3794/4236
f 1902/4214 1916/4243 1917/4245
f 3785/4218 3800/4246 3799/4244
f 1917/4245 1901/4215 1902/4214
f 3800/4246 3785/4218 3784/4217
f 1896/4201 1898/4210 1918/4247
f 3779/4204 3801/4248 3781/4212
f 1918/4247 1895/4202 1896/4201
f 3801/4248 3779/4204 3778/4206
f 1876/4172 1921/4171 1884/4186
f 3759/4174 3767/4187 3803/4173
f 1884/4186 1907/4225 1876/4172
f 3767/4187 3759/4174 3790/4226
f 1907/4225 1884/4186 1887/4101
f 3790/4226 3770/4104 3767/4187
f 1887/4101 1906/2662 1907/4225
f 3770/4104 3790/4226 3789/2665
f 1876/4172 1907/4225 1870/2254
f 3759/4174 3754/2255 3790/4226
f 1870/2254 1879/2256 1876/4172
f 3754/2255 3759/4174 3762/2257
f 1925/4102 1887/4101 1888/4191
f 3807/4103 3771/4192 3770/4104
f 1888/4191 1909/4229 1925/4102
f 3771/4192 3807/4103 3792/4230
f 1873/4168 1876/4172 1879/2256
f 3756/4170 3762/2257 3759/4174
f 1879/2256 1880/2267 1873/4168
f 3762/2257 3756/4170 3763/2268
f 1864/2669 1872/2668 1873/4168
f 1864/2669 3756/4170 3755/2670
f 1873/4168 1920/4251 1864/2669
f 3756/4170 1864/2669 1920/4251
f 1918/4247 1898/4210 1916/4243
f 3801/4248 3799/4244 3781/4212
f 1916/4243 1902/4214 1918/4247
f 3799/4244 3801/4248 3785/4218
f 1911/4234 1912/4233 1915/4241
f 3794/4236 3798/4242 3795/4235
f 1915/4241 1919/4249 1911/4234
f 3798/4242 3794/4236 3802/4250
f 1912/4233 1908/4227 1909/4229
f 3795/4235 3792/4230 3791/4228
f 1909/4229 1915/4241 1912/4233
f 3792/4230 3795/4235 3798/4242
f 1901/4215 1917/4245 1891/4194
f 3784/4217 3774/4198 3800/4246
f 1891/4194 1919/4249 1901/4215
f 3774/4198 3784/4217 3802/4250
f 1920/4251 1873/4168 1880/2267
f 1920/4251 3763/2268 3756/4170
f 1880/2267 1871/2654 1920/4251
f 3763/2268 1920/4251 1871/2654
f 1927/2473 1124/2903 1123/2901
f 3809/2477 3081/2902 3082/2904
f 1123/2901 1926/2474 1927/2473
f 3081/2902 3809/2477 3808/2476
f 1926/2474 1123/2901 1260/2871
f 3808/2476 3212/2872 3081/2902
f 1260/2871 1258/2478 1926/2474
f 3212/2872 3808/2476 3210/2479
f 1929/2480 1126/1700 810/1697
f 3811/2483 2774/1699 3084/1701
f 810/1697 1928/2481 1929/2480
f 2774/1699 3811/2483 3810/2482
f 1929/2480 414/811 1127/2487
f 3811/2483 3085/2488 2380/815
f 1127/2487 1126/1700 1929/2480
f 3085/2488 3811/2483 3084/1701
f 1931/2749 1998/4252 1988/4042
f 3813/2752 3866/4043 3876/4253
f 1988/4042 1930/2750 1931/2749
f 3866/4043 3813/2752 3812/2751
f 1994/3990 1998/4252 1931/2749
f 3872/3991 3813/2752 3876/4253
f 1931/2749 1719/1148 1994/3990
f 3813/2752 3872/3991 3671/1152
f 1220/1788 842/1787 1932/4254
f 3173/1790 3814/4255 2806/1791
f 1932/4254 1933/4256 1220/1788
f 3814/4255 3173/1790 3815/4257
f 1933/4256 1989/2754 1997/4026
f 3815/4257 3875/4027 3867/2758
f 1997/4026 1220/1788 1933/4256
f 3875/4027 3815/4257 3173/1790
f 1934/4015 1211/4014 1120/2465
f 3816/4018 3078/2456 3164/2744
f 1120/2465 1937/2770 1934/4015
f 3078/2466 3816/4258 3819/2771
f 380/4021 379/4029 1971/4016
f 2347/4025 3849/4259 2346/4032
f 1971/4016 1999/4022 380/4021
f 3849/4259 2347/4025 3877/4024
f 1935/4260 1934/4015 1937/2770
f 3817/4261 3819/2771 3816/4258
f 1937/2770 1936/2769 1935/4260
f 3819/2771 3817/4261 3818/2772
f 1220/1788 1935/4260 1936/2769
f 3173/1790 3818/2772 3817/4261
f 1936/2769 841/1792 1220/1788
f 3818/2772 3173/1790 2805/1793
f 570/1171 1939/4262 1938/2467
f 2535/1174 3820/2468 3821/4263
f 1938/2467 569/1172 570/1171
f 3820/2468 2535/1174 2534/1176
f 570/1171 849/1808 577/1188
f 2535/1174 2542/1190 2813/1811
f 577/1188 1939/4262 570/1171
f 2542/1190 2535/1174 3821/4263
f 1939/4262 577/1188 270/509
f 3821/4263 2238/511 2542/1190
f 270/509 1938/2467 1939/4262
f 2238/511 3821/4263 3820/2468
f 577/1188 849/1808 567/1169
f 2542/1190 2532/1170 2813/1811
f 567/1169 1940/1191 577/1188
f 2532/1170 2542/1190 3822/1192
f 564/1165 850/1813 576/2449
f 2529/1167 2541/2450 2814/1814
f 576/2449 1941/2457 564/1165
f 2541/2450 2529/1167 3823/2458
f 1941/2457 1943/4264 1942/1187
f 3823/2458 3824/1189 3825/4265
f 1942/1187 1940/1191 1941/2457
f 3824/1189 3823/2458 3822/1192
f 1941/2457 576/2449 272/516
f 3823/2458 2240/518 2541/2450
f 272/516 1943/4264 1941/2457
f 2240/518 3823/2458 3825/4265
f 1943/4264 272/516 267/501
f 3825/4265 2235/504 2240/518
f 267/501 1942/1187 1943/4264
f 2235/504 3825/4265 3824/1189
f 1793/4266 1944/4267 1947/4268
f 3744/4269 3829/4270 3826/4271
f 1947/4268 1945/4272 1793/4266
f 3829/4270 3744/4269 3827/4273
f 1949/4274 1747/4114 1792/4158
f 3831/4275 3743/4159 3698/4115
f 1792/4158 1951/4276 1949/4274
f 3743/4159 3831/4275 3833/4277
f 1950/4278 1790/4156 1776/4142
f 3832/4279 3727/4143 3741/4157
f 1776/4142 1946/4280 1950/4278
f 3727/4143 3832/4279 3828/4281
f 1793/4266 1946/4280 1948/4282
f 3744/4269 3830/4283 3828/4281
f 1948/4282 1944/4267 1793/4266
f 3830/4283 3744/4269 3826/4271
f 1944/4267 1769/4134 1766/4132
f 3826/4271 3717/4133 3720/4135
f 1766/4132 1947/4268 1944/4267
f 3717/4133 3826/4271 3829/4270
f 1773/4138 1768/4136 1948/4282
f 3724/4139 3830/4283 3719/4137
f 1948/4282 1772/4140 1773/4138
f 3830/4283 3724/4139 3723/4141
f 1762/4128 1760/4126 1945/4272
f 3713/4129 3827/4273 3711/4127
f 1945/4272 1947/4268 1762/4128
f 3827/4273 3713/4129 3829/4270
f 1946/4280 1776/4142 1772/4140
f 3828/4281 3723/4141 3727/4143
f 1772/4140 1948/4282 1946/4280
f 3723/4141 3828/4281 3830/4283
f 1764/4130 1762/4128 1947/4268
f 3715/4131 3829/4270 3713/4129
f 1947/4268 1766/4132 1764/4130
f 3829/4270 3715/4131 3717/4133
f 1768/4136 1769/4134 1944/4267
f 3719/4137 3826/4271 3720/4135
f 1944/4267 1948/4282 1768/4136
f 3826/4271 3719/4137 3830/4283
f 1945/4272 1760/4126 1747/4114
f 3827/4273 3698/4115 3711/4127
f 1747/4114 1949/4274 1945/4272
f 3698/4115 3827/4273 3831/4275
f 1951/4276 1792/4158 1790/4156
f 3833/4277 3741/4157 3743/4159
f 1790/4156 1950/4278 1951/4276
f 3741/4157 3833/4277 3832/4279
f 1950/4278 1946/4280 1793/4266
f 3832/4279 3744/4269 3828/4281
f 1793/4266 1951/4276 1950/4278
f 3744/4269 3832/4279 3833/4277
f 1793/4266 1945/4272 1949/4274
f 3744/4269 3831/4275 3827/4273
f 1949/4274 1951/4276 1793/4266
f 3831/4275 3744/4269 3833/4277
f 1706/3913 1703/3908 1957/4284
f 3658/3914 3839/4285 3655/3910
f 1957/4284 1953/3935 1706/3913
f 3839/4285 3658/3914 3835/3936
f 1952/3933 1716/4286 1958/4287
f 3834/3934 3840/4288 3668/4289
f 1958/4287 1959/4290 1952/3933
f 3840/4288 3834/3934 3841/4291
f 1715/3931 1714/3929 1955/4162
f 3667/3932 3837/4163 3666/3930
f 1955/4162 1956/4160 1715/3931
f 3837/4163 3667/3932 3838/4161
f 1955/4162 1953/3935 1716/4286
f 3837/4163 3668/4289 3835/3936
f 1716/4286 1956/4160 1955/4162
f 3668/4289 3837/4163 3838/4161
f 1954/3939 1956/4160 1716/4286
f 3836/3940 3668/4289 3838/4161
f 1716/4286 1952/3933 1954/3939
f 3668/4289 3836/3940 3834/3934
f 1702/3905 1701/3903 1952/3933
f 3654/3906 3834/3934 3653/3904
f 1952/3933 1959/4290 1702/3905
f 3834/3934 3654/3906 3841/4291
f 1716/4286 1953/3935 1957/4284
f 3668/4289 3839/4285 3835/3936
f 1957/4284 1958/4287 1716/4286
f 3839/4285 3668/4289 3840/4288
f 1704/3907 1958/4287 1957/4284
f 3656/3909 3839/4285 3840/4288
f 1957/4284 1703/3908 1704/3907
f 3839/4285 3656/3909 3655/3910
f 1958/4287 1704/3907 1702/3905
f 3840/4288 3654/3906 3656/3909
f 1702/3905 1959/4290 1958/4287
f 3654/3906 3840/4288 3841/4291
f 1717/3937 1692/3886 1693/3885
f 3669/3938 3645/3888 3644/3887
f 1693/3885 1954/3939 1717/3937
f 3645/3888 3669/3938 3836/3940
f 1960/3941 1955/4162 1714/3929
f 3842/3942 3666/3930 3837/4163
f 1714/3929 1713/3927 1960/3941
f 3666/3930 3842/3942 3665/3928
f 1960/3941 1711/3923 1710/3921
f 3842/3942 3662/3922 3663/3924
f 1710/3921 1709/3919 1960/3941
f 3662/3922 3842/3942 3661/3920
f 1960/3941 1713/3927 1712/3925
f 3842/3942 3664/3926 3665/3928
f 1712/3925 1711/3923 1960/3941
f 3664/3926 3842/3942 3663/3924
f 1107/2419 1105/2412 1106/2416
f 3065/2420 3064/2418 3063/2413
f 1106/2416 506/1017 1107/2419
f 3064/2418 3065/2420 2471/1018
f 1964/2125 473/941 474/940
f 3844/2128 2439/943 2438/942
f 474/940 1963/4292 1964/2125
f 2439/943 3844/2128 3843/4293
f 1963/4292 474/940 731/1509
f 3843/4293 2695/1510 2439/943
f 731/1509 1965/4294 1963/4292
f 2695/1510 3843/4293 3845/4295
f 1967/945 1966/4296 1961/2126
f 3846/949 1961/2127 1966/4297
f 1961/2126 1964/2125 1967/945
f 1961/2127 3846/949 3844/2128
f 1965/4294 731/1509 25/2124
f 3845/4295 25/2124 2695/1510
f 25/2124 1962/4298 1965/4294
f 25/2124 3845/4295 1962/4298
f 1967/945 1964/2125 1963/4292
f 3846/949 3843/4293 3844/2128
f 1963/4292 1969/946 1967/945
f 3843/4293 3846/949 3847/948
f 1969/946 1963/4292 1965/4294
f 3847/948 3845/4295 3843/4293
f 1965/4294 1970/1511 1969/946
f 3845/4295 3847/948 3848/1512
f 1970/1511 1965/4294 1962/4298
f 3848/1512 1962/4298 3845/4295
f 1962/4298 1968/2129 1970/1511
f 1962/4298 3848/1512 1968/2129
f 475/944 26/2432 1966/4296
f 2440/947 1966/4297 26/2433
f 1966/4296 1967/945 475/944
f 1966/4297 2440/947 3846/949
f 1973/1156 563/3992 562/3996
f 3851/1160 2527/3997 2528/3993
f 562/3996 1972/1157 1973/1156
f 2527/3997 3851/1160 3850/1159
f 853/4299 852/4300 1974/1818
f 2817/3959 3852/1819 2816/4301
f 1974/1818 1975/1816 853/4299
f 3852/1819 2817/3959 3853/1817
f 857/3965 856/4302 1976/1826
f 2821/3969 3854/1827 2820/4303
f 1976/1826 1977/1824 857/3965
f 3854/1827 2821/3969 3855/1825
f 860/2773 859/2739 1978/1834
f 2824/2774 3856/1835 2823/2742
f 1978/1834 1979/1830 860/2773
f 3856/1835 2824/2774 3857/1832
f 1981/1842 866/3973 865/3972
f 3859/1843 2829/3975 2830/3977
f 865/3972 1980/1844 1981/1842
f 2829/3975 3859/1843 3858/1845
f 1976/1826 856/4302 1130/4304
f 3854/1827 3088/3958 2820/4303
f 1130/4304 1982/2497 1976/1826
f 3088/3958 3854/1827 3860/2498
f 865/3972 1131/3966 1983/2499
f 2829/3975 3861/2500 3089/3968
f 1983/2499 1980/1844 865/3972
f 3861/2500 2829/3975 3858/1845
f 1974/1818 852/4300 1132/2815
f 3852/1819 3090/2817 2816/4301
f 1132/2815 1984/2501 1974/1818
f 3090/2817 3852/1819 3862/2502
f 1209/4305 1208/3986 1985/2737
f 3162/4038 3863/2738 3161/3989
f 1985/2737 1986/2735 1209/4305
f 3863/2738 3162/4038 3864/2736
f 1210/3978 858/1828 1978/1834
f 3163/3980 3856/1835 2822/1831
f 1978/1834 1987/2741 1210/3978
f 3856/1835 3163/3980 3865/2743
f 1989/2754 1933/4256 1932/4254
f 3867/2758 3814/4255 3815/4257
f 1932/4254 2000/2755 1989/2754
f 3814/4255 3867/2758 3878/2757
f 1991/2762 845/1799 846/1798
f 3869/2766 2810/1800 2809/1801
f 846/1798 1990/2763 1991/2762
f 2810/1800 3869/2766 3868/2765
f 1238/3982 866/3973 1981/1842
f 3191/3985 3859/1843 2830/3977
f 1981/1842 1992/2812 1238/3982
f 3859/1843 3191/3985 3870/2813
f 817/1718 818/1717 1984/2501
f 2781/1720 3862/2502 2782/1721
f 1984/2501 1993/2814 817/1718
f 3862/2502 2781/1720 3871/2816
f 1130/4304 853/4299 1975/1816
f 3088/3958 3853/1817 2817/3959
f 1975/1816 1982/2497 1130/4304
f 3853/1817 3088/3958 3860/2498
f 1131/3966 857/3965 1977/1824
f 3089/3968 3855/1825 2821/3969
f 1977/1824 1983/2499 1131/3966
f 3855/1825 3089/3968 3861/2500
f 1985/2737 1208/3986 1238/3982
f 3863/2738 3191/3985 3161/3989
f 1238/3982 1992/2812 1985/2737
f 3191/3985 3863/2738 3870/2813
f 1972/1157 562/3996 1720/4306
f 3850/1159 3672/4307 2527/3997
f 1720/4306 1994/3990 1972/1157
f 3672/4307 3850/1159 3872/3991
f 560/1155 817/1718 1993/2814
f 2525/1158 3871/2816 2781/1720
f 1993/2814 1973/1156 560/1155
f 3871/2816 2525/1158 3851/1160
f 1990/2763 846/1798 559/1149
f 3868/2765 2524/1151 2810/1800
f 559/1149 1995/4002 1990/2763
f 2524/1151 3868/2765 3873/4003
f 1991/2762 1218/2761 1722/4011
f 3869/2766 3674/4012 3171/2764
f 1722/4011 1996/4006 1991/2762
f 3674/4012 3869/2766 3874/4007
f 1932/4254 842/1787 1996/4006
f 3814/4255 3874/4007 2806/1791
f 1996/4006 2000/2755 1932/4254
f 3874/4007 3814/4255 3878/2757
f 379/4029 1210/4028 1987/4019
f 2346/4031 3865/2743 3163/3980
f 1987/4019 1971/4016 379/4029
f 3865/2743 2346/4031 3849/4017
f 1935/4260 1220/1788 1997/4026
f 3817/4261 3875/4027 3173/1790
f 1997/4026 1999/4022 1935/4260
f 3875/4027 3817/4261 3877/4024
f 861/1829 1209/4305 1986/2735
f 2825/1833 3864/2736 3162/4038
f 1986/2735 1979/1830 861/1829
f 3864/2736 2825/1833 3857/1832
f 1995/4002 559/1149 1930/2750
f 3873/4003 3812/2751 2524/1151
f 1930/2750 1988/4042 1995/4002
f 3812/2751 3873/4003 3866/4043
f 1998/4252 1215/4047 1214/4044
f 3876/4253 3167/4045 3168/4308
f 1214/4044 1988/4042 1998/4252
f 3167/4045 3876/4253 3866/4043
f 1994/3990 1720/4306 1215/4047
f 3872/3991 3168/4308 3672/4307
f 1215/4047 1998/4252 1994/3990
f 3168/4308 3872/3991 3876/4253
f 1989/2754 1216/2753 1723/4020
f 3867/2758 3675/4023 3169/2756
f 1723/4020 1997/4026 1989/2754
f 3675/4023 3867/2758 3875/4027
f 1934/4015 1935/4260 1999/4022
f 3816/4258 3877/4024 3817/4261
f 1999/4022 1971/4016 1934/4015
f 3877/4024 3816/4258 3849/4259
f 1724/4050 1729/4064 2002/4062
f 3676/4053 3880/4063 3681/4065
f 2002/4062 2001/4051 1724/4050
f 3880/4063 3676/4053 3879/4052
f 1735/4079 1741/4091 1742/4093
f 3687/4082 3693/4095 3692/4092
f 1742/4093 1738/4085 1735/4079
f 3693/4095 3687/4082 3690/4086
f 1860/4094 1742/4093 2003/4096
f 1860/4094 3881/4097 3693/4095
f 2003/4096 2004/4309 1860/4094
f 3881/4097 1860/4094 2004/4309
f 1740/4088 2004/4309 2003/4096
f 1740/4088 3881/4097 2004/4309
f 2003/4096 1739/4089 1740/4088
f 3881/4097 1740/4088 3691/4090
f 2006/1286 1252/2856 1257/2865
f 3883/1290 3209/2868 3204/2858
f 1257/2865 2005/1287 2006/1286
f 3209/2868 3883/1290 3882/1289
f 2006/1286 624/1285 1254/2859
f 3883/1290 3206/2860 2588/1288
f 1254/2859 1252/2856 2006/1286
f 3206/2860 3883/1290 3204/2858
f 2007/2866 1257/2865 1252/2856
f 3884/2867 3204/2858 3209/2868
f 1252/2856 2008/2905 2007/2866
f 3204/2858 3884/2867 3885/2906
f 670/1382 671/1381 2009/2495
f 2634/1386 3886/2496 2635/1384
f 2009/2495 2010/2491 670/1382
f 3886/2496 2634/1386 3887/2493
f 808/1690 809/1694 2012/2907
f 2772/1692 3889/2908 2773/1695
f 2012/2907 2011/2849 808/1690
f 3889/2908 2772/1692 3888/2850
f 1090/2381 1096/2393 1089/2377
f 3048/2382 3047/2380 3054/2394
f 1083/2365 1100/2401 1090/2381
f 3041/2368 3048/2382 3058/2402
f 1093/2387 1082/2366 1083/2365
f 3051/2388 3041/2368 3040/2367
f 1090/2381 1093/2387 1083/2365
f 3048/2382 3041/2368 3051/2388
f 1082/2366 1093/2387 1091/2384
f 3040/2367 3049/2386 3051/2388
f 1095/2389 1082/2366 1094/2390
f 3053/2392 3052/2391 3040/2367
f 1094/2390 1082/2366 1091/2384
f 3052/2391 3049/2386 3040/2367
f 1087/2373 1090/2381 1098/2397
f 3045/2375 3056/2398 3048/2382
f 1084/2369 1098/2397 1100/2401
f 3042/2370 3058/2402 3056/2398
f 1100/2401 1099/2399 1085/2371
f 3058/2402 3043/2372 3057/2400
f 1086/2374 1087/2373 1098/2397
f 3044/2376 3056/2398 3045/2375
f 1096/2393 1088/2378 1089/2377
f 3054/2394 3047/2380 3046/2379
f 1087/2373 1096/2393 1090/2381
f 3045/2375 3048/2382 3054/2394
f 1100/2401 1098/2397 1090/2381
f 3058/2402 3048/2382 3056/2398
f 1100/2401 1085/2371 1084/2369
f 3058/2402 3042/2370 3043/2372
f 2462/1034 2463/1033 2457/4310
f 2462/1034 2457/4310 2456/2131
